chapter_number,cover_page,in_depth_summary,error
1,"Color Spread: Luffy, Nami, and the Red Hair Pirates party in a hoard of treasure, seagulls flying overhead and Shanks' Jolly Roger proudly flying in the background.","A man is handcuffed and in front of him there are two other men with swords, crossing into an ""X"". There was once a man who took everything in the world: wealth, fame and power, known as Pirate King Gold Roger. The pirate's last words drove people throughout the world to the sea. Roger announces that if someone wants his treasure, they can have it, saying that he left everything ""there"". Roger is executed, and the entire crowd, including a man with a pirate symbol on his hand, is cheering. The world has entered the Golden Age of Piracy.

In a small seaport village, a pirate ship landed almost one year ago. The east wind blows. It is a small peaceful village. A boy is standing on the ship's figurehead, and a man asks him what he is doing. The child's full name is revealed to be Monkey D. Luffy. He has a knife in his left hand, and he is wearing a shirt with ""ANCHOR"" written on it. He announces that he is not joking this time as he had enough, and he decides to prove it for everyone. The man is wearing a straw hat and he tells Luffy to go for it to see what he is going to do. Another man claims that the kid is going to do something funny again. The child stabs himself with the knife right under his eye, screaming in pain. All the pirates are surprised because of this. The first man shouts asking Luffy what he is doing.

In the village, the pirates and the boy have gathered in the Partys Bar. A pirate proposes to drink and celebrate to Luffy's craziness and to their greatness. Inside the bar, all the men are drinking and eating. A fat man is drinking straight from a barrel of beer, and a monkey can be seen dancing in the background. One of the pirates laughs and tells everyone to drink. Another man asks to bring him more sake. Two other men are fighting over a piece of meat. The first one calls the other one an idiot and claims that it is his meat. The second one tells the first to shut up claiming that it's his. A third man tells both of them to stop because it is shameful to fight while they are drunk.

Luffy is now patched up, but he is almost crying, claiming that it did not hurt. The man with the straw hat calls him a liar and tells him to not do something so stupid again. Luffy boasts that he is not afraid of pain and asks the man to bring him to the sea next time because he also wants to be a pirate. The man claims that Luffy is not ready to be a pirate, explaining that not being able to swim is a pirate's greatest weakness. The man is revealed to be the pirate leader called ""Red-Haired Shanks"". Luffy boasts that he will be fine as long as he stays on board and that his fighting is good, saying that he has trained and his punch is as strong as pistol fire. Shanks doubts Luffy's latter claim in a bored tone, and Luffy gets angry at Shanks because of his tone.

Many of the pirates are standing in a line, dancing with the fat man from before in the middle. A man on his left is wearing a kerchief with ""Yasopp"" written on it. One of the men observes that Luffy is unhappy. Another tells him to be happy to face anything. Another affirms that the life of a pirate is great. Another tells him that the sea is very wide, so he can go to any island and adventure. Another claims that nothing is greater than freedom. Luffy is fascinated with the pirates' words. Shanks requests that the men do not give the boy dumb ideas. The fat man argues that it is the truth. Another man confirms. Another pirate suggests to the captain that they take the child one time, since it is not a big deal. Another man and Luffy agree. Shanks orders that next time one of his subordinates shall get off the ship and let the boy replace him. Hearing this, the men turn away, while one of them comments that they said enough and that they should drink. Luffy gets angry and asks the group what kind of friends they are.

Shanks claims that the most important thing is that the child is still too young and that he will reconsider taking him in ten years. Luffy boasts that he is a man. Shanks calms him down and gives him a glass of juice, and Luffy happily accepts and drinks it. Shanks starts laughing to the point of tears, proving that Luffy is still a kid. Luffy is angry at the trick.

Luffy becomes depressed that Shanks does not let him join the crew despite the fact that he cut himself today. The bartender can be seen in the background. A smoking man tries to explain to Luffy that he should try to understand the captain's feelings since he is their leader. The man continues and says that the captain knows that the life of a pirate is interesting, but it is also very dangerous. A wanted poster of Mikio Itoo can be seen in the background on a wall. The man claims that his captain does not purposely tease the boy's ambition of becoming a pirate. Luffy thinks Shanks is not taking him serious, which Shanks proves by mocking him again.

The bartender observes that Shanks is very happy. Shanks replies that making fun of the boy is his joy. Luffy suggests again to the smoking man that the captain is not taking him seriously. The bartender's name is revealed to be Makino. She holds a barrel of beer and asks the kid if he wants to eat. Luffy claims that he will pay with his treasure. Shanks doubts the existence of Luffy's treasure and calls him a liar. The boy denies, saying that he will become a pirate and pay her with the treasure he finds. Makino replies that she will be waiting, and the kid starts laughing. Luffy is waiting with a fork and knife in his hands.

Finally, Makino brings Luffy and Shanks their meals. As the boy is struggling to bite in a big piece of meat, he raises the question of how long the crew will be staying. Shanks comments that it has been almost a year since they have made the town their base, so he is thinking of taking a few more trips and then leave and head north. Luffy manages to bite in his piece of meat. Luffy is thinking for a moment, and Makino looks at him, almost feeling sorry for the child. As the bartender is washing some dishes, Luffy boasts that he will learn how to swim by then, and Shanks wishes him good luck.

Suddenly, a man kicks down one of the doors of the bar. The whole place goes silent. The man enters the bar along with a group behind him and excuses himself. He observes the group partying, and mentions that it is his first time seeing pirates, remaining unimpressed. The fat man and the smoking man are unfazed by this sudden appearance. Meanwhile, Luffy is eating a strange fruit and is confused. The strange man walks towards the bartender, as Shanks is sitting nearby and holding a bottle of sake. The men behind him are all wearing similar looking outfits. He claims that they are bandits and that they are not there to cause trouble, since they only want to buy ten barrels of sake. The man is revealed to be the leader of the bandits, called Higuma. However, Makino tells the bandit that the bar is out of alcohol. The man looks back toward the pirates, thinking it is strange, and asks what are the other men drinking. He sarcastically asks if it is water. The bartender confirms that the pirates are drinking sake, but that is all which is left. Shanks is sorry for the man because his group drank all the alcohol, so he offers him the last bottle that he was holding earlier. Higuma looks displeased, so he smashes the bottle, breaking it into pieces and spilling the sake on the red-haired man. Luffy gets down from his seat that was near Shanks. Makino is frightened at the situation, while the bandits are amused. The smoking man is unfazed, and the boy is surprised. The bandit leader is unsatisfied of one bottle and asks the pirate if he is unaware of the bandit's reputation. The red-haired man is upset that the floor is all wet. Higuma brings out his wanted poster of 8,000,000, claiming that he is one of the prime fugitives there, since he killed 56 people and tells Shanks to not mess with him again because mountain bandits and pirates do not have good relationships. The red-haired pirate ignores the bandit, picks up a large piece of the bottle from the ground, tells Makino that he is sorry for the mess and asks her for a mop, saying that he will clean. Higuma takes out his sword and cuts the table along with the plates on it, saying that since the red-haired man enjoys cleaning, he can now enjoy it more. Convinced that Shanks is a coward, Higuma leaves the bar. Outside, two citizens are seen hiding behind a building. Convinced that the town is pathetic, since it does not even have alcohol, the bandit leader decides to go to the next town.

Afterwards, as Makino tries to see if the red-haired man is hurt, Shanks and his crew laugh at his humiliation. The fat man thinks that the captain looked very silly. Angered by their attitude, Luffy asks the group why they are laughing, since the situation was very disgraceful. The kid thinks they should have fought the bandits, despite the fact that they had more people. The boy thinks that someone that laughs after getting picked on is not a man, nor a pirate. Shanks tells Luffy that he understands his feelings, but there is no reason to get worked up over a bottle of alcohol. As Luffy turns to go away, Shanks grabs his arm to stop him and tells him to stay. However, the boy tells him that he doesn't want to see him again, since he is a coward. As the kid moves away, his arm stretches, to everyone's surprise, including the kerchief man. The fat man looks into a box, and everyone is surprised, saying that the Gomu Gomu no Mi that they got from an enemy ship is not there. The fat man is sweating and shows Luffy a drawing of the fruit he was eating earlier, and asks him if he ate that. Luffy affirms, asking if that was not dessert, although it tasted badly. Shanks goes in front of the boy and explains that that was the Gomu Gomu no Mi, one of the devil fruits and one of the rarest treasures in the sea, that anyone who eats it turns into a rubber human and will never be able to swim. Luffy is surprised and Shanks calls him an idiot.

Later, Luffy visits UO to buy some fish. The storekeeper and his wife are happy to see the boy. The store owner says that he looks happy, asks him if the pirates left him behind again and mentions that the kid cannot swim anymore. Luffy claims that he is going to be a pirate that doesn't fall into the sea. The boy stretches his cheeks, making them look like a big smile and he claims that he became happier after eating the Gomu Gomu no Mi. An old man asks what is so good about having a rubber body. He complains that everyone in the town thinks that Luffy's new ability is cool, but he does not understand the usefulness of it. The boy calls him the chief. The old man is standing on a crane, and tries to persuade the kid to not become a pirate since it would ruin the town's reputation. He insists that despite the fact that the captain looks like a reasonable person, Luffy should not hang around him anymore.

Later, the doors at the Partys Bar are fixed. The boy and Makino are staying there alone, while the bartender is cleaning a glass. Makino mentions that the pirates have been out for a while and asks him if he misses them. Luffy replies that he does not because he has not forgiven them for the bandit incident yet. As the boy is playing with a glass that only contains a few cubes of ice, he claims that he overestimated Shanks. Luffy thought that the red-haired man was a tough pirate, so he is disappointed. Makino thinks that people that can stand up after getting picked on are brave. The boy tells her that she does not understand, since there are times when men must fight back, so the bartender confirms that she does not understand, and Luffy affirms again. Suddenly, a man enters the bar and excuses himself. Luffy is surprised, the man is revealed to be Higuma and he enters the bar along with his group of bandits. He observes that the pirates are not there, so the bar is quiet. The entire group sit at the tables, while the boy and the girl keep looking at them. The bandit leader asks her what is she waiting for, saying that there are customers and orders her to bring them sake.

Soon afterward, Makino rushes through the village to find the Mayor because Luffy has gotten himself into a hostage situation with Higuma after the bandit said something that angered him. As Makino and the Mayor return to reason with the bandit, the bandit states that it is already too late because Luffy is going to die. As Higuma raises his sword to kill Luffy, Shanks and his crew reappear. Higuma and his men tell them that it is none of their business.

As Shanks walks forward, one of the bandits points a gun at Shanks, only to be shot by Lucky Roux. Shanks tells Higuma that he will not allow him to hurt a friend of his and get away with it. Higuma, unfazed by his speech, sends the rest of the crew after him. Beckman decides to step in and single-handedly takes out the entire gang of bandits, leaving Higuma alone. Realizing he cannot win, Higuma drops a smoke bomb and takes Luffy away. As the smoke clears, Shanks realizes Luffy is gone and panics.

Out at sea, Higuma and Luffy stand in a boat. Higuma decides it is time to lose Luffy and kicks him into the water. Angry that he could not do anything to Higuma, Luffy struggles in the water as a Sea King appears. The Sea King eats Higuma, who is unable to do anything to defend himself, before turning toward Luffy. Moments before Luffy is eaten, Shanks saves his life and scares away the Sea King with a stare. When the Sea King is gone, Luffy begins crying upon realizing Shanks has lost his left arm in saving his life.

Finally, Luffy realizes he is too young to sail out to sea and become a pirate, as well as what a great man Shanks is. Later at the docks, Luffy says goodbye to Shanks and his crew and admits he is sad that they are leaving, but is not worried about going with them because he has decided he will become a pirate on his own. This leads to Shanks stating that he did not want him on his crew in the first place before claiming that there is no way Luffy can become a pirate. Luffy angrily proclaims he will become a pirate, gather a crew strong enough to beat Shanks', find the world's greatest treasure, and become the Pirate King no matter what. Happy about Luffy's decision, Shanks gives him his straw hat and tells Luffy to give it back when he has become a great pirate. Honored by Shanks's gesture, Luffy cries. As Shanks boards his ship to leave, Beckman comments on how Luffy will become big. Shanks admits that he knows Luffy will because he reminds him of himself when he was young.

Ten years later, the villagers see Luffy off. Makino says she'll miss him. The mayor notes that he'll bring shame to the village should he become a pirate. On the sea, Luffy says that it's a good day to set sail. Suddenly, the local sea monster appears from the water. Luffy defeats it using his perfected attack, the Gomu Gomu no Pistol. Luffy then plans to himself to form a crew of about 10 men, get a pirate flag, and become the Pirate King, thus beginning his journey of acquiring Roger's treasure.",
2,"Animal Theater: Luffy stands among a flock of striped ostriches, his own pirate flag towering above.","Luffy sets off in a dinghy to form his own pirate crew; however, no sooner had he left than he ran into his first problem - a whirlpool.

Meanwhile, on a remote island, as Alvida is inspecting her ship, she clobbers one of her crew for leaving dust on the deck and asks Koby ""Who is the most beautiful in all the sea?"" The boy fearfully replies that she is. She comments on how Koby is only allowed to stay because he knows more about navigation than all the others do and how useless he is at everything else. She then orders Koby to clean her shoes.

Sad and upset, Koby pushes a barrel he found into Alvida's hideout. Upon approach, three of Alvida's crew (Heppoko, Peppoko, and Poppoko) stop him and take the barrel, bullying him into being silent about the fact that they are going to drink the wine inside it without Alvida knowing. Suddenly, Luffy bursts out of the barrel and shocks everyone. Before they can get their answer as to why he popped out, Alvida sends her club flying into the hideout. Koby and Luffy flee; meanwhile Alvida accuses her crew of slacking off because she heard someone call ""Aw! What a nice nap!"" They explain it was not them, but an intruder instead. Alvida fears the famous bounty hunter Roronoa Zoro is here to claim her bounty.

Elsewhere, Koby has dragged Luffy to safety away from Alvida. He shows him his boat that he made over the last 2 years in an attempt to escape from her and explains how he got into his situation. Luffy comments on how wimpy Koby is. Luffy tells Koby his dream to become Pirate King. Koby cannot believe Luffy is prepared to die for his dream and Luffy hits Koby because he does not like his wimpy outlook. Koby admires Luffy's outlook on life. Koby then reveals his desires to become a Marine and catch bad guys. He boasts he would rather die trying to escape to join them than spend the rest of his life at Alvida's side.

Just then, Alvida appears and destroys his boat. Alvida accuses Koby of hiring someone to kill her. When she asks him who the most beautiful woman is, Luffy interferes and outwardly states Alvida is an ugly old hag. Koby, inspired by Luffy, tells Alvida straight what he thinks of her. Alvida strikes Koby in anger, but Luffy gets between her and Koby, taking the full force of Alvida's club; to the shock of everyone, he survives. With one punch of his ""Gomu Gomu no Pistol"", Luffy knocks Alvida out and orders her crew to fetch Koby a boat and to stay out of his way.

Sometime later, Luffy and Koby are seen sailing out to sea by themselves. Koby tells Luffy more about Zoro, the bounty hunter Alvida mentioned. Luffy decides that he wants to try to recruit Zoro and they head off.",
3,Animal Theater: Luffy rides a fierce polka-dotted shark across the sea.,"Out at sea, Koby and Luffy are discussing Luffy's decision to recruit Zoro. Sometime later, they arrive at the Marine base Zoro is being held at. Luffy is surprised that they actually arrived, and Koby points out that these are the basics of navigation. Koby points out that Luffy can not just float around out at sea and that he must find a navigator soon. Luffy then says they should go eat.

At a restaurant, when Koby and Luffy discuss parting ways, Luffy mentions Zoro's name with shocking results from the other customers. When Koby mentions the name of the Marine in charge of the base, Morgan, the same effect occurs. In the street Koby comments on the reactions for the villagers here in the town, understanding why they reacted out of fear for Zoro due to his reputation, but not Morgan's name.

At the Marine base, after Luffy climbs up the wall to see Zoro, he climbs up another part of the wall to get a better view of someone he saw in the base. Koby also climbs up, but falls down again out of fear after sighting Zoro. Zoro offers the two the head of a bounty carrier if they will free him due to him going without food for 9 days.

As they talk with Zoro, Rika suddenly appears next to them as she climbs using a ladder, hushing them to be quiet. Rika climbs over the wall; Koby beckons her to come back as she walks towards Zoro. She offers him some onigiri since he has not eaten in several days. Zoro refuses and tells her to go away.

Just then, Morgan's son, Helmeppo, appears with a few Marines and starts mocking Zoro. He snatches the rice balls from Rika and eats one of them. However, he soon spits it out due to the fact she made them using sugar instead of salt. He knocks them to the ground and stomps on them, much to Koby's shock at seeing someone affiliated with the Marines do such a cruel thing. She cries, lamenting on how she worked hard to make them. Helmeppo then points out the law made by his father, which states that anyone who assists a prisoner will also be found guilty of the crimes the prisoner has committed. Helmeppo says that since she is a child, she will be let off the hook. He then orders one of the Marines to toss her over the wall. When he refuses, he reminds them who his father is and the Marine throws her over the wall, forcing Luffy to catch her. Helmeppo continues to mock Zoro, but Zoro remains strong about his situation.

After Helmeppo is gone, Luffy talks to Zoro about joining his crew. Zoro states that he will not join a pirate crew and become a criminal as he has his own dream to follow. After they finish talking, Zoro asks Luffy to give him the rice balls to eat despite the state they are now in. He then tells Luffy to tell Rika that he ate them all and that they were tasty.

Later, Luffy explains how Zoro ate the rice balls and enjoyed them to Rika. Koby is surprised at how considerate Zoro was, despite the reputation he holds. She explains that Zoro is not a bad person and that he was arrested for killing Helmeppo's pet wolf, Soro, while defending her from him, as Soro was running wild, terrorizing the town at the time. As Rika finishes explaining the story, Helmeppo appears bragging about going back on his promise to Zoro and says that he plans on having him killed in three days. Luffy hits him out of anger and after Helmeppo runs away, Luffy decides Zoro is joining his crew.",
4,,"Helmeppo is angry at Luffy for hitting him. Koby can barely hold Luffy back and the townsfolk are in awe at Luffy's actions. Helmeppo is dragged away by two Marines, claiming Luffy will die for hitting him. Rika is pulled away by Ririka, her mother, but Rika defends Luffy and Zoro as good men. Luffy tells Koby he is going to speak to Zoro again.

Back at the Marine base, one of the Marines reports to Morgan that the amount of offering from the townsfolk is decreasing. Morgan is unable to accept that they are poor, seeing it as a sign that the townsfolk are disrespecting him. Just then, Helmeppo bursts in and tells his father that he wants someone killed.

Luffy arrives to talk to Zoro about him joining his crew. He makes a deal with Zoro without his consent that if he gets him his swords, he must join his crew.

On the roof, a statue of Morgan is being raised. Helmeppo is still demanding that Morgan kill Luffy; however, he is hit for giving Morgan an order. Morgan mentions that he heard a little girl snuck into the base earlier. He orders Lieutenant Junior Grade Rokkaku to go find and kill her for disrespecting him. When the Marine refuses, he is hit. Morgan then claims he will do it himself, and gives the order to raise the statue.

On ground level, while Luffy is trying to find a Marine to get Zoro's swords, he hears someone on the roof. On the roof, Seaman Recruit Ukkari knocks the statue against part of the building on the roof. Luffy launches himself up onto the roof via ""Gomu Gomu no Rocket"". As the Marine is about to be punished for knocking the statue, Luffy flies by, grabbing some of the ropes on the statue because he has taken off into the air too fast. To the horror of everyone there, the statue breaks.

Morgan suddenly bursts out Luffy's death sentence and Helmeppo points out that Luffy was the one he wanted his father to kill in the first place. Then Luffy drags Helmeppo into the base building to find Zoro's swords, while one of the Marines spots Koby untying Zoro. Morgan becomes paranoid because he thinks the townsfolk are turning on him. Koby reveals to Zoro his desire to become a Marine who is just, as well as Luffy's dream of becoming Pirate King. While Zoro shows surprise for Luffy's ambition, Koby is suddenly shot. This causes Zoro to threateningly glance at the roof of the Marine base.",
5,"Animal Theater: Luffy and Zoro share drinks with some friendly dolphins; Luffy, having already finished his, tries to siphon some more out of a dolphin's glass.","Luffy is busy dragging Helmeppo through the base, trying to find Zoro's sword. After dragging Helmeppo for a while, Luffy asks Helmeppo where Zoro's sword is and he tells Luffy Zoro's arsenal is in his room. Luffy decides to use Helmeppo as a human shield, leaving some pursuing Marines in a position where they cannot do anything.

Meanwhile, Koby realizes that he has been shot and that he had started bleeding. Zoro tells Koby to run, but Koby will not go until Zoro is untied. He tells Zoro that Helmeppo never planned to keep his word. Zoro cannot believe what he is hearing, and Koby tells Zoro how Luffy punched Helmeppo because of what they overheard him say. Koby asks Zoro to help Luffy. Suddenly, some Marines approach Zoro and Koby and declare them traitors.

Elsewhere, Luffy has found swords in Helmeppo's room, but does not know which one is Zoro's. Luffy suddenly spots what is going on down on the ground outside the window of the Marine base. Zoro and Koby are in trouble and Morgan wants them dead. Zoro, aware that he may die, begins a flashback to his days as a young boy and his reasons for becoming who he is.

A young Zoro was in a training dojo on the ground after a defeat against Kuina. Kuina was mocking him for failing to win against her (for the 2000th time) even after he used two swords. Zoro's friends stuck up for him when he was called weak, as Kuina stated even though he could stand up to the adults, it was no good if he still could not beat her. The others accused her for showing off because she was the dojo master's daughter. As the sensei entered the room, the other trainee swordsmen (save Zoro himself) accused him of giving her special training because she was able to beat Zoro. The sensei just stated that Kuina was older.

Later that night, a frustrated Zoro challenged Kuina to fight him with real katana. Kuina accepted Zoro's challenge. With one strike, Zoro lost and Kuina claimed her 2001st victory against him. After the duel was over, Kuina broke down in tears. She told Zoro her woe about being a girl: as she gets older, she will fall behind him due to the fact girls do not acquire the strength guys do. Kuina said that she wished she had been born a boy, but Zoro got angry at her, saying that she did not have the right to complain after she beat him. Zoro went further by saying that it was an insult to all the hard work he'd been doing. The two then made an agreement; one of them will become the greatest swordsman in the world.

Disaster hit the next day as Zoro was informed of the worst; Kuina had fallen down the stairs and died. Upset, Zoro called to her body lying lifeless, its face covered with a cloth, accusing her of running away. Zoro asked the sensei to give Zoro her sword; he will become the world's greatest swordsman on her behalf.

Back in the present, Zoro faces death. As the Marines fire, Luffy jumps in front of them and the bullets hit him instead. The bullets then bounce off Luffy to the disbelief of everyone watching. Luffy brings the three swords he had found in Helmeppo's room, claiming he did not know which one was Zoro's. The swordsman then explains he uses three swords. Zoro accepts Luffy's offer to join his crew because he would rather become a criminal than die.",
6,,"Morgan tells his men that Luffy must have eaten a Devil Fruit and that he is not a normal human. Realizing guns will not work; the Marines attack Luffy while he is trying to untie Zoro. Koby awakens after fainting when Luffy was shot at to see the Marines charging at Zoro and Luffy. Luffy manages to untie Zoro and hands him his swords.

After freeing himself, all the charging Marines find their swords are locked by Zoro's three swords. Zoro threatens to kill anyone who moves and the Marines cry with fear. Zoro tells Luffy he has already declared he will join him after this, as the Marines will declare him a criminal either way. He lays down the conditions for him to join Luffy, warning him that his plans have better not interfere with his own dream of becoming the greatest swordsman.

Morgan calls out to his men to fight them and Luffy tells Zoro to duck. Luffy knocks all the Marines who currently have their swords locked against Zoro's swords. The Marines complain that they cannot defeat the pair. Morgan orders his men to hold their guns to their heads for disobeying him. Luffy proclaims that he is the Marines' worst enemy and dares Morgan to attack him. The fight presumes, and Morgan cuts a fence in half with his axe-hand.

Morgan proves to have high endurance as neither man manages to knock the other to the ground. As Morgan is knocked around by Luffy, Helmeppo holds a gun to Koby's head and threatens to kill him. Koby tells Luffy to continue, but Luffy ignores him and lands a punch on Helmeppo. Morgan takes advantage of this to attack Luffy, but is defeated by Zoro.",
7,"Color Cover: Luffy paints a Jolly Roger on a bear (and a perching bluebird) while Zoro sleeps nearby.
According to Eiichiro Oda's note in Color Walk 1, Luffy is actually trying to paint a portrait of Zoro; only his ""terrible artistic sense"" causes it to appear as skull and crossbones.","Morgan has been defeated; however, the Marines working for him would rather celebrate than worry about his loss. Due to his fatigue, Zoro finally collapses.

Back at Rika's home, Zoro is eating after going for nine days without food. Zoro asks Luffy what his plans are. Luffy states he wants to go to the Grand Line to find One Piece. Zoro questions why Koby is worried since he is not going with them. He replies that it is because they are friends. Zoro points out to Koby that his past with Alvida makes joining the Marines difficult as he has association with pirates.

Just then, the Marines enter the building demanding to know if Luffy and Zoro are pirates. After the pair confirms that they are, they are told as pirates the Marines are grateful for their help, but they cannot stay in town and must leave; however, the Marines will not be reporting the whole event to Marine Headquarters. Luffy and Zoro thank Rika's mother for the food.

Koby is left standing there alone and the Marines question whether he is with the pirates. Koby claims otherwise. As Luffy is asked if he knows Koby, Luffy goes on about how Koby used to be with Alvida. Angry that Luffy is telling the Marines what he does not want them to know, he hits him. With everyone watching in awe, Luffy begins to punch Koby for hitting him. After the Marines stop Luffy from fighting, Koby is declared not to be with the pirates. Luffy and Zoro are ordered to leave.

Lying on the ground, Koby brings his nerves together and declares he wants to join the Marines, even if it is just to do chores. The Marine in charge of the scene asks Koby if he really wants to join, the Marine acknowledges his past with pirates and agrees that Koby can join.

On the outskirts of the town, Zoro and Luffy are leaving. Koby suddenly catches their attention. Koby salutes the pirates; suddenly he becomes aware that the other Marines are also saluting them. As the two sail away in a small boat, the Marine in charge declares that they violated the Marine code of conduct and now must go one week without food, but not before commenting to Koby on how he has a good friend in Luffy.",
8,"Animal Theater: Luffy and Zoro on a ship ""crewed"" by panda-like birds (all of whom have taken to imitating Luffy).","Zoro and Luffy are lost, starving at sea due to the fact that neither of them has any navigation skills. They are talking about how Zoro survives on the sea by hunting others. Zoro points how odd it is for a pirate like Luffy not being able to navigate, though Luffy states that wandering usually works for him. He then points out that Zoro is no different, given that he is a wandering bounty hunter. Zoro reveals that he never intended to become a bounty hunter in the first place when he first went out to sea, but entirely to search for a certain man. However, he then could not find his way back home. Due to this, he had no choice but to take up bounty hunting for a living. Luffy somewhat correctly comes to the conclusion that Zoro has been lost this whole time, which angers the swordsman who tells him to shut up. Some time passes and a bird flies overhead, causing a starving Luffy to go after it, which ends up with him in the bird's beak, being carried off with Zoro left to chase after him.

As Zoro rows as fast as he can, he comes across some castaways and tells them to grab on, as he is not stopping. When they are on board, they reveal that they are pirates working for Captain Buggy and that they were taking the boat. Zoro then reveals to them who he is by beating them. As they row him onwards the question of why they were in the middle of the ocean arises.

It turns out they were tricked by a girl on a boat, who stole their boat and treasure, leaving them to be sunk on her boat with help from a storm. Zoro wonders if a person like her who can predict the weather would join him and Luffy. One of Buggy's crew tells Zoro about their captain and how he has the power of a Devil Fruit.

Meanwhile, a girl in the nearby town is running from some of Buggy's crew after stealing their map to the Grand Line. Elsewhere Buggy's men report seeing a strange bird and Buggy gives the order to shoot it down. As the bird is hit, Luffy falls right in front of the girl. However, to the shock of the Superhuman Domingos, Luffy stands up unscathed.

The girl tries to claim Luffy is her boss in order to get out of trouble with the pirates and runs off, leaving Luffy to deal with them. One of Buggy's crew knocks Luffy's straw hat causing him to get mad. Luffy beats them up. After he is finished, the girl reappears claiming to be a thief who steals from pirates, called Nami.",
9,Animal Theater: Zoro cleans his katana while sitting atop a cow (using its horns and nose-ring to hold his other two blades); in the background Luffy swings from a tree.,"Nami invites Luffy to join her, claiming to be a thief who steals from pirates. Nami asks Luffy what is so important about his hat that made him mad when Buggy's crew touched it, wondering if it had jewels or a treasure map inside.

On the roof of a bar, Buggy is dealing with one of his crew members after Nami got away. Buggy mishears him, thinking that he said something about his nose being strange. The man is raised into the air via Buggy's Devil Fruit powers; Buggy orders the rest of the crew to put a cannon to the man and fire. With the man killed by cannon fire, Buggy orders everyone to search the town for the thief and any treasure to be found.

In a house elsewhere, Nami asks Luffy about his crew's numbers. After knowing they were only two, she explains to Luffy who Buggy is and why the town is empty, as the populace is sheltering. She warns Luffy that Buggy is fond of using his cannon and that he once destroyed a whole town because a boy made fun of his nose. Nami gets fed up with Luffy's short attention span and tendency to ignore her.

Nami reveals her quest to gather 100,000,000 and buy a village. She begins to talk about the plan she has for the Grand Line map she stole: she will go there and steal from all the famous pirates in that ocean, who she thinks must possess more treasure. Nami confirms she is a navigator and Luffy is excited about her joining in his adventure; however, when he tells her he is a pirate, she changes her mind. Nami reiterates her suspicion about the straw hat Luffy carries, thinking there must be a treasure map inside. Luffy tells her about the symbolic value of the hat, as it was given to him by his friend, to whom he swore he'd create a pirate crew. Nami explains she hates pirates the most, only liking mikan and money. However, as she now knows that Luffy does not have treasure or much intelligence, she suddenly has an idea. She agrees to join him if he comes with her to see Buggy. However, she takes some rope with her and as they approach his hideout, Nami ties Luffy up with it.

Buggy is telling off his crew who believe they are about to be killed for not being able to find the thief who stole their map. They explain that, in their perception, with the thief, Nami, there was her boss, Luffy, who was the reason they couldn't retrieve the map. Just then Nami and Luffy enter the scene, to Buggy's surprise. Nami hands over Luffy, claiming she had an argument with her boss, and decides to pretend to join Buggy's crew, handing over the map she stole. Luffy is imprisoned in a cage.

Elsewhere, Zoro arrives at the island with the pirates he encountered on the way, who explain that their crew is raiding the village at the moment. Zoro decides to meet Buggy to gather information about Luffy.",
10,"Animal Theater: Nami cheerfully marches down a desert path, at her side a burglar-masked pig carrying not only her loot but her personal flag—a crossed-out Jolly Roger.","Buggy celebrates the return of his map of the Grand Line and Nami joining his crew. During the celebrations, Nami begins to plan her next move; she will make all the pirates drunk to make clearing them out easier, as she has a bigger drinking capacity than them. Luffy, seeing the other pirates celebrating, wants to join in the fun too and Nami comes over to tease him about his current situation. However, she ends up feeding Luffy and tells him that his fate as a prisoner would end once her plan works.

Buggy suddenly appears behind her to proclaim that Luffy should die. As a demonstration, he levels a street of buildings with his cannon and a Buggy Ball. Buggy reveals that he plans to use his Devil Fruit powers along with his cannons to conquer the Grand Line. Buggy then orders Nami to fire the cannon at Luffy to prove her loyalty to him. Nami hesitates to fire the cannon, as she had not planned to kill anyone, and even tries to revert Buggy's attention back to the party, without success. Luffy points out Nami is trembling and lacks the oath a pirate has to make. Nami wonders if such a big oath is to kill people like insects, to which Luffy replies it is the capacity to risk one's own life.

When Nami does not lit the fuse on the cannon, one of Buggy's crew steps in to light it anyway, and Nami hits him away with her staff. She claims that no matter what she does, she does not want to become a cruel pirate because pirates killed the most important person in her life.

While Nami is talking to Buggy, Luffy suddenly notices the fuse is lit. He tries to eat the cage in desperation to get out. As the fuse burns, Nami finds herself under attack by the Buggy pirates. Nami tries to swing her staff at the pirates, who easily dodge her attack, while Luffy continues to try and eat his way out of the cage. Nami quits defending herself from Buggy's crew and puts out the fuse with her bare hands. Suddenly Zoro appears and saves Nami, having found Luffy at last.

Buggy approaches Zoro asking him if he came for Buggy's head. Zoro explains he is no longer a pirate hunter, but Buggy reveals interest in defeating Zoro to become more famous. Buggy attacks Zoro, who accepts the challenge and cuts Buggy into pieces, to the shock of Luffy and Nami. Buggy's crew simply laughs.",
11,Animal Theater: Luffy races a cheetah.,"Zoro stands seemingly victorious after slicing up Buggy. However, as he goes to free Luffy from his cage, Buggy's crew starts laughing. Nami questions to herself why the crew is doing so when Zoro suddenly finds himself struck in the side by a hand holding a knife. Buggy floats behind Zoro as he finds himself fighting the hand and boasts about his Devil Fruit powers, the Bara Bara no Mi.

Buggy sees he missed Zoro's vital parts, but Zoro is still injured and finds that he needs rescuing even though he had initially come to rescue Luffy. While Nami is simply shocked about the whole thing, Luffy calls Buggy ""Big Nose"" while claiming he is a jerk for striking Zoro in the back. Buggy gets angry and sends his hand out again, this time to kill Luffy; however, Luffy grasps the knife between his teeth. As Luffy claims he will finish Buggy, Buggy and his crew laugh. Luffy tells Zoro to escape, but Nami does not understand. Zoro, however, gets the idea of what Luffy is going to do.

Zoro attempts to escape, but Buggy launches his Bara Bara no Hou. Zoro heads for the cannon and turns it over to face Buggy and his crew. Nami lights the fuse and the cannon fires at the Buggy Pirates, destroying part of the rooftop they're in. Zoro asks who Nami is and, while she says she is just a thief, Luffy tells him she is their navigator. Nami denies Luffy's statement and follows behind them. While Buggy's crew is down for the count, Zoro goes to Luffy and, ignoring the request to find a way to open the cage, he grabs it and makes a break for it before Buggy fully recovers. Buggy's crew begins to find their bearings and find all three of them gone, as well as the key to Luffy's cage. Buggy's crew starts to search the town, but Zoro and Luffy are on a rooftop. Furious, Buggy declares war on them.",
12,"Color Spread: A two-layered triptych of Luffy, Zoro, and Nami; the top layer shows each in full, gearing for battle, while the bottom gives a close-up on each of their faces.","Buggy gloats about his reputation as a pirate in front of his crew. He orders them to find Luffy, Nami, and Zoro no matter what. Mohji arrives riding Richie and asks Buggy if he could take Zoro out. Buggy replies that he does not mind.

Elsewhere, Zoro is still carrying Luffy in a cage. Suddenly, he collapses to the ground out of exhaustion. The pair notice there is a dog sitting staring at them. Luffy comments about how the dog is sitting so still that you cannot tell if he is real or not, before provoking the dog into biting him when he pokes him in the head. Nami shows up and explains to them that they will likely be found if they remain in the middle of the road. Nami throws a key to the cage in front of Luffy, but before he can grab it the dog eats the key. Luffy attempts to strangle the dog in anger. The mayor of the town Boodle shows up, demanding that they stop hurting the dog, Chouchou.

Boodle takes them to his house to rest, and explains why the dog is sitting where he is. He feeds him every day, and he is guarding his owner's pet store. Ten years ago, the mayor's friend and Chouchou's owner opened the store. Chouchou's owner went into hospital three months ago and never returned, leaving Chouchou behind to guard the store. Chouchou is covered in wounds from fighting the pirates: he is aware his owner will not be coming back, but he still guards the store because it is his treasure. Boodle talks about leaving the dog and moving away, but he admits he has changed his mind many times.

Just then, they hear the roar of Richie the lion. Boodle and Nami run away, leaving Chouchou, Luffy and Zoro behind. When Mohji and Richie arrive, they find Luffy still in his cage. Luffy mocks Mohji's hairstyle, provoking him. Mohji boasts about being such a good animal trainer that every animal follows his orders, but Chouchou bites him anyway. When Richie pounces on the cage to finish Luffy, he frees Luffy instead.

As the pair prepare to leave, not noticing that Luffy is still alive, Richie smells the food inside the Pet Store, and Mohji tells Richie that he can eat the food.",
13,"Animal Theater: As Nami watches (and Zoro sleeps), Luffy goes fishing and catches a huge turtle.","After surviving an attack from Richie, Boodle and Nami struggle to believe Luffy could have lived. The mayor demands to know why Luffy is in Orange Town, and Luffy replies it's to acquire the map of the Grand Line and a navigator.

Meanwhile Richie and Mohji approach the pet store, only to find out Chouchou will not allow them inside. Chouchou fights the lion, but even though he loses, he will not surrender his treasure and the memory of his owner. As Luffy walks over to find Zoro, Mohji is angry over the dog as it bit him. But as Luffy approaches the pet store, he finds it ablaze with Chouchou barking at the loss of his greatest treasure.

Returning from the store, Mohji and his lion come across Luffy standing in the way. They cannot believe he is still alive and fail to understand what Luffy means by saying that he is a rubber man. Mohji sends Richie to attack, however to his shock and horror Luffy stops it with an attack. Mohji is astonished that Luffy has a Devil Fruit like his captain Buggy. Mohji begs for mercy, but Luffy explains he is not the one Mohji must say sorry to. Luffy stretches his arms to grab Mohji and throws him head first to the ground.

Nami and the mayor return at Chouchou's store's ruins. Nami expresses a strong dislike for all pirates for what has happened. When Luffy shows up, she takes her dislike for pirates out on him, but Boodle holds her back, preventing her from striking Luffy (although he states she could not kill him even if she tried). Luffy places a bag of pet food in front of Chouchou. Even though the bag of food is all that is left of the store, Chouchou is grateful to Luffy for what he has done. Nami is left wondering why Luffy did something so unlike a pirate.

Meanwhile, Buggy gives the order to prepare the Buggy Balls, as he is ready to wipe the town out.",
14,"Animal Theater: With the full moon behind him and bats flying all around, Luffy strikes a classic vampire pose in a Captain's greatcoat.","Mohji reports back to Buggy; despite being afraid to tell Buggy about his failure, he feels he must warn him. However, he faints while he is warning him. The crew cannot make out what Mohji was trying to say, but Buggy becomes aware that he is facing a tough man and orders his men to hurry up the preparation of the Buggy Balls.

Outside the town, Chouchou arrives at the camp the townsfolk are staying at, injured but safe (to everyone's relief). Since Boodle failed to return with the dog, they are now worried.

Back in the town, Nami has changed her mind about Luffy being a pirate. The mayor gets frustrated at the pirates in the town, because while Chouchou and Luffy fought hard he stood back and did nothing. The mayor tells Luffy and Nami how only 40 years ago, the land was nothing but bare earth, and how the people moved here to forget all about the pirates that had previously done them wrong. The mayor declares the town is his treasure.

At that moment, Buggy launches a Buggy ball that hits the Mayor's house where Zoro was sleeping, making everyone fly from the ball's incredible damage. Luffy and the Mayor go crazy because Zoro is in the house, but Zoro simply gets up out of the rubble, awake and relatively unharmed. The mayor is in shock as his life's work is torn apart, and he cannot sit by while this is happening. Nami tries to calm him down, but the mayor is too upset about what is happening. As the mayor runs off, Luffy ensures Nami he will not let him die. Luffy asks Nami to join him, but Nami declares she will not become a pirate. However, she will help Luffy in exchange for any treasure they find.

As Buggy has a second shot readied, the Mayor shows up and stands in the way. He makes a stand against the pirates as elsewhere Luffy, Zoro, and Nami make their way to Buggy.",
15,"Animal Theater: A herd of mammoths take the Straw Hats across a tundra—Luffy riding on the herd leader's trunk, Zoro on its tusk, and Nami on its back.","Boodle challenges Buggy over the matter of the town. While the crew laugh, Cabaji, Buggy's staff offers to deal with the mayor himself and leaps into the air to strike him down. Buggy steps in and tells Cabaji to back off, as the mayor challenged him directly. Boodle's claim that the town is his treasure amuses Buggy, who only views gold and silver as treasure.

Buggy splits his right arm off and sends it flying towards the mayor, grabbing him by the throat and lifting him off the ground. Trying to get Buggy off him, Boodle strikes at his throat where the hand is holding it. He struggles for air while Buggy gloats that, after this town, he plans on heading out into the Grand Line and stealing all the treasures there. Boodles's efforts amuse him, but Luffy appears in time to save the man and pulls the hand off Boodle's neck.

Buggy re-attaches his hand as Nami tells Zoro and Luffy to fight, while she grabs the Grand Line map and any treasures she can find nearby. The mayor is displeased about seeing Luffy and the others, as he wanted to fight Buggy on his own. Luffy however renders the mayor unconscious with a punch (much to Nami's shock), in order to make sure he is safe and does not get in the way.

Luffy then calls out to Buggy, shouting ""Hey, big nose!"" to provoke him. Because of his reputation of overreacting to anything related to his nose, Buggy's crew, Zoro and Nami are all horrified. Buggy then demands that his crew load another Buggy Ball into the cannon, while Zoro and Nami flee for cover. Launching the powerful cannonball towards Luffy, the rubber man blows himself up like a balloon and shoots the cannonball straight back at the Buggy Pirates.",
16,"Color Cover: A typical day for the Buggy Pirates—Mohji grooming himself and Richie, Buggy pouring himself a drink with detached hands, and Cabaji brandishing his blades.","Nami demands that Luffy explain more about who he is, because she does not understand how he survived an attack from Richie. She also asks how he inflated himself, to which Luffy responds with the attack's name, much to Nami's dismay.

Buggy and Cabaji rise after having survived the attack from the reflected Buggy Ball, doing so by using other crew members as shields. Cabaji remarks that their current situation is the biggest humiliation their crew has ever received under their flag. Mohji regains consciousness and becomes upset at Cabaji, because Cabaji is holding an unconscious Richie. Cabaji tells Mohji that he used Ritchie as a shield so that his clothes would not get dirty. As Mohji goes over to check on Ritchie, he notices that Luffy is present.

Mohji warns his captain that he should be careful of Luffy, explaining that Luffy has eaten a Devil Fruit just like Buggy, and he is made of rubber. Nami, shocked, turns to Luffy who demonstrates his power by stretching his cheeks out. Buggy realizes that this is how Luffy reflected the Buggy Ball, and loses his temper with Mohji for not telling him about Luffy's powers sooner. Mohji is thrown by Buggy towards Luffy, who in turns slams him into a nearby wall and remarks that the fight has begun.

Cabaji, now on his unicycle, attacks Luffy, but Zoro intercepts the attack. Zoro remarks that if anyone is fighting with swords, he will be their opponent, and Cabaji replies that it would be an honor as a swordsman to kill Zoro. Luffy notices that Zoro is struggling by his wound from his earlier encounter with Buggy, and suggests that he should fight Cabaji while Zoro rests. Cabaji also notices the wound, and begins to attack Zoro using a fire-breathing trick, although Zoro evades the attack. Cabaji uses the opportunity to kick the wound, and Zoro falls to the ground in agony. Cabaji uses another trick to cause a dust storm to blind Zoro and strikes again. Zoro blocks the attack, but once again Cabaji kicks him directly in the wound and Zoro once again collapses in agony.

Cabaji mocks Zoro, saying that it is pathetic to see a grown man on the ground, and that it was a mistake for Zoro to make an enemy out of their crew. Nami decides that Zoro should have never started fighting, and begs Luffy to interfere; however, Luffy does nothing. Cabaji launches into the final attack, but Zoro gets up and knocks him aside. Zoro asks if Cabaji enjoys hitting his wound, before cutting himself again in the same spot. He declares his goal to be the world's greatest swordsman, and asks Cabaji if these additional wounds will satisfy him. Zoro then promises to show Cabaji the true difference in power levels between them, which leaves Luffy impressed.",
17,"Color Cover: The Straw Hats meet a crew of pirate penguins; three of these pose with Zoro's katana, while another tries to gift Nami a fish.
(Note: the penguin captain's vest reads manchot - the French for penguin.)","Luffy cheers on Zoro while Nami points out how he looks like he is about to collapse after wounding himself on purpose. Zoro swears that he will not be defeated by another swordsman. Cabaji notes Zoro's determination, but adds that Zoro can use his wounds as a excuse once he has lost the fight; Zoro responds by claiming if he loses in this condition, then his fate is obvious and he will never be the world's greatest swordsman.

Nami whispers her plan to Luffy, while Buggy and Cabaji are distracted and the rest of Buggy's crew is unconscious; they will continue fighting while she steals Buggy's treasure from a warehouse. She expects the Grand Line map is still in Buggy's possession, not with the rest of the treasure, and says that after she gets the treasure, she will escape. She reasons that whether or not Luffy and Zoro win their fight does not depend on her, so she can escape without causing any problems; and if Luffy wins the fight and gets the map, then they can ""cooperate"" again before she leaves.

As the fight between Zoro and Cabaji rages on, Cabaji begins what he calls his best trick. After launching several tops at Zoro, he rides his unicycle up a wall and leaps high into the air to prepare a downward strike. Zoro manages to deflect all of the tops, but Buggy launches his hand with his devil fruit powers to grab Zoro, so that he cannot avoid Cabaji's attack. Luffy intervenes by stepping on Buggy's hand before he can grab Zoro - while Buggy recoils in pain, Luffy tells him that he shouldn't interfere with Zoro's fight. Cabaji continues to go for his attack even without his captain's help. Zoro dodges, but becomes exhausted due to the strain of his wounds, and says that he is tired. Cabaji interrupts to insult him, before being thrown from his unicycle by Zoro. Zoro then finishes his statement, saying that he is tired of fighting an opponent with such pitiful skills. Cabaji tries to retaliate with one final strike against Zoro, but Zoro uses his ""Oni Giri"" attack to finish off Cabaji. As Cabaji falls, he admits that it is shameful to be defeated by a common thief. Zoro collapses from exhaustion as he declares himself to be a pirate, telling Luffy that he is going to sleep. Luffy promises Zoro that he will finish things off.

Buggy is shocked to learn that Luffy and Zoro are pirates. Luffy demands that Buggy should hand over the Grand Line map, but Buggy responds that the Grand Line is not a place where nobodies like Luffy can go as they please, and asks Luffy what he intends to do there. Luffy responds that he is going to be the King of the Pirates, stunning Buggy, before he also declares that he will be the Pirate King. Luffy says that they should stop talking and begin their fight, but as they prepare to fight, Buggy remarks that Luffy's hat reminds him of a red-haired man he once knew.",
18,"Animal Theater: Nami teaches a ring-tailed lemur how to draw maps; in the background, Luffy naps.","Buggy confirms the ""Red-Hair"" he mentioned was Shanks. Luffy demands he tell him where Shanks is. Buggy implies he may know where Shanks is, but Luffy calls him an idiot for the way he said it. Buggy loses his temper, asking him if he can reflect knives, only for Luffy to automatically confirm he cannot.

With that, Buggy attacks, and Luffy jumps to avoid him. Seeing Luffy in the air, Buggy points out that Luffy is now helpless as he cannot fly like Buggy. However, when he attacks, Luffy stretches his arm to a lampost and pulls himself out of the way. As Buggy's attack flies past, Luffy throws a long punch at Buggy, who dodges and tells Luffy that his power is also his weakness, and that he has now left himself open. He fails to notice that Luffy's punch has kept going, and that he has got hold of a windows ledge.  He uses the ledge to launch himself into another attack, which Buggy dodges again.

Luffy crashes into the ruins of a house behind him. After stealing the treasure, Nami watches the fight from a distance. Some of Buggy's crew decide to pretend to still be unconscious, rather than risk being killed if they get involved in the fight. Buggy launches another attack, sending out his arm holding three knives. Luffy grabs it, but Buggy separates his hand from the attacking arm to land the strike anyway. Luffy dodges, but is struck in the side of the face by one of the knives. The blow then pierces Luffy's straw hat.

Buggy mocks Luffy, thinking he is upset by his face being cut. Luffy reveals he is instead angry, because that last attack damaged his hat. Seeing Luffy call the hat his treasure, Buggy pulls his hand back towards him, with the hat run through by his knives. As Buggy holds the hat up, Luffy remembers the promise he made on the hat and runs after it. When he hears Luffy saying the hat belonged to Shanks, Buggy throws it to the ground, and explains he was once friends with Shanks. After Buggy spits on the hat, Luffy refuses to hear Buggy compare himself to Shanks, and throws a furious punch. Buggy separates his head while laughing, but Luffy instead hits him in the stomach.",
19,"Animal Theater: Sitting atop a crate labeled ""DANGER"", Luffy prepares to brush a hippo's teeth.","Luffy is still mad that Buggy said Shanks was his friend, but Buggy insists he can say what he wants about the pirate. Buggy begins to separate his body, but Luffy hits him to stop him. The Buggy Pirates lying on the ground cannot believe their captain is losing. Nami suddenly realizes she is caught up in watching the fight.

Back at the camp outside the village, the villagers are now worried about their mayor. When Poro decides to head into town to find him, he is supported by the others, and they all go.

Buggy claims Shanks is the one person who has angered him the most over the years. He has a flashback about their time as fellow pirates. Shanks and Buggy are fighting on a pirate ship about whether the North Pole or South Pole is colder. An unnamed senior member of the crew steps in and stops their fight by banging their heads together, telling them if they really want to find to prove which is colder, then they should go and find out themselves.

A lookout tells the crew that there is an approaching vessel, and they prepare themselves for a fight. Buggy is delighted by the thought of getting some treasure from the ship, but Shanks replies there is more to being a pirate than treasure, despite what Buggy thinks. During the fight, Buggy finds a treasure map to an underwater treasure horde. Buggy hides the map, so he can claim the treasure himself.

Later that night, Shanks leaves a wild party on the ship to ask Buggy why he is not joining in, and explains they found a rare treasure on the enemy ship. Buggy shows signs of guilt, leaving Shanks wondering what Buggy is concealing. Since Buggy is convinced his plan will succeed, he discusses his future with Shanks and talks about leaving the ship. Shanks says he might also leave, find a crew and travel around the world as a pirate. Buggy mocks his ideas, telling Shanks he's too naïve and innocent to ever make it as a pirate, and that if it wasn't for his crazy ideas, he would have him on his crew. Shanks declines on the grounds that their views are too different, and they agree if they ever meet on the sea they will fight to the end.

Shanks reveals that the party was because they had found a Devil Fruit; after telling Buggy the powers and value of the fruit, Buggy makes up his mind to eat it the next day. In front of the entire crew, he swallows the Devil Fruit whole. He tells the others the fruit had no effect on him, and they all dismiss the stories they've heard about the Devil Fruits. Unknown to them, Buggy had already switched the fruit with a fake, and plans to sell it. That night, Buggy plans to leave the crew and begin his dream of becoming a pirate. Shanks surprises him by appearing suddenly; in desperation he hides the Devil Fruit in his mouth and the map in his jacket. Buggy manages to get Shanks to leave, but as he lets out a sigh of relief, Shanks once again pops up behind him, startling Buggy and causing him to swallow the Devil Fruit.

Buggy is in complete shock at what he has done, but before he could finish yelling at Shanks, Shanks points out a fluttering piece of paper heading over the side of the ship. Buggy realizes this is his map and leaps after it; as he lands in the water, he discovers the story about the sea turning against Devil Fruit users is true, and he is unable to swim. Up on the ship, the crew gathers wondering why Buggy has not come up yet since he is a good swimmer, and Shanks eventually dives into the water after him.

After hearing Buggy's story, Luffy is relieved to hear Shanks saved Buggy's life. This infuriates Buggy, as his plans were set back ten years due to losing the Devil Fruit. Buggy notices Nami with the stolen treasure, and launches the upper half of his body at her.",
20,"Animal Theater: Zoro cuts through a bamboo forest while his panda ""trainer"" follows behind, eating the stalks.","Nami is being chased by Buggy's top half for stealing his treasure. Just as he is about to reach her, Luffy notices that his lower half has not moved at all, and kicks him between the legs. As Buggy hits the ground in pain, Luffy reminds him who he is fighting. Luffy tells Nami to abandon her treasures and run, but Nami refuses, claiming that since she stole it, the treasure is now hers. Buggy gets angry upon hearing this, but Nami reasons that she hasn't done anything bad enough to be told off by a pirate.

Buggy separates himself further, launching parts of himself at Nami. Luffy notices that his feet cannot fly and picks one of them up. As Buggy continues to chase Nami, Luffy tickles his foot and hits it on the ground, causing Buggy pain and discomfort and distracting him from attacking Nami. Nami swings the bag of treasure around to strike Buggy, but Buggy grabs the bag. With both of them refusing to let go, Buggy attempts to strike Nami with his knives. As he is poised to attack, Luffy kicks him in the head, knocking him into the bag and ripping it.

With Buggy momentarily incapacitated, Luffy grabs the map of the Grand Line. Buggy gets up and attempt to reform his body, but he realizes that he has only assembled with his hands, feet and head, since Nami has tied up the rest of his body parts. With Buggy realizing that he is defeated, Luffy lands a blow and sends him into the sky.",
21,Animal Theater: Luffy takes an after-dinner nap with a tiger.,"Luffy, having beaten Buggy, begins to leave the city with Zoro and Nami. Nami splits the loot into two bags: one for Luffy and one for herself. When the villagers arrive, they find Boodle unconscious, and Luffy admits that he knocked him out. The villages then ask if they are pirates, and Luffy cheerfully says he is, angering them and causing them to give chase. While the crew is running away, Luffy says that it must be a very good town, because they were prepared to fight pirates to protect a single person, but he also mentions that no matter what the villagers say, they are not going to stop.

On the way, they encounter Chouchou, who protects Luffy and the others. They reason that this is to pay back the debt of Luffy avenging the destruction of his owner's shop, as he refuses to let the villagers pass. Near the boat, they encounter three of Buggy's crew who Nami stole a boat from previously and who Zoro beat up afterwards. Luffy, carrying a worn out Zoro on his shoulders, is stopped by one of the pirates, who taps Zoro on the head, saying that he should not be a coward and should show his face. When Zoro lifts his head and glares at them, the three pirates run away in fear.

Meanwhile, the Mayor wakes up and finds the town's people around him. They tell him that they have chased Luffy and the rest out of town. As they curse the pirates, he gets angry, saying that he is the only one allowed to insult them. He rushes to the harbor to thank the crew.

As the boat leaves, Luffy says he left his bag of treasure back at the harbor to help them rebuild. Out of rage, Nami threatens to drown him in the sea, calling him an idiot.",
22,"Color Cover: Luffy makes mochi with a pack of moon rabbits, pounding so hard that the mortar cracks in two.","Nami fixes Luffy's straw hat after Buggy damaged it previously, much to his delight. Despite her warnings, he pokes the hat and puts a hole in it, causing Nami to stab him in the forehead with her sewing needle. Zoro wakes up due to the noise and starts asking for food. Nami spots an island in the distance, and Luffy directs the ship towards the island as fast as possible in the hopes of food.

The crew lands to find the island is deserted and covered in forest. Luffy calls to Zoro, but since he is asleep, he and Nami go exploring without him. They find a dog/chicken hybrid creature, then a snake/rabbit and a pig/lion. Suddenly, a voice booms out a warning for them to leave before the curse of the island effects them, and that they will die. Nami and Luffy call the guardian's bluff, and Luffy is shot by a bullet. After bouncing the bullet back using his Devil Fruit ability, Luffy and Nami follow the direction of the shot and find a strange object resembling a chest with hair on top.

When they examine it, the strange object moves and runs away, but it trips and falls over, revealing a person inside it. Gaimon introduces himself, revealing he has been stuck in a treasure chest for 20 years and has not spoken to another human being in all that time. Luffy attempts to pull Gaimon out, but Gaimon claims his body will fall apart if he leaves the chest, because it has become molded to fit over the years. Gaimon explains he used to be a pirate and is happy to meet others who are pirates. As Luffy and Gaimon talk, the Grand Line is mentioned and they show Gaimon the map they have. Unfortunately, Gaimon lacks any specific knowledge, and cannot tell them where the Grand Line is.

Nami interrupts and explains the Grand Line to them. The world is separated into two parts with one continent - the Red Line - separating the parts. The Grand Line further divides up the world, splitting it into four seas and the Grand Line itself. The only person to conquer the Grand Line was Gold Roger. Gaimon states the Grand Line is known as the ""pirates graveyard"", and that although he has seen pirates that returned from that area of sea, they were changed men who had lost the will to live.

Gaimon goes on to explain the One Piece legend; in over twenty years, not one person has found the treasure left by Gold Roger at the end of the Grand Line. After hearing that it may not even be real, Nami has doubts about Luffy's goal. Gaimon tells the pair he cannot leave until his mind is set at ease about something.

Twenty years ago, Gaimon came to the island to find treasure with a pirate crew, but could not find the treasure anywhere. Gaimon, determined that there is treasure, wanders off to look further. He finds a hill the crew had looked around, but not on the summit. He climbs the hill, and finds treasure chests in a dip on the top. Astonished to actually find the treasure, he fells down the hill into an empty chest his crew found earlier and fell unconscious. After he awoke, he was stuck inside the chest, and found that the crew had sailed away without him. Realizing that he now has a claim to all the treasure, he attempts to go back to retrieve it, but as he is stuck in the chest he cannot climb the hill to reach it. He returns to the shore to call to his crew, but they never returned.

Gaimon explains that over the years, a few pirates have come to the island to find the treasure, and Gaimon has scared them off with his threats of a curse. Nami and Luffy agree to get the treasures for Gaimon, as they rightfully belong to him for guarding them so long. As they approach the hill, Gaimon gets excited that the treasure he has desired for so long is finally within his reach.

Luffy finds five chests on the top of the hill, but refuses to throw them down. Nami is furious, but Gaimon guesses what's wrong. After twenty years of guarding them, the treasure chest are revealed to be empty, looted before Gaimon ever set foot on the island.

Tearfully, Gaimon thanks Luffy and Nami for their kindness, despite learning  the fate of the treasure. Even though Gaimon is upset, Luffy lightens him up by saying that in another twenty years Gaimon might have died without knowing the treasure was gone. He then offers him the chance to join his crew and find One Piece, but Gaimon declines.

As Nami and Luffy leave, he explains that he already has another treasure to protect. Most of the people who come to the island are poachers, trying to kill the strange animals on the island. After guarding the treasure for twenty years, he feels attached to them and despite not having the treasure he can live happily protecting the island. Luffy promises to leave and find One Piece some day.",
23,"Animal Theater: Atop a set of lily-pads, Zoro, Luffy, and a giant frog make barrels; on the shore, Nami stands with umbrella raised.","The chapter starts with Nami scolding Luffy for being reckless and ill prepared for the Grand Line. While Luffy and Zoro say the only important things they need are food and alcohol, Nami begins to plan their future. She tells them they need to head south to a nearby island to get a ship and supplies.

On an island, Usopp stands looking out to sea. He dashes into his village and begins shouting ""The pirates are coming!"", but as he runs further, he announces that he was lying. The villagers begin to chase him and throw objects, but he outruns them all. As the villagers lose sight of him and wonder where he went, he laughs and brags to himself that they were tricked once again. As he rests back in the tree he was hiding in, Piiman and Ninjin show up. As they wonder where their fourth member is, Tamanegi rushes up, saying that there are pirates approaching the island.

The others accuse him of lying, but he claims the ship even has the flag of the Buggy Pirates on it. After hearing this, Usopp tries to make up excuses to run away, but the others see through it. When Tamanegi mentions he could only see three pirates, Usopp changes his mind and prepares to repel the attackers.

Luffy, Nami and Zoro reach the island and land, unaware at first that Usopp and the others are watching them, but Zoro spots them. Piiman, Ninjin and Tamanegi run away, leaving Usopp alone. Usopp claims to be the toughest pirate of the village, with a vast army of followers. When Nami accuses him of lying, he accidentally admits to it: in trying to recover, he makes Luffy laugh, and he claims to be ""Usopp the Proud"".

At a restaurant, Luffy and the others dig into a meal. Usopp tells them that if they want a ship, they should try the mansion in town, where a sick young girl lives. Her parents died the year before, leaving all their fortune and servants to her, and making her incredibly wealthy. Nami says that they should move onto the next village and try there. Usopp offers to be their captain, but the Straw Hats refuse and keep eating, much to his despair.

At the mansion, the young girl Kaya asks her butler Klahadore if she can meet Usopp.",
24,Animal Theater: Nami beats a giant snake into helping her protect a nest of baby birds.,"Piiman, Ninjin, and Tamanegi sneak across town to the restaurant where Zoro, Nami and Luffy are eating. Afraid their captain is being held hostage, they approach with caution, until they simply barge in and find Usopp gone. Seeing Luffy eating meat scares them, and Zoro jokes about having just eaten their captain. After things settle down, the Usopp Pirates work out that Usopp has gone off to visit the mansion where the sick girl lives. He apparently goes there every day to lie and tell her stories.

At the mansion, Klahadore the butler explains to his mistress Kaya that he will not allow Usopp inside, on account of his lying. He explains that it is his duty to see she is safe and well on behalf of her late father, and mentions there are two bodyguards on the front gate. Despite his efforts, as soon as Klahadore leaves, Usopp appears outside Kaya's window, claiming nothing could keep him away. Usopp goes onto tell her a story about landing on a giant goldfish's excrement and thinking it was an island, making her laugh.

Back at the restaurant the boys finish explaining to Luffy and the others why they like their captain, and Luffy announces they will go to the mansion, both to ask for a ship and to see Kaya.

After they reach the mansion, Luffy climbs over the gate. After Merry tells Klahadore that there are intruders, he enquires about the bodyguards, and Merry says that they're having lunch. As Usopp finishes his story about feeding a giant goldfish to a tribe of dwarves, Luffy and Usopp's pirates appear and greet him. Usopp tells Kaya that they've heard how great he is and want to join him, but Luffy promptly states that that's a lie. As Luffy asks Kaya for a big ship, Klahadore appears and demands to know what they are doing. Klahadore tells Luffy he will not get a ship and that they all need to leave.

Klahadore begins to insult Usopp because his father is a pirate, and that as far as he is concerned all pirates are filthy. When he asks what Usopp wants from Kaya, money or otherwise, Kaya becomes upset. She screams at Klahadore to stop, but the butler continues insulting Usopp, telling him to use one of his usual lies instead of admit to being the son of a pirate. Usopp loses his temper and punches Klahadore for insulting his father, shouting that he is proud to be the son of a pirate.",
25,"Color Cover: The Straw Hat Pirates enter a forest with a giant fish that can ""swim"" through the air; Luffy clings to one side, with Zoro walking on the other, all the while Nami sits reading on its back.","Klahadore continues to insult Usopp despite being knocked down, insisting although he is not a pirate his father's blood still makes him resort to violence when he is insulted. The butler asks Usopp if he is only after Kaya's money, but before he lands another punch, Kaya begs Usopp to stop. As Usopp lets the butler go, Klahadore warns him about never returning to the mansion, and Usopp angrily agrees. The Usopp Pirates and Luffy insult Usopp for giving in so easily; as they are told to leave, the four try to go after the butler, but are held back by Zoro and Nami.

In the mansion. Kaya refuses to eat her meal, miserably explaining she does not want it. Her butler insists she eat so as to not disappoint the chefs. Kaya tells him he should not have insulted Usopp, and Klahadore explains that she should have faith in him, since he has worked for her for three years after losing his job on the ship he worked for. He explains he could not bear to carry the burden of failing his former employer, Kaya's father, who saved his life.

Near the village, Nami, Zoro, Ninjin, and Piiman are sitting on a fence, and Nami wonders where Luffy got to. When Zoro explains he went looking for Usopp, the members of Usopp's Pirates explain Usopp will be at the coast. Tamanegi is missing, but Ninjin and Piiman tell them he always goes away and comes back overreacting about something. Immediately afterwards, Tamanegi runs towards them, shouting about a man walking backwards, only for the others to accuse him of lying. Shortly afterwards, the hypnotist Jango shows up, walking backwards. Jango is asked to show the three children his hypnotist tricks, but when he does it results in both him and the Usopp pirates falling asleep.

At the coast, Usopp sits alone on the cliff staring out to sea. Luffy appears in front of him suddenly, hanging upside down out of the tree Usopp is sitting under. Luffy asks him if his father was called Yasopp, astonishing Usopp before he asks how he knew. Luffy explains how he met him when he was young, in Foosha Village. Yasopp was his favorite member of the Red Hair Pirates, and Luffy is sure he is still be with Shanks even now. Usopp cannot believe his father is with Shanks.

In a flashback to Luffy's youth when he met Shanks and his crew, Yasopp demonstrates his sharp-shooting skills to Luffy by shooting an apple off a barrel. Later at the local bar, Yasopp begins to tell Luffy about his son his age. When Luffy has heard enough and is getting bored, a glass is placed on his head by Yasopp, who taps it. Yasopp stands up and calls to the other that the Jolly Roger had called him to piracy, with the rest of the crew responding by throwing their hands in the air in approval.

Back in the present. Usopp explains he is proud of his father and he would gladly return to the mansion, despite his pride, if the butler apologized. Luffy notices that Klahadore is on the beach below them with another man, Jango. Jango confirms to the butler that the plan to murder the mansion owner is ready.",
26,"Animal Theater: Woodpeckers begin destroying the Straw Hats' ship, much to Nami and Zoro's horror—and Luffy's complete disregard.","Klahadore asks Jango to not mention the word ""murder"" and to stop calling him Captain Kuro. Usopp and Luffy spy on the pair and Usopp suddenly remembers the name ""Captain Kuro"". Usopp recalls he was a feared pirate who raided many towns and was finally put to death three years ago after he was captured by the Marines.

Jango finds it amusing his captain declared he was bored with a pirate's life, made him captain and secretly settled in the village, but so long as there is a reward he is happy doing whatever Kuro asks of him. According to Kuro, all Jango has to do is hypnotize Kaya to sign a will so he rightfully owns the mansion because ""Klahadore"" is not a member of the family and therefore cannot inherit her fortune otherwise. Once the task is done he must then kill her without making it look like she was murdered. Jango mocks his former captain, stating that if it was him, he would just invade the mansion and takes the riches, however Kuro reminds him that would make him a pirate again. Jango mocks him once again for asking for a peaceful life when he plans to kill everyone to get Kaya's money, but Kuro states he did not expect some things like Kaya's parents death as they died unexpectedly in an accident.

As Usopp slowly comes round to the realization of what he is hearing, he has to contend with Luffy who was not fully listening. While he deals with thoughts related to the problem at hand, Luffy stands up and shouts to the pair below them. While Usopp is horrified at what Luffy did, Usopp grabs him to pull him down before he is seen, but Kuro and Jango look up the cliff and see the pair.

All of a sudden, Jango holds up his ring and begins to hypnotize the pair, while Usopp looks away in time, Luffy is clueless about the ring to do so. While Luffy has fallen asleep, so apparently has Jango, Usopp yells to Luffy but Luffy falls off the cliff seemingly to his death. While Usopp yells about killing Luffy, Jango asks if Usopp should be killed as well but Kuro just states even if he tells the village no one will believe Usopp on what he heard, due to Usopp's reputation as a liar.

As he rushes to the village, he passes Nami, Zoro, and the other Usopp Pirates. As Usopp enters the village and warns them, they think it is a prank again and are angry he has used the joke twice in one day. They tell him they have to punish him this time for lying as his joke has gone too far and that he is untrustworthy, telling him they would believe him if only he had been a trustworthy man like Klahadore.

Back at the coast, Kuro has gone to greet his men after three years away from them and ensure the plan in the morning. At the mansion, Kaya asks for Klahadore, another servant tells her he went to the next town. Back at the coast at the bottom of the cliff, Luffy is sound asleep.",
27,"Animal Theater: Zoro holds a training match with a kangaroo and her still-pouched joey, pitting his three shinai against their four.","At the mansion, Kaya and a servant discuss the glasses they brought Klahadore as an anniversary present from the next town.

In the village, Usopp is having trouble convincing the other villagers that the pirates really are coming and ends up fleeing in fear.

At the cliff, Luffy is awake, Nami, Zoro and the other Usopp Pirates are learning of the plan. Zoro questions why he was sleeping where he was, Luffy recalls being on the cliff before then. The Usopp Pirates realize they have to get away before the pirates coming tomorrow while they still have the chance to and run off. Luffy is more concerned with buying food from the butcher's shop before he is killed.

At the mansion Usopp arrives to save Miss Kaya. He tries to explain Klahadore is a pirate. Kaya does not believe Usopp and does not know what to make out of the story. As Kaya's other servant enters the room, Usopp is suddenly pounced upon by the two bodyguards out the front of the mansion, he struggles to break free. He knocks them out with his hand slingshot, Kaya beckons for him to stop. She believes Usopp is not the person she once knew. As the villagers come by the mansion, Usopp grabs Kaya, only to be slapped in the face and forced to let go. Kaya says Usopp is the worst person she knows and Usopp is forced to run when her servant gets a gun out and shots at him despite Kaya's plea. Usopp is hit by a shot in the arm, but manages to escape with his life. When Usopp is gone, Kaya faints onto his chest.

As he leaves the village, Luffy and the others catch up with him. He hides his wound from them and tries to say it was a lie to get back at the butler. The Usopp pirates believe him. The three kids wonder off home.

Later that night Usopp explains to Luffy, Nami and Zoro that because he always lies, the villagers did not believe him. Since the villagers think Usopp is lying, Usopp decides he will make the lie become just that, tomorrow he will wait for the pirates and face them off so the villagers will think it was indeed a lie. The others announce they will help him fight the pirates so he does not have to face them alone.",
28,"Color Spread: After a long day's harvest, fieldhands Luffy, Zoro, and Nami ride home on Farmer Shanks' cart; on the way, they find the vegetables they've picked have assumed their own faces.","Usopp, Nami, Zoro, and Luffy all agree to protect the village against Kuro and the Black Cat Pirates. Usopp is scared and his knees shake despite claiming he is not. Usopp begins to make a plan, he asks Zoro, Luffy and Nami what they can do and they reply Slicing, Stretching and stealing respectively, Usopp adds his skill is ""hide"".

Inside the mansion Klahadore and Kaya's other servant discuss Usopp's actions of the day while Kaya sleeps soundly in her bed. Klahadore finds the glasses that were supposed to be a present for him in the morning on their 3rd anniversary, they were specially made for him so he did not have to keep pushing his back up. As the other servant continues to talk, Klahadore suddenly begins to talk strangely. He looks to the crescent moon and states it makes him wild. Before his eyes, Klahadore smashes the glasses and looks devilishly at the other servant stating his present will be the mansion. Klahadore states that he no longer has to pretend as there is only a few hours left. He pulls out his cat claws from a bag he is carrying and turns them on the servant.

On board the ship of the Black Cat Pirates, Jango is awaken from his sleep to be told in a few hours they will have to go to work on the plan. Jango leaves his quarters walking backwards out of his cabin. Back at the coastline, Usopp and the others have now laid oil down the slope towards the village.

As morning breaks everyone readies for action. Both on the coast and the pirate ship. At the mansion, Klahadore enters the room where Kaya is sleeping. Jango and the crew arrive at the coastline leading to the village. At where Usopp and the others are there are no pirates, suddenly Usopp remembers there is more than one port along the coast line and they are at the wrong one. As panic breaks out, Usopp states the layout is the same and the coast is only three minutes away from this one. Nami realizes their boats are parked at that one. As Luffy rushes off, Nami tries to follow but her foot slides as she steps on the oil, as she slides she grabs hold of Zoro and uses him to get off the oil. Leaving him behind she rushes off to save her treasure. Zoro swears he will kill her, while everyone else rushes to the correct coast.

Usopp arrives there quickly and shoots some of the pirates down. Zoro is still trapped on the slope and Luffy is back at the village after going the wrong way.",
29,"Luffy, Zoro, and Nami snowboard down a hill.","Usopp realizes he is in trouble, as he is the only one standing to face off against the Black Cat Pirates. Jango mistakes Usopp's lie about having a large number of pirates as the truth, much to the disbelief of the crew.

The Black Cat pirates find a ship with treasure on it next to theirs. Usopp comments on how it's his treasure and tries to bribe them into leaving for it, but Jango and the others just state they'll take it anyway and that they will not leave. As Jango pulls out his ring to hypnotize Usopp, Nami shows up and bashes him on the head for trying to give them her treasure meanwhile Jango has put himself to asleep (again). With no sign of Luffy, Nami tells Usopp to go fight the pirate while she supports him. As the Black Cats begin to advance forward, Usopp and Nami throw some caltrops at the pirates that Usopp brought along.

Back at the other slope, Zoro lays on his back, tired from trying to get past the oil he slipped down. Finally he resorts to using his swords to climb up with. However he faces his next problem - he does not know which direction is north. Meanwhile Luffy is rushing around with no clue as to which direction is north either.

Back at the slope, the caltrops are working and Usopp pulls out his slingshot to fire at the pirates. After taking out a few, Nami comments on how she thinks she will have a rest now, only to find some of the caltrops are behind them, which Usopp blames on her. As she turns around, she sights Usopp getting hit as the crew finally makes it up the slope.

The crew pass by him, Usopp grabs the leg of the man who hit him, claiming he will make sure the next day is as peaceful as the last for the village. As a pirate goes to kill Usopp, Nami finally steps in and knocks him away, but in turn is knocked away also. Jango orders the crew to just ignore the pair as they must get to the village before Kuro's plan goes wrong and Kuro kills them all. Usopp makes another attempt to stop the pirates; suddenly they are knocked away as Zoro and Luffy finally arrive.",
30,Giant mecha versions of the Straw Hat Pirates rampage through a modern-day city.,"On the mansion doors steps, Kuro sits and he says the word ""late"". He pictures the other servant laying on the floor, injured and the room cut up from his attack. He comments on if Jango and the others are late he would kill them, setting off to find out where they may have gone.

On the slope, Jango stands behind his fallen crew. While Jango is looking on in awe and commenting to his crew about being defeated by a bunch of kids, Zoro, Luffy, Nami, and Usopp argue. Jango hypnotizes the crew into thinking that they are stronger than before, with one demonstrating this new found strength by shattering the nearby cliff wall. Sending them after Luffy and the others however, it is revealed that Jango also hypnotized Luffy at the same time to Zoro's complete disbelief.

Thrown into a hypnotized induced rage, Luffy successfully knocks back the Black Cat Pirates with his Gomu Gomu no Gatling Gun. Proceeding to storm past the invading pirates, Luffy grabs the figurehead of their ship and tears it off, turning to face the pirates. Realizing Luffy's intent to whack the entire crew with it, Jango quickly hypnotizes Luffy into falling asleep, causing the latter to drop the bow and crush himself and several pirates with it, the figurehead barely missing Jango himself. With Luffy having defeated the crew, Nami, Zoro, and Usopp begin to celebrate only for Jango to remind his crew that they will face Kuro's wrath if they fail.

While Zoro ensures the others know Luffy is not dead, two new voices suddenly call from on board the ship as somebody notices the stern missing; and Jango identifies them as the Nyaban Brothers.

Back at the village, Kuro heads towards the north coast only for Tamanegi to sight him; wondering why the butler would be walking around that early.",
31,"The Straw Hat Pirates mold their hearts' desires from a cloudbank—Luffy a ship, Zoro a set of swords and a barrel of ale, and Nami a hoard of treasure.","At the mansion, Kaya has a nightmare where Usopp attempts to kill her for insulting his pirate blood. She goes looking around the mansion for Klahadore, only to find her servant Merry laying on the floor.

Merry manages to regain consciousness; however, he is too weak to get up. He tells Kaya about Klahadore attacking and trying to kill him and how Usopp really was correct; Klahadore really is a pirate. Kaya cries because the only one who knew the truth was chased away from the village while trying to protect it. More startling is the news from Merry that everyone else in the mansion is on vacation, Merry calms Kaya down since nothing has happened yet. Klahadore is after treasure, Merry tells Kaya to just give him what he is after to protect her life so the village can stay safe.

The Usopp Pirates gather outside the village, commenting how they think their captain lied about lying about the pirates coming. Just then, they spot Miss Kaya heading out of town.

Back at the coast, Zoro stands ready to fight whatever is coming up from the Black Cat Pirates next. The Nyaban Brothers, Buchi and Sham, appear. The pair appear afraid to attack Zoro. Sham runs towards Zoro in a cowardly fashion. However, at the last second Sham suddenly becomes confident and reveals he was faking his cowardice. The next thing, Zoro sees Sham standing there with two of his swords attached to his back.",
32,"Color Cover: A Wuxia remix of the Straw Hat Pirates—Luffy and Zoro each wielding a cha trident, and Nami sporting a qipao with peacock-feather fan. A coiling golden dragon completes the scene.","Zoro demands Sham hand over his swords, but Sham refuses. Sham tosses Zoro's swords aside so he can fight Zoro, which annoys Zoro deeply. Zoro cuts Sham, believing Sham is finished, Zoro heads for his swords only to find Sham has survived on the account of the fact all Zoro managed to cut was his shirt because Sham is really skinny. Buchi enters the fight as Sham holds Zoro against the ground. Zoro manages to toss Sham aside and barely dodge the attack; the ground breaks where Buchi impacts it.

Zoro realizes that he has to fight with one sword against the pair and there is nothing he can do, and he also notes if Buchi hits him with that technique, he will break every bone in his body. The pair strike at Zoro in a fury of cat scratches, and Zoro can only defend against the pair for now. Usopp fires his slingshot in an attempt to aid Zoro, but Zoro takes the damage, leaving himself to be hit by Buchi. Nami angrily tells Usopp off for his failed attempt, but Usopp tells Zoro took the hit on purpose. Zoro yells on them that if they hit the pair, the Nyaban brothers will go after them instead.

Nami attempts to get Zoro's swords for him, however as she approaches so does Jango and he slashes her side with his ring. Suddenly, Jango gets a bad feeling come over him and the Nyaban brothers both become incredibly frightened. On top of the slope stands Kuro. Kuro demands to know why dawn has passed and his plan is not in motion.",
33,Animal Theater: Zoro and Nami soar through the sky in biplanes; along for the ride on Zoro's plane are Luffy and a massive gorilla.,"Kuro demands to know how the Black Cat Pirates were beaten by a bunch of children. Jango states it was Kuro himself that said Usopp would not be a problem, but Kuro just states that the Black Cats are weaker than he thought they were.

Buchi and Sham cannot believe what they are hearing. They try to argue that while Kuro has been leading a peaceful existence in the village, they have been fighting hard against other pirates and plundering other villages and that in three years they have gotten a lot stronger. They attempt to kill Kuro before he kills them, but to their horror Kuro dodges the attack. He appears behind them but when they turn to strike, he once again appears behind them again with his special weapons, the Cat Claws, pointing at the pairs' throats. Jango comments how, with those weapons, Kuro can move silently and that Kuro's habit of lifting up his glasses still makes his hair stand on end. Kuro tells the Nyaban Brothers they have 5 minutes to kill them or he will kill everyone.

With renewed hope, the pair rush at Zoro. Nami kicks Zoro his swords, much to Zoro's annoyance. With all three swords in his hands, Zoro easily defeats the pair with a single move. Zoro points his sword at Kuro and states he is next. However, attention is drawn to Buchi, who still has survived Zoro's attack. Buchi demands that Jango hypnotize him so he can continue fighting.

While Zoro tackles the hypnotized Buchi, Nami makes an attempt to wake Luffy up. Jango spots this and throws his ring at her.",
34,"Animal Theater: A jam session between the Straw Hats and the Town Musicians of Bremen, featuring the cat on flute, Luffy on cymbals, the dog on fiddle, Zoro on trumpet, the donkey on keyboard, Nami on xylophone, and the rooster on accordion. Backup vocals are sung by a trio of frogs.","Trying to wake up Luffy, Nami just steps on his face as Jango's weapon comes flying through the air towards her. Luffy wakes up, angry Nami stepped on his face, and the ring goes into the back of his head. Kuro is angry because he thought Luffy was already dead. Luffy stops the ring from cutting deep into his skull by stomping his feet hard against the ground. To the horror of the Black Cat Pirates, Luffy takes the ring out of his head and acts as if it was nothing, just saying that it hurt and he wants to know who threw it. The Black Cat Pirates then realize there is no way they can beat him in the 5 minutes Kuro gave them.

Luffy yells at Nami, thinking it was her who threw the ring. But then he sees her bleeding shoulder. Nami tells him to get the fight over and done with, that it is a battle they cannot afford to loose. Luffy's attention turns to Kuro. Kuro tells his former crew that they now have 3 minutes left to kill Luffy, Zoro, Nami and Usopp. The crew state they know they cannot keep to such a short deadline even with Jango and Buchi at their aid.

As Buchi is ordered to go after Zoro while Jango takes on Luffy, attention is drawn behind Kuro. Kaya has arrived to speak to Klahadore. Usopp is horrified she came here. Kuro is surprised to see her here, Kaya explains Merry told her the truth. As Kuro speaks, Kaya begins to realize this is indeed not the Klahadore she knew. She apologizes to Usopp for not believing him. Usopp is angry she did not run away, but Kaya asks him why he is fighting for the village when the other villagers ran him out of town.

She then offers Kuro all her fortune if he leaves the village. Kuro steps in and explains it is not treasure alone he seeks, but also a peaceful life. For the last past three years he has built up a reputation with the villagers, he has created a peaceful life and the incident involving his former crew and her will are all part of the scheme. Usopp tells Kaya to run now that she has spoken to him, but instead she pulls out a gun on him, Kaya demands him to leave.

Kuro comments that she has become ""stronger"" over the last three years. He then recollects the events of the last three years with her, the things they did together but then as a change of tone he calls the events ""stupid things"" and tells her straight he has done everything for her today, the day she dies. Kaya drops the gun as Kuro goes on about enduring the boring days in the past three years. Usopp is angry that Kuro is betraying Kaya's feelings. Usopp attempts to attack Kuro, but Kuro dodges the attack. As Kuro goes to strike Usopp as revenge for hitting him earlier, Luffy intervenes. Luffy punches him and swears Kuro will have a bad day since he hates being punched.",
35,"Buggy's Crew Adventure Chronicles, Vol. 1: ""Buggy's Crew, After the Battle.""
Buggy, still missing his entire body save for head, hands, and feet, finds himself in an unknown sea, rowing for his life as a school of man-eating fish pursue his raft.","The Black Cat Pirates are amazed Luffy hit Kuro from down at the bottom of the slope. Although Kuro just lays there, his former crew are aware this silence means Kuro is angry now.

Before anything else can happen, the rest of the Usopp Pirates come running towards Kuro and hit him with various objects (a shovel, a baseball bat, and a frying pan). Ninjin, Tamanegi, and Piiman are all angry that their captain, Usopp, came to fight without them. Usopp begs them to run away, but they only do so when Kuro suddenly appears behind them. Kuro walks past the boys and straight up to Usopp and kicks him hard. Then ignoring Usopp, Kuro asks Luffy if he got his powers from a Devil Fruit. Luffy explains he ate the Gomu Gomu no Mi which made him like rubber. Jango is amazed the rumors are true and that they do indeed exist.

Kuro calls to Jango, telling him to just deal with Kaya and the Usopp pirates while he deals with Luffy. Zoro makes an attempt to block Jango's path to Kaya, but Buchi attacks. Buchi leaps into the air, but Zoro knows Buchi's trademark attack is about to hit him and while it does not hit him, the attack is more powerful than ever. Kuro comments on how Buchi does not know his own strength. Buchi manages to pin Zoro against the walls of the slope, however Zoro refuses to lose to someone he already defeated once before and pushes Buchi away from him.

Jango walks past Zoro, who is still being blocked by Buchi and Usopp can only stare on as his body refuses to move. Usopp gives his Usopp Pirates the most important task of all: protect Kaya and get her to a safe place. They escort Kaya into the forest, with Jango close behind them determined not to let them get away. As Jango goes to throw his ring again, Usopp hits him with his slingshot. Jango turns his attention to Usopp, but he is reminded he has a task to do by Kuro.",
36,"Buggy's Crew Adventure Chronicles, Vol. 2: ""Mohji and Cabaji"".
Their captain gone and his two strongest lieutenants badly beaten, the Buggy Pirates are unceremoniously chased out of Orange Town by Chouchou and a mob of angry citizens.","Piiman asks the other Usopp Pirates to look back to see if Jango is following them as they escort Kaya through the forest. Just as they think they are safe, Jango's ring comes flying out through the trees in their direction, barely missing them but cutting up every tree they fly through. Jango tells them he is prepared to destroy the whole forest in order to find them.

The echoes of Jango chasing after the others can be heard back at the coastline. Kuro tells Usopp he has no feelings for Miss Kaya and if she does just happen to survive, he might thank her for being part of his scheme. As Usopp makes a break for it in order to aid Miss Kaya and the others, Buchi makes an attempt to once again get in the way, but Zoro once again blocks, this time he wastes no time with him. As Usopp makes another break for it, he falls to the ground too weak to continue on while Kuro laughs at his efforts. Usopp knows he cannot win, but is prepared to fight anyway.

Buchi tosses Zoro aside again. The other Black Cat Pirates mock Usopp and get a boulder thrown at them from Luffy. Zoro loses his temper at Buchi and finally makes the finishing strike against him. With Buchi out of the way, Zoro takes Usopp and heads out after Kaya and the others. Kuro attempts to prevent Zoro and Usopp from leaving, but Luffy sees to it that they are allowed to leave. Unfortunately, Kuro dodges the attack. Kuro then strikes back at Luffy, whom in turn strikes at him. Kuro now concentrates on Luffy only. Kuro asks Luffy why he fights for the village as an outside. Luffy tells him there is someone in the village he won't let die.

In the forest, Zoro's bad sense of direction is hindering his attempt to locate Kaya, even with Usopp's help. Elsewhere in the forest, Kaya is beginning to feel the height of her illness as the running around is bringing on her fever. The Usopp Pirates urge her on, but she asks them to leave which they refuse to. Jango finally catches up with them.",
37,"Buggy's Crew Adventure Chronicles, Vol. 3: ""Buggy's Adventure""
Having made landfall, Buggy immediately starts hunting the first animal he sees: an apparently-defenseless chick.","The battle between Kuro and Luffy begins, and Luffy is unable to gain an upper hand against Kuro as he is too quick and agile. After a few punches, Kuro lands on Luffy's arm and heads straight for him. Luffy gets a kick to the face for his efforts and is knocked away. The Black Cat Pirates cheer Captain Kuro on, but Kuro reminds them that they should not be calling him that anymore.

Kuro flashbacks to 3 years ago. On board his ship, where he has summoned Jango. He announced his desire to give up being a pirate and told Jango he could be captain. His crew informed him a Marine ship had been spotted, which Kuro commented was the third time this week. Jango pointed out, that after they defeat the Marines they would become more famous, which Kuro confirmed that Jango is correct on that much so he would stop being Kuro. When Jango laughed since the Marines would chase him to death, Kuro announced he would kill himself.

On deck a crew member asked if he should fire the cannons, Kuro stated that he should just lower a small boat and then head towards the Marine ship alone. When all was silent, the crew prepared the cannons, believing Kuro is dead. However upon investigating the ship, they found Kuro had killed all the Marines onboard himself. Kuro started his plan by approaching a Marine who happened to be alive and stepped on his jaw to break it. To Kuro's amazement, the Marine talked back even with a broken jaw. Since the Marine spoke back, Kuro announced he could be the one to take the great Captain Kuro back alive.

Dressing up a member of the crew to look like Kuro, Jango hypnotized the unfortunate crew member into believing he was Kuro. Then the Marine was hypnotized into believing he had captured Kuro. The pair sail away and Kuro smiled as he watched, knowing soon the world would believe Kuro was dead and he could begin the rest of his plan.

In the present, Kuro asks Luffy if now he knows what he wants. Kuro once again attacks Luffy, Luffy reacts by shoving a rock in one of Kuro's Cat Claws, then he turns with the rock in his hands and snaps the Claw's blades. Luffy then says to Kuro  he shouldn't have been a pirate to begin with if he didn't want the fame that follows with it. Luffy then goes on about his own plan to become Pirate King.",
38,"Color Cover: The Straw Hat Pirates summit a mountain; while Zoro sightsees, Usopp blows a conch, and Luffy yodels, Nami finds a goat eating her maps.","On the coastline, Kuro lays flat on his chest after Luffy has broken one of his Cat Claws. He gets up, the Black Cat Pirates encourage Kuro to kill Luffy and call his real name and not his fake name, which they remember that he told them not to call him Kuro. Kuro tells them to shut up, he already plans to kill the crew, including Jango once his plan is successful.

Back in the forest, Jango is having a hard time trying to hypnotize Kaya. She refuses to open her eyes. The Usopp Pirates (minus Usopp) lay pretending to be asleep having already been hypnotized themselves. When she refuses, he tries to force them open, the Usopp Pirates then attack, throwing pepper in his eyes and kicking him in the groin. When Jango recovers, Kaya and the others have departed. As Jango wanders through the forest, looking for them, they ambush him. Zoro and Usopp hear their voices in the forest and go to check out the noise. The Usopp Pirates continue their attack on Jango, who throws Onion into a tree as he fights back.

Back at the coastline, Kuro explains things would be more realistic if a few of the crew died here and that he planned on not letting any of his crew live in the beginning. In order to wipe out the name of Kuro, not only must his plan succeed, but his crew must die also so there is no one left who knows he is still alive. As Luffy speaks his mind about Kuro's ideas, Kuro return says more about the opinions of his own crew saying that in a true pirate fleet, all the member are pawns for the captain and should always follow orders no matter the sacrifice. Luffy states Kuro cannot beat Usopp even with the number of crew members he has. Kuro, humored by the thought, asks why to which Luffy replies its the way Kuro thinks. After punching Kuro, Luffy then states that he does not know what being a true pirate is.

After Luffy's hit and remark, Kuro tells Luffy he had insulted him and states he will show him about what being a pirate is. Kuro does a strange stance, seeing it makes the other Black Cat Pirates panic. They each beg him not to use that move while a clueless Luffy watches on.

On board the Black Cat Pirates' ship, Nami with the crews treasure, watches, wondering if the fight is over. Suddenly the crew begins to be cut up, which Luffy cannot figure out how Kuro got past him so fast. The crew state that Kuro will not stop this technique until he grows tired and there is no use trying to talk him out of it. Luffy is angered at the sight of Kuro cutting up his own crew, much to the amazement of Nami.",
39,"Buggy's Crew Adventure Chronicles, Vol. 4: ""Buggy and the Big Bird""
Finding that the chicks he planned to eat are protected by a huge parent who intends to eat him, Buggy runs away in terror.","Luffy and Nami are still watching as Kuro continues to cut up the other Black Cat Pirates. Suddenly, Luffy is wounded by Kuro but he keeps his ground and grabs Kuro's jacket and throws him to the ground. Kuro mocks Luffy, saying he should have stood still so Kuro could kill him easier, and because Luffy stops him moving, his crew are still alive and suffering. Kuro goes to do his move again, but this time Luffy grabs him and holds him tight. Kuro is unable to move.

In the forest, Kaya agrees to sign the will if Jango stops hurting the Usopp Pirates. Jango throws them against trees and turns to Kaya, who has his hypnotizing ring and threatens to kill herself with it if he does not do what she says. Jango panics, because if he does not get the will signed before her death he is in trouble. While Kaya signs the will, the Usopp pirates pretend to be hurt. They discuss their options and agree that just because their losing does not mean they can run away. With the will signed, Jango now prepares himself to kill Kaya.

Zoro and Usopp spot them. Zoro tosses Usopp aside to stop Jango. As Jango goes in for the kill the Usopp Pirates ram a shovel between the cheeks of his rear. Angrily he kicks them aside and goes to kill Kaya, stating to Zoro he is too late to save her. But Zoro states it wasn't his goal to do so, he cuts some branches blocking a clear shot of Jango from Usopp. With the branches out of the way, Usopp now can fire a clear shot at Jango with his slingshot.

Back at the coastline, Kuro's crew cheer Luffy on. Luffy throws his head back and stretches his neck far enough back to tell the Black Cat pirates to stop cheering for him. Kuro in shock just keeps on about how his plan will not fail.

Jango is hit by Usopp's slingshot and at that same moment, Kuro also falls as Luffy pulls his head back and rams it into Kuro.",
40,"Buggy's Crew Adventure Chronicles, Vol. 5: ""Battle of Wits""
A gloating Buggy sets a crude pitfall for Big Bird, who proves intelligent enough to easily uncover the trap.","Kuro falls to the ground with Luffy still holding onto him. The Black Cat Pirates are amazed Luffy was able to do so and cannot understand how. They demand to know who he is. Luffy explains he will never lose to a pirate who leaves the sea behind and that a pirate only leaves his name when he dies. Luffy tells them he will become the greatest pirate in the world. Luffy tosses Kuro at the pirates and tells them to leave and never come back again, and all the crew members run away. Luffy collapses, and Nami catches him. With the crew rushing to get away, Nami talks about pirates.

In the forest, Zoro ties his bandana around his arm and walks through the forest away from the defeated Jango.

Elsewhere in the forest Usopp has a chat with his Usopp Pirates and Kaya. He asks them to keep the event a secret form the rest of the village, even with pleas from all, he explains he is a liar, no one would believe them anyway. Usopp explains there will be no other pirate attacks, that life must continue on as normal with no one worrying over the possibility of what can happen. Everyone promises to keep the event a secret for the rest of their lives.

Back in the village, seven o'clock passes by and everyone notices something is missing as Usopp has not done his usual antics. Piiman, Ninjin and Tamanegi return home and get scolded by their parents for one thing or another related to the events of Kuro's plan. At the coastline, Usopp thanks all the Straw Hat Pirates. Back to the mansion, Kaya tends to Merry's wounds and tells him about her promise.

Elsewhere, near a cliff, Usopp calls together his Usopp Pirates and speaks to them. Usopp declares he will leave the island and become a real pirate, to which the others are shocked. He recalls the day he met them. He asks them to chase their dreams and with a tearful farewell between all four members, the Usopp Pirates are declared defunct.",
41,Color Cover: A young Luffy poses for a picture with the Red Hair Pirates.,"After a hard battle, Nami, Luffy and Zoro are seen eating in a local restaurant. Suddenly Kaya enters and asks if she can have a word with them. Elsewhere Usopp sits at home after packing his bag, he states it's time to leave his home, however he packed his bag with so much stuff he cannot get out of the door. He rolls away after breaking the door getting out. After rolling away from his house, he smiles and collects his things up again.

Elsewhere, Merry and Kaya show the Straw Hat Pirates the ship they intend to give them, the Going Merry. Nami comments on it being a caravel. Merry explains that he designed the Merry and explains its rudder system, which Nami interrupts and says to just explain it to her. Kaya mentions she stocked up the Going Merry with the necessary food, which Luffy thanks her for, Zoro however tells him off when he gets his thanks wrong (see chapter notes).

Everyone's attention is drawn towards Usopp who is rolling down the slope. Luffy and Zoro stop him using their feet before he hits the ship. When Usopp says he will head out to sea and meet them someday, Luffy and Zoro tell him to just shut up and get on board the ship with them as captain, which Luffy instantly states is his job.

Ninjin, Tamanegi, and Piiman watch them leave, taking their former captain with them. They are happy that although Usopp always lived alone, he is surrounded by strong people now. Piiman has an idea suddenly.

Elsewhere also watching them leave, Merry and Kaya talk. Merry tells Kaya of Usopp's past. When Usopp was young, his father Yasopp left to become a pirate, leaving behind his wife and child, Usopp. His mother fell sick and the day before her death Usopp ran through the village calling that the Pirates are coming, his father was returning to take them away. She knew he was lying, but stated she was proud she had married him and happy he left to pursue his dream and believed that one day he would become as strong as his father. Usopp cried trying to stop her from talking as though she was about to die.

After his mother's death, Usopp was then alone, but he continued to call ""the pirates are coming"", even though he had no need to. Merry stated Kaya needs to continue on and be strong so she does not suffer as he used to as a repayment to him for saving her.

As the crew of the Straw Hat Pirates celebrates a new member and ship, back in the village the three former Usopp pirates prepare themselves. As they call ""The pirates are coming"", Kaya tells Merry she wants to become a doctor someday.",
42,"Buggy's Crew Adventure Chronicles, Vol. 6: ""Journey Through the Sky—Part 2"".
Big Bird successfully captures and eats Buggy, only to spit him out due to his awful taste.","On the Going Merry, Luffy displays his concept for the crew's Jolly Roger, a straw hat skull and crossbones. His art skill is terribly lacking, so Usopp decides to show off his artistic ability. After his personal mark is shot down by Luffy and Zoro, the crew and Nami paint the improved Straw Hat emblem on the sails.

After this, Luffy tries to hit a large rock in the sea with one of the ship's cannons, missing each time. Usopp displays his marksmanship, blasting the rock to pieces before quickly being named as the crew's sniper.

In the kitchen, a serious discussion is underway. There is one more position to be filled, something very important for a long voyage. Luffy agrees, and decides that it is time to search for a musician. While the rest of the crew berates Luffy for his lack of vision, a mysterious attacker calls them out. After quickly defeating the swordsman, Zoro is treated to a surprise; it is his old partner Johnny. Johnny's partner, Yosaku, had become gravely ill. Unsure what to do, Johnny went to a rock in the ocean to think, the same one Luffy and Usopp used for target practice. Johnny thinks Yosaku is going to die, but Nami assures him it is just scurvy, and has Luffy and Usopp feed Yosaku some fresh limes.

After recovering, Johnny and Yosaku formally introduce themselves to the crew.

The Straw Hats and Nami decide that they definitely need a cook, and Johnny knows of one good place to look. A few days sailing from their current position is a very special restaurant near the Grand Line, a floating restaurant.",
43,"Buggy's Crew Adventure Chronicles, Vol. 7: ""Crash Landing at the Island of Odd Beasts"".
Buggy's landing on a certain island attracts a crowd of bizarre animals—and an even more bizarre man.","As the crew approaches the Baratie, a floating restaurant shaped like a fish, the Marine ""Iron Fist"" Fullbody appears to entertaining a young lady. Johnny and Yosaku hide as to not be seen while Johnny cries over loosing to the captain of a crew that has only existed for few days old. Fullbody acknowledges he knows who the bounty hunting pair are and insults them, they try to attack him but are pummeled for their efforts off-page. Luffy insults them for ""sucking"" at what they are. Fullbody gives them a warning he is off duty and will not defeat them this time, however if they are a problem again he will simply beat them.

When Jonny fell to the ground, wanted posters flew out of his pocket, Nami picks one up and is suddenly distant. Despite what he said, Fullbody goes back on his word and decides to sink their ship. Luffy blows up like a balloon thanks to his Gomu Gomu no Mi powers and sends the cannonball back. However, he misses and hits the Baratie by mistake.

Inside, Fullbody and his date for the day are enjoying a meal, she notices all eyes are on him but he flatters her by saying all eyes are on her. He then drinks some wine and attempts to identify it asking for confirmation from the waiter, but the wine he ordered ahead of his date was not the wine he was given and the waiter turns out to be the sous chef, Sanji. Having being left red faced, Fullbody gets comments from his date.

Meanwhile, Luffy is pulled up by Zeff the head chef. A deal is struck that Luffy must work for 1 year to repay his debt. Luffy's crew wonders where Luffy has got up to.

Fullbody attempts to get back at Sanji by putting a fly in the soup he was given. Sanji flirts with his date and when the insect is pointed out, Sanji passes it off and just says he is not an insect expert. With his date now laughing in his face, Fullbody smashes the table to the ground. Sanji just passes it off, saying he can take the insect off since its not important as Fullbody has finished his meal anyway. With his date screaming to stop, Fullbody goes to hit Sanji. The other chefs beg Sanji to not react. Fullbody is left bloodstained as Sanji beats his ideals as a chef into him. He passes a comment that he should not berate a chef in the middle of the sea as it is suicide.",
44,"Color Cover: The Straw Hat Pirates feast on giant apples, Zoro and Usopp straining to squeeze out the juice.","Luffy is trying to work out a much shorter time for working at the Baratie then the one Zeff proposes. But Zeff states he did the damage and now must repair it. When Luffy rudely states he will not accept, Zeff kicks him with his peg leg and offers a much faster way of repairing his debt; have one of his legs cut off. Luffy refuses once more and berates Zeff causing the chef to kick at him once more.

Meanwhile Patty is preparing himself to greet customers, although he means well in practice he is getting everything round the wrong way. To his horror, when he finally goes to work, Sanji is holding the bloodstained Fullbody by the neck. The two insult each other before breaking into a fight. However when Fullbody threatens to have the place shut down, Sanji simply states he cannot let the Marine live now. The other chefs grab Sanji to prevent the Marine from being killed, at that moment Zeff and Luffy come crashing through the ceiling. The two get up and continue to argue, Zeff's attention is drawn to Sanji as the other chefs plea for his behavior to stop. After stopping Sanji with a kick, Zeff kicks out Fullbody who comments these chefs are no better than pirates.

At that moment Fullbody's attention is drawn by one of his men who reports the prisoner has escaped from his cell and 7 of Fullbody's men could not stop him. Fullbody dismisses it, stating that he was starving when they found him and had gone for the last 3 days without any food given to him. When the Marine asks for forgiveness, the prisoner appears and shots the Marine to the ground with a single shot. He walks in and sits at a table with his feet up on it. Patty walks up to the man and treats him with respect to the horror of the other customers. When Gin threatens to pay for his food with bullets since he has no money, Patty clobbers the man, breaking one of Zeff's chairs. Patty kicks the man about to the cheering of the customers while Fullbody makes an escape.

Outside the restaurant, the man lays hungry, Sanji appears and gives him food. Sanji is happy at the man's reactions, who comments its the best food he has had in his life. Luffy comments on he has found his chef.",
45,"Color Cover: The Straw Hat Pirates, all dressed in formal black clothing, lounge on a marble staircase. On the balustrade is perched a black cat; behind it, ""NEIGHBOURS"" is scrawled in red paint.
It was later used as the cover of Volume 6, which opened with this chapter.","Luffy offers his amazement that Gin's meal saved him from death, and asks Sanji to join his crew. After introductions are made, Sanji tells Luffy that Zeff used to be a pirate himself, and the Baratie is the old man's treasure. On top of that, all the other cooks are pirate-types themselves. In a restaurant frequented by pirates, they are perfect for the job, but the waiters could not handle the fighting and quit. Luffy realizes that's why Zeff wanted him to work for a year, and repeats his offer to Sanji. Sanji refuses, and will not say why. Gin, an officer under Don Krieg, asks what Luffy plans to do, and Luffy tells him his goal of finding the One Piece. Gin warns Luffy to not enter the Grand Line, despite not knowing that much about it himself.

In the kitchen, the other cooks warn Patty that his treatment to Gin might attract Don Krieg. What makes Krieg so fearsome is that his 'crew' consists of 5,000 men, divided into fifty fleets. Patty is not scared, however, and says that giving the pirate free food would have an adverse effect on the paying customers. The fighting cooks of the Baratie have chased off attacking pirates before, and if they do not like it they can quit. Fellow cook Carne points out that's what he told the waiters. Before the argument could turn physical, Zeff shows up to quell the violence.

Outside, Luffy and Sanji bid farewell to Gin, who sails off. When Zeff appears to call the boys back to work, Sanji sends the plate he served Gin's meal on overboard, removing any 'proof'.

In the kitchen, Luffy declares that he's now Chore-Boy, and after breaking several dishes, is told by Patty to wait on customers. In the dining hall, Luffy is furious to find his crew and Nami relaxing while he's stuck working. Sanji then appears and proclaims his love to Nami, poetically lamenting the 'obstacles' between them. Zeff shows up out of nowhere and says that Sanji can go be a pirate, he's not needed at the Baratie.

Elsewhere, Gin has made it back to his crew and tells his boss, Don Krieg, that he can take the crew to the Baratie.",
46,"Buggy's Crew Adventure Chronicles, Vol. 8: ""Battle In the Forest of Judgment"".
While the other Rare Animals look on, Buggy and Gaimon come to blows, detachable hands against loaded pistol.","After Zeff asks Sanji to leave the restaurant, they start a fight. Sanji claims that he will not go until Zeff dies, which Zeff answers that he will live another hundred years.

After this interruption, Sanji continues to serve the Straw Hat table. However, he shows favor to Nami as a female. Usopp becomes agitated with Sanji's discrimination. Nami quickly realizes her advantage and plays up to Sanji asking for free food. When Zoro tells her that she is tricky, Nami warns them that they should be careful too.

Two days later, Don Krieg galleon appears. The Chefs and clients are frightened due to his reputation. However, it quickly becomes apparent that Krieg's ship is in a pitiful shape. An agonizing and frail Don Krieg enters the restaurant with the support of Gin and begs for food and water.

Patty's reaction is to call the marines so that they could benefit from his weak state. However, like he did for Gin, Sanji returns with some food, despite Carne's warnings about the pirate's treacherous past. When Carne finished speaking, Don Krieg strikes Sanji and in front of a shocked Gin, claims that he wants the restaurant ship for himself.",
47,"Buggy's Crew Adventure Chronicles, Vol. 9: ""You're a Freak Too"".
Fascinated by each others' bizarre physiques, Buggy and Gaimon become friends; as night falls, they party with all the animals of the island, feasting on fruit and handmade liquor.","The chefs of the Baratie begin to flee, believing there to be no hope for survival. Gin begs for Krieg to stop what he is doing, because Krieg had promised him earlier that he would not hurt anybody at the restaurant. Krieg elaborates on his statement, saying he needs the new ship because his old one is worn out. He begins to tell them about his crew and how they are all starving or critically wounded. He demands that the chefs make his crew food at once, but the chefs refuse. Krieg gets mad, but suddenly, Sanji stands up and begins to head to the kitchen.

The chefs of the Baratie pull out their guns and point them at Sanji, telling him they will not let him make food for any more pirates. Sanji explains that he must do it because it is his duty as a chef. Patty takes matters into his own hands and knocks Sanji down and tells him he cannot allow him to become involved in the matter. Patty then pulls out his meatball cannon and fires it at Krieg. The chefs believe him to be defeated, but Krieg gets back up and shoots all the chefs with his pricks.

Krieg states that he is the strongest and that those who defy him must die. He begins to brag about his suit of armor, weapons, and battle experience. He demands they follow his orders due to his extensive and violent past. Suddenly, Zeff appears with a bag of food and hands it to Krieg. The chefs begin to complain, but Zeff then explains that the Krieg Pirates are nothing more than defeated warriors of the grand line. The chefs are shocked to hear this, and Krieg realizes who Zeff really is; Red-Leg Zeff.",
48,"Buggy's Crew Adventure Chronicles, Vol. 10: ""Farewell To A Worthy Foe.""
On the following day, Gaimon helped Buggy build a new raft. Parting on good terms, Buggy once again casts off into the unknown.","Don Krieg is surprised to learn that Zeff is alive. Zeff replies nonchalantly to Don Krieg that it has nothing to do with him, whether he is dead or alive, and that he is living as a cook now. Krieg is amused and comments that, from his point of view, Zeff is not living as a chef by choice, but because it is the only thing he can do. Zeff is angered but does not say a word.

Krieg then proceeds to tell the story of Red Leg Zeff, a once-infamous pirate who refused to use his hands in battle as he was a master of kicking. His destructive kicks could pulverize bedrock and leave a clear imprint on steel. He was both the chef and captain of his own crew, and he obtained his epithet, Red Leg, from his legs being dyed in the blood of his enemies after a fight. According to rumors, Zeff was supposed to have died in a shipwreck. Krieg deduces that Zeff only managed to survive the shipwreck by sacrificing his leg. Therefore, Krieg concludes that Zeff is unable to fight anymore, forcing him to retire as a pirate and become the chef of the Baratie. Sanji is visibly shocked upon hearing the story, but Zeff acts indifferent, saying that he still has his hands, which allows him to cook.

Zeff questions what Krieg is getting at, and Krieg replies that since Zeff once traveled to the Grand Line and returned safely, he must have a log of this journey and that he wants it for his future journeys. Luffy shows excitement upon hearing about the chef's expedition to the Grand Line. Confidently, Zeff confirms that he does indeed have a log but refuses to hand it over since he sees it as a memento of his former life.

Frustrated, Krieg declares that he will then have to take Zeff's log by force. Krieg acknowledges that he came back from the Grand Line defeated, but claims this is only due to a lack of information. Upon stating this, Krieg again declares that he will steal Zeff's log, along with the Baratie. This angers the Baratie chefs, and they declare that they will not let Krieg take their home from them. The chefs advance towards Krieg but get pushed back by his attacks. Krieg laughs and claims that once he gets Zeff's log, he will reassemble his pirate fleet and then find The One Piece in order to become the greatest pirate of the era. This causes Luffy to stand up and challenge Krieg, worrying the Baratie chefs. Luffy states that he will become the Pirate King. Zoro, sitting next to Usopp at a table, casually asks Luffy if he needs a hand. Luffy says that there is no need, as he can handle it himself. Krieg laughs at Luffy's small crew and tells Luffy to stop messing around. Krieg tells Luffy that even with his fleet of 50 ships carrying a crew of over 5,000 people, they were wiped out in a week, which Krieg still claims is due to a lack of information. This intrigues Zoro but terrifies Usopp.

As Krieg demands food for his crewmates, the Baratie chefs clearly deny him. Weakened by the past experience and struggle, Zeff hands over the food for Krieg's crew. Krieg then leaves the restaurant to feed his starving crew and gives everyone an ultimatum: either hand over Zeff's log and the Baratie ship, or they will all die. Claiming ignorance, Gin apologizes to Sanji, but Zeff dismisses the need for an apology. The Baratie chefs accuse Zeff of siding with Sanji, the man they insist is trying to destroy the restaurant. The head chef silences them, justifying Sanji's actions by asking if any member of the staff has ever experienced starvation. After the situation is controlled, the ultimatum leaves the chefs in a dilemma: either fight or run away. They end up deciding to protect the Baratie, as it is the only place where they all feel accepted. Meanwhile, Gin tries to discourage opposition. Sanji explains to Gin that, even if he feeds anyone who is starving, the enemies of the Baratie are already fed, so he will not hesitate.

Luffy sits next to Usopp and Zoro and asks if his crewmates also approve of Sanji, but Usopp is exclusively terrified about the imminent attack. After Luffy asks Gin about his knowledge of the Grand Line, Gin tells them of the fierceness of the ocean, especially after the crew was almost annihilated by just one man. This revelation causes a commotion in the restaurant. Furthermore, when Gin discloses that the one responsible for his crew's demise is Dracule Mihawk, Zoro appears alarmed.",
49,Color Cover: Nami relaxes with a giant seagull in sailor cap (labeled MARINE) and kerchief; behind stands a picket fence and a mailbox holding Luffy's straw hat.,"Zeff knows of a man with ""hawk eyes"" who seems to fill Gin's description. While the eyes alone aren't enough of a giveaway, the fact that he destroyed Krieg's entire fleet is more than enough proof that he is referring to the man he is thinking of. As Usopp and Luffy discuss never hearing of him, Zoro clarifies that is in fact the man he is looking for. Zoro's puzzled look from the previous chapter comes from the fact that he is looking for that same person, and that he was thought to be found nearby, according to some information Johnny gave him. As some of the chefs discuss a previous customer who get really drunk, Zoro decides that Johnny must have gotten his information mixed up. Sanji asks if perhaps the hawk-eyed man bore some kind of grudge against them, but Gin states that he recalls nothing like that, and that he just attacked them. Zeff proposes that maybe they disturbed his afternoon nap, enraging Gin at the possibility of that being the only reason. Zeff implores him not to get so upset, as such a thing is common in the Grand Line. This further excites Luffy, and he consequently decides that they must go to the Grand Line. Zoro agrees that his goals are undoubtedly tied to the Grand Line, prompting Sanji to label them all as idiots who would rush to their deaths. Zoro acknowledges that Sanji may be right, but warns against calling them idiots. He explains that the day he decided to become the World's Greatest Swordsman, he threw away all attachment to his own life, and thus he is the only person who has a right to call him an idiot. Luffy and Zoro chime in agreement. While Sanji expresses his disapproval, their conviction noticeably stirs something in him, prompting a smile from Zeff. Patty rushes in and reminds them all that Don Krieg's fleet is still parked in front of their ship.

Meanwhile, Don Krieg's crew recovers thanks to Zeff's food offering. They are rejoicing at being saved, and finally making it back from the Grand Line, which is also known as the ""Pirates's Graveyard"". However, Krieg tells them the plan is to actually return to the Grand Line. When he sees the lack of motivation in his men to return to where they were almost killed, he fires on a man who criticizes his decision. The crew quickly changes their mind and obey Krieg's orders. He then explains that they will steal the Baratie, not worried about the opposition since they are mere chefs.

When Krieg's men attack the restaurant, their galleon is suddenly cut in half. The men are in disbelief as nasty waves rock the boat. Krieg's subordinates try to tell him that the ship has been cut, but he refuses to believe that someone could cut a ship as big as theirs. Luffy, Zoro, and Usopp worry for the others, remembering that the Going Merry was outside in close proximity as well. When they head to where they left the Going Merry, they find Johnny and Yosaku almost drowning without a ship. The bounty hunters tell them the abominable truth; Nami fled with the Going Merry and all their belongings. At the same time, Zeff looks and notices a man on a small boat drifting towards them.",
50,"Buggy's Crew Adventure Chronicles, Vol. 11: ""Crab Attack"".
Buggy finds his raft attacked and scuttled by a giant crab.","As the Krieg Pirates find themselves reeling from the devastating attack to their ship, Johnny again apologizes for allowing Nami to escape them with the Going Merry. In a flashback, Nami was looking through known bounty posters, having stopped at a particular one for  20,000,000. Nami then started to act strange, furthering Johnny and Yosaku's interest. They tell her that the pirate featured in the poster had been quiet for a while, but recently started rampaging again. As they are talking, she moves Johnny and Yosaku's treasure to the Going Merry's deck and asked them to turn around as she changed clothes. While the two fought their temptation to peak, they were suddenly pushed overboard by Nami. Nami told them she had a nice time, but since she was a pirate thief, there were no exceptions. She says goodbye, and tells them that if fate truly links them, then they will meet again.

In the present, Zoro and Usopp are upset (Zoro for being betrayed, Usopp for losing the Going Merry). Luffy spots the ship on the horizon, and tells his crewmates they're going after her. Zoro tries to say that no good will come of chasing after a thief like Nami (To which Usopp retorts she stole their ship), but Luffy tells them that he will accept no one else as their navigator. Zoro wonders why he followed such a troublesome captain, but nevertheless agrees with his captain's orders and prepares to set sail along with Usopp, Johnny, and Yosaku on their ship. Luffy is not able to join as he still has debt to repay to Zeff, and Zoro warns him to be careful. As they begin to part ways, one of Don Krieg's subordinates yells to him that the man who destroyed their fleet has returned to kill them all.

Aboard the Baratie, the chefs discuss the man slowly drifting towards them, before Zeff confirms his identity: the ""Hawk-Eyes"" man is introduced as Dracule Mihawk, the world's greatest swordsman. Zoro is in absolute disbelief, and the Krieg Pirates demand to know why Mihawk has followed them. He tells them it was simply to ""kill time"" inciting the anger of one of the pirates to the point he attempts to shoot him. Mihawk draws his blade and easily redirects the bullets away from himself. While some Krieg Pirates believe he simply missed, Zoro corrects them and tells them that he actually changed the trajectory of the bullets with his blade. Zoro tells Mihawk that he's never seen such a sword handled so gracefully, with the Master Swordsman replying that there is no strength in swordplay without grace. Zoro asks Mihawk if he cut the ship as well. When Mihawk affirms, Zoro is absolutely certain that he is indeed the strongest in the world, a goal he tells Mihawk that he himself is trying to reach. He then challenges Mihawk to a duel as Mihawk said he was looking to kill time, as the Krieg Pirates and the Baratie staff realize Zoro is indeed the ""Pirate Hunter"" they've heard of before. Usopp tries to warn Luffy that the Going Merry is getting farther away from them, but he ignores it as he has now become focussed Mihawk and Zoro. Mihawk disembarks his ship and approaches Zoro, but doesn't seem interested in dueling him and calls him a weakling. He tells Zoro that if he were truly a great swordsman, then the difference in their powers would be obvious without the need to cross blades, and asks if this desire to duel comes from his conviction or ignorance, Zoro replies that he is doing this for his own ambition, and to fulfill a promise to a friend.

The scene then changes to Nami sailing away on the Going Merry, she has already begun to miss the crew. She comments to herself about how she thinks  they are good people, and wonders if they will still call her a friend when they meet again, if they meet again. As the scene gets closer to her face it's revealed that she is crying, saying that she just wants to be free, and addressing someone named Bell-mère.",
51,"Buggy's Crew Adventure Chronicles, Vol. 12: ""Enter the Mysterious Lady Pirate"".
A female pirate in a heart-themed boat drives off the crab with her pistol, saving Buggy.","Having now fully drawn his swords, Zoro expresses his shock at meeting the World's Greatest Swordsman Dracule Mihawk so early in their adventure. The impending duel has garnered the full attention of everyone present; Krieg Pirates, Straw Hats, and Baratie staff alike. However, Mihawk humiliates him by answering his request with a pocket knife, which was the pendant he was wearing around his neck. He states that he isn't like most fools who would go all out to hunt a mere rabbit. He goes on to explain that while Zoro may have earned some fame as a swordsman, the East Blue is the weakest of the four seas that are separated by the Grand Line and Red Line. He actually regrets that he didn't have an even smaller knife. Zoro is now furious at the degree to which he feels underestimated and prepares to attack, telling Mihawk not to regret it when he dies. As Zoro charges, Mihawk likens him to a frog in a well; stating that its time he experiences the real world beyond his little well. Zoro attempts to use ""Oni Giri"", but Mihawk effortlessly stops all 3 katana with the tip of his knife. Luffy is visibly surprised, while Johnny and Yosaku can't believe that one of Zoro's signature techniques was stopped so easily. Zoro himself considers how no man has been able to stop the technique before, and yet Mihawk countered it so easily with a ""toy"". The shock sends him into a frenzy, ferociously swinging at Mihawk while he wonders how the real world could possibly be so far out of reach with all his training and preparation. Mihawk continues to dodge and counter without so much as breaking a sweat. Zoro remembers his promise to Kuina, and redoubles his efforts. Mihawk notices his mental anguish and questions what burdens him so, and why he seeks the ultimate power. He again calls Zoro a weakling, this time angering Johnny and Yosaku to the point they attempt to intervene, but Luffy stops them. Zoro gets back on his feet, and prepares the ""Tora Gari"".

This time Zoro remembers his promise to Luffy instead, and how Luffy's reaction was that he'd expect nothing less of him to be standing at his side as Pirate King. Before Zoro could land the attack however, Mihawk pierces him in the chest with his knife. While everyone is shocked at the devastating blow, the biggest surprise comes from Mihawk, as Zoro simply stands there with the knife in his chest. He asks Zoro why he refuses to step back, and Zoro doesn't really know himself. He explains that if he were to take even one step back, it would be like stepping back on every vow he's made to this point, which would prevent him from ever making it back to where he is now. Mihawk states that such is defeat, but Zoro feels that is even more reason not to step back. Mihawk questions if he'd stand by this conviction even if it meant his death, but Zoro counters that death might actually be better. Mihawk is incredibly impressed by Zoro's strong display of will, and upon removing the knife from his chest, asks the latter to state his name. As Zoro complies, Mihawk finally draws his blade, telling Zoro that he will remember his name, as he does not often see his level of conviction in this world. As a gesture of respect to a fellow swordsman, he tells Zoro that he will fight him with the World's Strongest Sword.

Zoro prepares his ultimate attack, the Sanzen Sekai, as Mihawk charges toward him. The move ultimately proves ineffective, as all of his swords except the Wado Ichimonji are broken in Mihawk's attack. As his swords break, he concedes defeat and muses how he never even considered the possibility of losing. He stands to face Mihawk, exposing his chest, and extending his arms out to receive the final blow. Mihawk is puzzled, and Zoro tells him that a cut to the back is a shameful act among swordsmen. Mihawk is pleased with Zoro's brave gesture and slashes his chest open. As Zoro begins to fall from the wound, Mihawk makes a mental note that Zoro shouldn't rush his own death.",
52,"Color Spread: Eight headshots in two tiers, the top focusing on the Straw Hat Pirates—Nami, Zoro, Luffy, and Usopp—and the bottom on the Baratie principals—Krieg, Mihawk, Zeff, and Sanji. In-between, Patty, Johnny, and Yosaku squeeze themselves into various letters of the ""ONE PIECE"" logo.","Luffy, Usopp, Johnny and Yosaku are horrified at the cut Zoro has received, while the Krieg Pirates are in pure disbelief that someone as strong as Zoro stood no chance against the power of the Grand Line. Remembering Zoro's earlier words that his ambition meant he no longer had any attachment to his own life, Sanji is still perplexed that Zoro wouldn't throw it away if it meant certain death. He states that it should be simple, yelling out to Zoro as he falls into the ocean. After having seen his first friend utterly defeated, Luffy charges against Mihawk full of rage while Johnny and Yosaku dive in to save Zoro. He does so by extending his arm all the way over to Mihawk's location, shocking everyone present, as they were unaware he was a Devil Fruit user. He is easily avoided, as Mihawk deduces that he is one of Zoro's friends. Instead of fighting, the swordsman tells him that Zoro is not dead.

As Johnny and Yosaku recover Zoro's body from the ocean, Dracule Mihawk re-introduces himself, telling Zoro that it is much too early for him to die. Mihawk implores Zoro to learn more about both the world and himself, and to become strong. He promises that no matter how long it will take, he shall await him at the top in his strongest form. He encourages Zoro to press on with his strong will and surpass his sword, but more importantly, surpass him. While Usopp, Johnny, and Yosaku attempt to resuscitate Zoro, Mihawk turns to Luffy and asks him his goal. When Luffy answers ""Pirate King"", Mihawk smiles and casually tells Luffy that will be much more difficult than surpassing him. Luffy is undeterred by this, and asks Usopp if Zoro is ok. Usopp says that he's still alive, and only lost consciousness. Johnny and Yosaku plead for Zoro to say something, and to everyone's shock, he lifts his blade in the air. He apologizes to his captain for making him worry, repeating his earlier sentiment to him that he would be in a real dilemma as Pirate King if Zoro was not the World's Greatest Swordsman. Fighting against his pain and coughing up blood, he tearfully vows to Luffy that until the day he defeats Mihawk and becomes the World's Greatest Swordsman, he will never lose again. He asks his captain as future Pirate King if he has any issues with this, which Luffy happily denies. Satisfied by these spirits, Mihawk turns to leave without paying much attention to the Don Krieg pirates who he was looking for in the first place. He tells Luffy that him and Zoro make a good team, and wishes to see them again in the future. This new nonchalant attitude towards Krieg angers him, and he attempts to fire on Mihawk. The swordsman deals another devastating blow to what's left of the galleon, sending Krieg's men flying. When the dust settles, Mihawk is no longer present.

Having jumped back aboard the Baratie in the wake of Krieg and Mihawk's clash, Luffy tells Usopp to go on ahead and get Nami. Usopp promises to do so, then asks Luffy to stay here and convince Sanji to join them. He suggests that when they have five people in the crew, they should go to the Grand Line, and Luffy agrees. Sanji notices that Don Krieg's men are starting to plot something. Luffy decides to make a deal with Zeff: if he gets rid of them, it will settle his debt with him.",
53,"Buggy's Crew Adventure Chronicles, Vol. 13: ""Wanted Man""
Buggy is shocked when his mysterious savior produces a picture of the man she's searching for: Monkey D. Luffy.","Don Krieg decides to steal the Baratie, saying that it will make a perfect ship for the Grand Line, since no one would suspect it to be a pirate ship and when one of his crew speaks out about going back, he kills him. Krieg also mentions his plans to read Zeff's logbook to better prepare his crew for the grand line. This inspires the Krieg Pirates, and they start to attack the Baratie, to which Luffy responds by attacking them and defending the Baratie as per his agreement with Zeff.

However, the chefs are ready to fight, they release a wood platform in front of the restaurant, so that they do not have to fight into the restaurant and damage it, and Patty and Carne show off the Sabagashira No. 1 which is the fish head of the Baratie, and a paddle boat, which they use to attack Krieg. However, Don Krieg manages to subdue it easily and throw it back toward the chefs, but Sanji kicks it back just as easily showing his true strength.",
54,"Buggy's Crew Adventure Chronicles, Vol. 14: ""Pirate Alliance""
Over drinks and a hot meal, Buggy and the woman agree to be partners in the hunt for Luffy.","The Don Krieg pirates attack the Baratie chefs. Both claim to be more powerful as they've each faced separate, but challenging perils. Patty and Carne, who have exited safely from their tank, beat back many of the Krieg Pirates and cheer on their fellow workers. They remind them they fight not for just the Baratie, but their freedom to cook and fight where they are shunned from most ordinary restaurants.

However, the self-proclaimed Invincible Pearl appears behind the two chefs. He claims to be the most powerful and proves it by beating the chef duo in one punch as he wears his armor made of pearl and steel. When Sanji see that some of Krieg's pirates take the opportunity to steal Carne's knives, he kicks away all of the pirates and retains ownership of the knife for his chef friend.

When this Pearl continues his arrogant taunts, claiming he has not even bled one time in his battles, Sanji attacks him. At the same time, Don Krieg treacherously attacks Luffy who was enjoying Sanji's show. Luffy is sent flying in the process, but accidentally fall back on Pearl's head, knocking it into his armor. Pearl lifts his head and reveals A drop of blood coming from his nose as the first time he's bled in battle.",
55,"Buggy's Crew Adventure Chronicles, Vol. 15: ""Oh Captain, We Hold You in Our Hearts"".
On an unknown island, the Buggy Pirates—unaware their captain is actually alive—build a grave for Buggy's severed body.","When Pearl receives the first bloody nose of his life, he enters a berserk rage and sets his armor on fire by punching the pearls on it. Many of the chefs become frightened and warn him that he will set the entire ship on fire. However, as a cook, Sanji warns the other chefs they should not be afraid of fire as he leaps over the firewall Pearl has created.

Sanji continues to battle Pearl with his superior speed and kicking abilities. He tells them that a chef's tools include his hands so he only uses his feet when fighting. Pearl becomes increasingly upset as he is trashed by Sanji.

In order to stop him from destroying the ship, Don Krieg throws a knob toward Sanji and Pearl. Luffy is able to deflect it with his Gum Gum Bazooka. The knob instead destroys Don Krieg's ship mast which falls over and subsequently renders Pearl unconscious.

However, the Krieg Pirates have not said their last word. While they were fighting, Gin has taken Zeff down and threatens to take his life as he holds a gun to his head.",
56,"Color Cover: Sanji heads out on a cigar-smoking bison, packed with several days' provisions; Luffy follows behind, for some reason carrying his own bison (who is also wearing his hat) instead of riding.","Taking Zeff hostage, Gin asks Sanji to leave the ship. Sanji refuses and tells him to go to hell. What might appear as a very egotistical reaction on Sanji's part, turns out to be a gesture of sacrifice. Indeed, Sanji asks Gin to point the gun at him instead of the owner, and when the newly conscious Pearl attacks him, he does not avoid or counter him anymore. Luffy gets ready to punch Pearl, but Sanji yells at him to stop. If they do anything further to harm the Krieg pirates, Gin is highly liable to act on his threat. Sanji knows this, and holds himself accountable for Zeff and the Baratie. The reasons behind his weird shift in behavior are hidden in the past of these two chefs: Sanji blames himself for having destroyed Zeff's former life, his dreams, and his strength. He does not want him to lose anything more and would die rather than give Don Krieg the Baratie.

Pearl takes this opportunity to wallop Sanji, since he won't raise a finger to possibly endanger Zeff. The cooks around them are dying to know what could have possibly happened to them so long ago, because they were under the impression that Sanji had hated the head cook. While Sanji is down after several attacks from Pearl, two words come to mind before the scene flashes back in time: All Blue.  Nine years ago, young Sanji was an apprentice chef on the Orbit cruise ship. He one day told his older chef companions about his dream to find the All Blue, a legendary sea where all species of fish and seafood from all the world's oceans could be found. After mocking him for believing that such a sea exists, they began to eat the many leftovers left by the clients. Sanji finds this disgusting, and berates them for eating scraps, when there is still fresh food and their next port of call is only two days away. The more experienced cooks reply that on the sea, one does not know what may happen. A sea-faring cook must take advantage of whatever resources are available. He doesn't see the allure, and rejects their leftovers again.

Suddenly people on the deck began running and yelling for help. The ship is being attacked by Zeff and his crew, the Cook Pirates.",
57,"Buggy's Crew Adventure Chronicles, Vol. 16: ""The Duel of Captain's Succession"".
Their mourning complete, the rest of the Buggy Pirates watch as Mohji and Cabaji battle for the right to succeed Buggy as captain.","9 years ago, a cruise ship was attacked by pirates, fresh from their journey to the Grand Line. They are the fearsome Cook Pirates captained by the chef pirate Zeff. The two captains meet, and hardly a second passes after the cruise ship captain asks their demands when Zeff commands his men to take everything of value. After pillaging, they bring back their spoils to the deck, in order to transfer it to their ship. Zeff notices something amiss with one of the bags that his underling set down, and he commands him to stop. The pirate knows he has been caught stealing food from the bag, and he starts to make excuses, but Zeff delivers a megaton force kick and sends him across the deck. Zeff reiterates that you should never touch someone else's food. Meanwhile, Sanji does not accept this fate and has decided to bravely attack the pirates with his cooking knives. He is easily beaten but does not surrender. The young boy does not want to die, until he has realized his dream to find All Blue. Upon hearing this, Zeff has a pensive look on his face, as if he is considering Sanji, but all the other pirates burst into raucous laughter, stating that such a place does not exist, even on the Grand Line.

With the storm getting stronger, Zeff orders his men back to their ship. But a large wave catches Sanji and he is thrown overboard. Immediately, Zeff snaps a mast off with a kick and grabs it while he jumps in to save him, against his better judgment. Unfortunately, an even bigger wave smashes both ships to pieces, and all is in chaos as the storm goes on.

After a few days, Sanji wakes up on a large rock, deserted at sea. He sees that he only has Zeff for a companion, and starts when he realizes the possible threat. After being kicked though, it is evident that he is in no condition to move so fast. Sanji asks about his ship, and Zeff guesses that there were no survivors. The wreckage of his own ship around him indicates that no one is likely to have made it. They have no choice but to wait for rescue, which they both know is unlikely, due to their precarious situation. He informs Sanji that the storm was two days ago, and they were washed up on this barren rock, stranded with no resources whatsoever. They still maintain their rivalrous banter, but Zeff at least deigns to give him a portion of some food that washed up with them. Sanji complains at how much bigger Zeff's portion is, but he only says that he needs more since he is bigger. Sanji isn't at all happy about this, but Zeff has complete control of the situation, and without this food, they face the horrible possibility of having to resort to cannibalism. Zeff tells him to stay on one side of the island, while he goes to the other, so they have a greater chance of spotting a ship.

Now alone, Sanji watches the sun setting over the ocean. He is very hungry and turns to look at his food supply, but thinks on what Zeff said earlier: Normally, it would be enough food for five days, but as chefs, they should be able to make it last longer. He hangs his head, starving but determined to stick it out. On the other side, Zeff holds a boulder aloft, and through a piece of wood clenched in his teeth, he says determinedly that this is the end of ""Red Leg"" Zeff. He brings the rock down on his leg, severing it just below the right knee.",
58,"Buggy's Crew Adventure Chronicles, Vol. 17: ""The Twelve-Hour Bout"".
By nightfall, Mohji and Cabaji are still fighting, still no closer to deciding the captaincy. The other Buggy Pirates have long fallen asleep, Richie in particular enjoying his own dreams of being captain.","Sanji tried to divide his small portion of food wisely, but after 25 days he had only one piece of moldy bread left. He had only seen one ship that did not even see him pass. After 70 days, weak and hopeless, he decided to reach Zeff to steal his food.

Upon arriving, he found Zeff's bag was still almost full. He became enraged and approached Zeff with a knife, declaring he was taking the food and did not care about him. However, when Sanji opened the bag, he found it had only been filled with treasures. Sanji realized that Zeff had given him all the food and that he had only survived by eating his own leg. When asked why he acted such foolishly while they hate each other, the pirate revealed that, he too, believed in the All Blue and that he was trying to find it in the Grand Line. However, now that he no longer has his crew, he could not realize this dream anymore. He decided if they were rescued, he would retire from piracy and start a restaurant.

The miracle occurred, after 85 days, the ship Sanji had seen came back and saved them.

Back in the present, Sanji's behavior makes more sense: in the memory of the old man that saved his life, he will not allow anyone to kill him or steal his last dream.",
59,"Buggy's Crew Adventure Chronicles, Vol. 18: ""Explosion!! Sleepwalking Richie"".
Still dreaming of adventures as captain of his own crew, a sleepwalking Richie unknowingly knocks out Mohji and Cabaji both.","Sanji continues to let Pearl assault him as he has decided to die rather than let the Baratie be taken by the Krieg Pirates. Luffy becomes angry as he does not understand how Sanji's death would repay Zeff's sacrifice. To put an end to Sanji's suicide, he destroys the Baratie since it is the target of Don Krieg. While Sanji and Luffy fighting about the best solution to save Zeff, Pearl decides to attack them. However, he is stopped by Gin, who defeats him with one blow. He proclaims he will take care of Sanji's death, personally.",
60,"Buggy's Crew Adventure Chronicles, Vol. 19: ""Formation!! The Richie Pirate Crew"".
At daybreak, while Mohji and Cabaji lie beaten, a triumphant (if confused) Richie is declared the new captain, complete with his own Jolly Roger.","Gin promises he will honor Sanji by killing him by his own hands. Sanji has little reaction to Gin's threats. This also goes for Luffy, who does not see himself loosing in front of such a crew.

For the Krieg Pirates, who see themselves as the most powerful of East Blue, this is unforgivable and they rush the two kids. However, they are immediately stopped by their captain; while he is here they have not to be worry of who is the stronger. However, when Krieg asks Luffy the question of who is stronger, Luffy naturally responds that he is the strongest one here.

In order to make him realize the difference between the two of them, Don Krieg threatens Luffy with one of his strongest weapons - the poison gas MH5. Krieg fires the bomb at the Baratie. When Luffy attempts to bounce the bomb back, it reveals to actually be a shuriken bomb and not a poison bomb. Hurt by the sharp stakes, Luffy admits he was tricked, but he continues to assert that he is the strongest. As his anger rises, Don Krieg asks Gin to take care of Sanji. He tells him he will deal with Luffy personally.",
61,"Color Spread: The Straw Hat Pirates help some giant squids harvest daikon—with varying levels of seriousness. While Usopp and Luffy fool around with a wheelbarrow, Nami falls asleep reading a book.","Sanji and Gin fight but their attacks cause little damage. They find their abilities are equally matched. The Krieg Pirates estimate that Gin will lose, but Don Krieg says Gin's fighting abilities will no give out. He explains that Gin is a calm and collected ""Demon"". He tells them that Gin can kill his opponents without pardon and many people have called him ""The Demon"". That's why he had placed him as the battle commander in his armada. Due to his injuries from fighting with Pearl, Sanji is cornered by Gin. Patty and the other Baratie cooks become worried.

Meanwhile, Luffy attacks Don Krieg, but Don Krieg releases his armor and plans to kill Luffy. He shoots Luffy with bombs and spears. That spears impale Luffy's foot, and he almost falls into the ocean. Luffy asks if Don Krieg is not serious to fight him directly. Krieg answers the most important skill in fighting is to kill the opponent. Krieg jeers that Luffy is a monkey because he attacks without strategy.

Don Krieg's Pirates scream that Sanji's bone is broken. Gin roughs up Sanji ten times. Gin attacks Sanji and brings him close to his death. Krieg's Pirates cheer at Gin's win. When Gin prepares to execute Sanji, he remembers how Sanji gave him food. Gin begins crying. He admits he cannot kill the only man who treated him kindly in his entire life.",
62,"Richie Crew's Adventure Chronicles, Vol. 1: ""The Island's Indigenous Kumate Tribe"".
The newly-minted Richie Pirates run into a pack of heavily-armed natives.","Don Krieg is disappointed with Gin because he disobeys his order to kill Sanji. Before that, Gin was the person he trusted the most. Krieg sees excess in Gin's personality that will win in the battlefield. Gin says he will always respect and admire Krieg. However, he cannot kill Sanji and requests to let the Baratie go free. Krieg becomes angered at Gin's gall. The Krieg Pirates remain confused about what happened to Gin.

Krieg prepares to shoot his MH5 bomb. All of Krieg's crew pull out their masks to survive. Krieg demotes Gin and asks him to throw away his mask. The Don Krieg Pirates cannot believe that Krieg would kill Gin. Gin was very loyal, such as when the crew hazed from Fullbody, Gin went alone to the ships of the Marine and masqueraded as captain. Gin always sacrificed himself to save Krieg and he did anything to win, that's why people called him ""Demon"".

Meanwhile, Luffy attempts to stop Krieg, but fails. Luffy takes back his step and announces he will save Gin from Krieg. But Gin still believes in Krieg as his commander and throws away his mask as he was commanded. Krieg shoots the MH5. The Baratie cooks escape by diving underwater and Krieg's crew uses their masks to protect themselves from the poison gas.

Thinking quick, Luffy takes two masks away from some of Krieg's pirates. He gives the masks to Sanji and Gin. When Luffy wants to take a mask for himself, no masks remain. Suddenly, he spots a mask as the MH5 activates and places it on his face. After 5 minutes, the gas dissipates and Gin is revealed to have not worn his mask. Luffy realizes that Gin selflessly gave him his mask.",
63,"Richie Crew's Adventure Chronicles, Conclusion: ""The Pulverization of the Richie Crew"".
Richie ""leads"" his new crew into a quick, brutal defeat at the hands of the Kumate Tribe.","After Don Krieg shoots the MH5 gas bomb, he further angers Luffy and Sanji by claiming that Gin is garbage and it's proper to die by his own hands as his commander. Krieg's crew cannot believe what is happening to Gin at Krieg's hands. Patty and Carne emerge from the restaurant, and Sanji immediately calls to them for any antidote the Baratie may have. They show a little hesitance to help an enemy, but Sanji urges them to comply. Zeff lets them know that they need to put a gas mask on him right away, to use whatever antitoxin might be left in it. Then take him up to the upper deck for clearer air, as this could be the only way to save him. Patty and Carne are amazed by this quickly-placed wisdom, until Sanji snaps them out of their stupor, and they rush to help.

Luffy becomes angry with Krieg and tells Gin that he can't die and has to survive to spite his terrible captain. Krieg estimates that Gin has about an hour left to live. Luffy promises to beat Krieg no matter what, but Gin is still certain that he cannot beat Krieg. He gets carried off, and Luffy turns to confront the pirate captain, but he is held back by Sanji who doesn't want him to get killed. But Luffy brushes the hand away and firmly states, ""I won't die,"" then rushes headlong toward Krieg, fearing no bullets or stakes. Sanji is forced to accept Luffy's decision, and Krieg smirks at Luffy's stubbornness - what he perceives to be reckless foolishness.

Don Krieg mocks his repeated attempts as he tosses bombs at the bridge in front of him, welcoming Luffy to his grave. The explosion again creates a wave that obscures the bridge in sheets of water, and Krieg fires another round of stakes. Sanji hears the stakes come in contact with Luffy, and Krieg notes how his enemy would rather die than retreat with mild intrigue. Defying all norms, Luffy crosses through the mist, now sporting a stake in his side and his left shoulder, but otherwise undeterred. He uses Krieg's tactic against him when he flips forward to crash the surface of the water with an outstretched leg. He stretches his arm behind him with the intent of punching him through the screen of water. Krieg sees that he is determined to land a hit no matter the cost, so he thinks fast and implements his porcupine cape, a cloth studded with spikes large enough to cover his whole body. He thinks himself invulnerable, but Luffy delivers a solid blow to his jaw, despite his fist meeting the field of spikes. For the first time in the fight, Krieg has been sent sprawling to the ground.

Luffy asks Krieg then, if this is his grave or Krieg's, as he pulls the stake from his shoulder. He proclaims that he doesn't have sneaky weapons like Krieg, but he's still a viable fighter who won't die here. Sanji watches on and claims that Luffy is crazy, but Zeff tells him to watch Luffy fight. While Zeff talks to Sanji, the situation with Gin unfolds, as Patty and Carne tend to him on the top deck of the restaurant.  They try to make sure he breathes, and Patty suggests making some food for him, to which Carne replies that he has already been poisoned once today. They start arguing, but get interrupted upon hearing Gin start to hack and cough. Zeff continues relating to Sanji that it's not often that a person comes along who will not quit fighting once he has his eyes set on a particular goal. Regardless of if Luffy wins or loses this fight, that's the kind of man Zeff respects, and this gets Sanji thinking.

The Krieg pirates are getting nervous, and the chefs start cheering Luffy on, having been won over by his spirit. Krieg gets up off the ground and punches at Luffy in a rage, catching him on the shoulder guard, and smirking as he fires the built-in cannon. But he pays for this miscalculation, when Luffy escapes before the blast and hooks his foot around Krieg's neck, bringing him down a second time.",
64,"Color Cover: Sanji cooks away as head chef of the Baratie, while kitchen assistant Luffy feeds his alligator coworker.","Don Krieg is knocked down once again by Luffy. This creates severe anguish amongst his crew members, as Don Krieg has always gone out of a battle unscathed. However, when one crewmate states that he believes Luffy to actually be stronger than Krieg, he arises, telling them to shut up before combining his shoulder plates together to form his ""Great Battle Spear"", which he slams into the ground next to Luffy, creating an explosion.

The crew members are finally rejoicing as they see Krieg's secret weapon, as he discards his cape and comments that it's way stronger than the stakes he fired at Luffy earlier. While Luffy wonders how the spear made an explosion, Krieg swings it again, sending Luffy flying over the ocean, but luckily, he stretches towards a platform floating. However, due to the fact that he has lost lots of blood thanks to Krieg, and that the platform he's standing on is unstable, he soon falls to his knees.

Now, the crew members are talking amongst themselves about Krieg's weapon, which apparently creates explosions depending on how powerful the blow is. Krieg continues his assault on Luffy, who is dodging for his life. The crew members are now discussing Krieg's massive strength, as the lance weighs approximately 1 ton, yet Krieg can swing it around with only one arm.

Finally, Luffy loses balance and jumps over Krieg's blow, but this makes him wide open for an attack. However, just in the nick of time, Luffy grabs the lance before it can hit him. Enraged, Krieg slams the lance into the ground, forcing Luffy to let go. Krieg proceeds to ram his lance into Luffy, who grabs the tip, but Krieg merely whips it around, creating an explosion which sends Luffy flying. As Krieg swings again, Luffy is hit head-on. Krieg then proceeds to tell that him that he is stronger than Luffy.

However, Luffy answers by slamming his foot into the ground, breaking the spear's tip, much to Krieg's confusion and horror. Luffy tells him that he hit the tip 5 times, and that with the wide area they have landed in, Luffy can defeat him.",
65,"Buggy's Crew Adventure Chronicles, Vol. 20: ""I See It!! My Pirate Ship!!!""
Buggy and his new ally spot a familiar ship docked beside a certain island.","Luffy is able to balance Don Krieg's power. He destroys the most powerful weapon of Krieg. Everyone is surprised and cannot believe that Luffy is still able to stand on his feet. But Krieg has a lot of self-confidence and plans to defeat Luffy with it. He believes that his weapon is the most powerful weapon in the world. His energy was still powering up, and meanwhile Luffy's energy was not.

Sanji still does not believe that Luffy can beat Krieg due to his weakened condition. But Zeff says Luffy has one weapon that Krieg does not have, no fear of death. He tells Sanji on the battlefield they must have the principle to not be afraid of death. If they are afraid, they will lose in just one second. That principle was in Luffy, Zeff added.

Krieg attacks Luffy again, and wants to execute him because he is brave to challenge ""The Most Powerful Captain"" in East Blue. But Luffy dodges it and hangs onto a mast. Then Krieg slices the mast. Unfortunately, his attacks do not hurt Luffy. Luffy throws the mast at him. But, Krieg destroys it by shooting fire at it. Luffy replies with ""Gomu Gomu No Gatling"". But Krieg's armor protects him. Luffy continues using his ""Gomu Gomu No Pistol"" and sends Krieg flying, but the armor still does not shatter. Kriegs plans to throw bombs from top of the mast. Luffy tries to stop it and run faster. Finally, Luffy destroys the armor by using ""Gomu Gomu No Bazooka"" and cracks it into pieces.",
66,"Buggy's Crew Adventure Chronicles, Vol. 21: ""Reunion—That's Bananas!""
Venturing onto Kumate Island, Buggy and his new ally find Buggy's grave—and Mohji and Cabaji, still beaten senseless, lying right beside it.
(The original title is a common Japanese pun, playing ""banana"" (バナナ?) off the (stereo)typical exclamation for ""That's impossible"" (そんなバカな, Son'na bakana?).)","Luffy finally destroys Don Krieg's armor. Everyone is shocked, especially the Krieg Pirates who watched their captain lose. Even though Krieg still lost his spirit, he attacks Luffy in the air by shooting an iron net at him. Luffy becomes ensnared in midair above the ocean. Luffy realizes he will sink due to his Devil Fruit weakness. Krieg smirks in joy realizing his last second revenge may become realizes. However, Luffy reaches out with his free hands and feet to attack Krieg. For anticipating that, Krieg asks his crew to shoot at Luffy.

In another place, Sanji is confused why Luffy does not retreat. Zeff says he cannot look down after this battle. Sanji then attacks the Krieg's pirates who were aiming arrows at Luffy. Luffy is able to successfully use his last technique ""Gomu Gomu no Tsuchi"". It connects with Krieg's head and Krieg is knocked unconscious. However, Luffy falls to his certain death in the ocean as he cannot swim.

Zeff explains to Sanji why he won. He explains Luffy has the courage, ""harpoon"", and he is not afraid to die. Then Zeff suggests that Sanji should save him as he can't swim, Sanji can hardly believe the old man waited this long to inform him of Luffy's inability to swim and quickly dives in after him.

Gin cannot believe that his captain lost. Unfortunately, Krieg can still can stand up and acts weirdly. At the same time, Gin goes to the deck of Baratie to end the battle. He punches Krieg in the stomach to knock him out. He decides to retreat with the Don Krieg Pirates and start anew.",
67,,,"('Connection aborted.', ConnectionResetError(10054, 'An existing connection was forcibly closed by the remote host', None, 10054, None))"
68,"Buggy's Crew Adventure Chronicles, Vol. 23: ""Suspicious Parts"".
While the Kumate Tribe continues stewing Richie and the other pirates, a few curious tribesmen untie the last ""member"" of the crew: Buggy's severed torso and limbs.","Luffy would like very much that Sanji becomes a member of his crew, but he cannot do it unless Sanji himself agrees which he never has so far. Suddenly, a strange animal arrives at the Baratie. It is none other than Yosaku, half eaten by a shark. He has come back to ask for Luffy's help. He has located Nami but can do nothing without Luffy's strength.

While he is ok to depart, Sanji, to the surprise of every one, decides to go with them and becomes the Straw Hat Chef. He changed his mind when he heard that everybody wanted him to depart. As to comfort his decision, Zeff tells him that he regrets to have let him live.

A nostalgic Zeff is seen remembering his restaurant history. When it is time for departure, everybody becomes serious. Patty and Carne even try an ultimate revenge attack on Sanji but it proves useless as he easily beats the two back. Then, from his balcony, Zeff reveals his true feelings by wishing Sanji good luck. These are the words that break the hypocritical atmosphere. In turn, Sanji shows his gratitude to the man who gave him everything and bows in respect. They depart in the middle of the joy and the tears and bid farewell to the Baratie!",
69,"Color Cover: In the dead of night, Santa Usopp forges ahead with his Christmas run, pulling the sleigh himself when his assistant Luffy and faithful reindeer begin falling asleep.","Luffy looks forward to entering the Grand Line with newest Straw Hat Pirate, Sanji. However, Yosaku warns them about the dangers of this sea. In particular he warns them of the presence of the Seven Warlords of the Sea, of which Dracule Mihawk and a fish-man pirate named Jinbe belong. He explains that years ago Jinbe had a relation with his strongest lieutenant in the East Blue, Arlong. He suspects that Nami will be near Arlong. Sanji has his doubts as he always trusts beautiful woman and had recently become smitten with Nami. Yosaku mentions that due to Nami's suspicious behavior being connected to their copy of Arlong's wanted poster, he and Johnny suspected earlier that there had to be a connection between Nami and Arlong.

Meanwhile in Arlong Park, base of Arlong's Fish-Men pirates, Arlong makes a deal with a Marine, Nezumi. He presses Nezumi to relax and celebrate in the common language that they understand, money. However, Nezumi tells him he must press on before anyone recognizes his ship in port. Suddenly, Nami is introduced as one of the Arlong pirate officers and the only human Arlong can trust.",
70,"Color Spread: The Straw Hat Pirates as samurai, all dressed in Kabukimono-esque clothing and all wielding at least one sword. Luffy in particular is perched on an upside-down wok, holding an oil-paper parasol while unsheathing his red-lacquered sword with his teeth.","Zoro, Usopp and Johnny arrive in front of Arlong Park. In order to prevent Zoro from foolishly attacking the fish-men, he's tied up by Johnny and Usopp while they search for the Going Merry. They soon found it anchored near a local village. Usopp, who acted bravely once away from Arlong Park, becomes a coward again once he notices three Fish-Men next to the boat. He and Johnny flee into the sea once they have been spotted, leaving Zoro alone and powerless in front of the Fish-Men.

When Usopp and Johnny pull themselves out of the sea, they notice that the village has been completely devastated and postulate it was destroyed by the Fish-Men. They are impressed by the power of these creatures. They find one of the Fish-Men has returned to the village, suspicious of Zoro being alone. While Johnny is able to hide himself, Usopp starts running until he bumps into a kid, Chabo, and a woman, Nojiko. When the Fish-Man is about to capture them, Usopp decides to act bravely for once, and tries to defend the two villagers, but is knocked out by Nojiko.

When he wakes up, the three of them are in Nojiko's house, in an orange farm. Nojiko tells them that nobody fights the fish-men because it's suicide. Chabo, a boy from Gosa Village, whose father has been killed, understands this, and returns to his mother rather than seeking revenge.

Usopp understands that Nojiko's intentions are not bad, and tells her that he is looking for Nami. Nojiko then tells Usopp that Nami and her are adopted sisters, and that Nami is a member of Arlong Pirates.",
71,"Buggy's Crew Adventure Chronicles, Vol. 24: ""Rampaging Parts!!""
Still severed, but no longer mindless, Buggy's ""remaining"" body starts attacking the Kumate Tribe. Luckily, the chaos jars the rest of his crew free of the cannibals' cooking pot.","When Nojiko tells Usopp that the house he is currently in is the house where Nami lived as a child as well as informing him that they are adopted sisters and telling him that their ""mother"" is dead. Usopp says that Nami betrayed her village since she joined Arlong Pirates, who control her hometown, Cocoyasi Village. Nojiko questions Usopp's business with Nami. Usopp replies that he has some things to think about due to all the info he has received. Additionally, he says that all she wanted from the crew was for the treasure and asks why she saved his village and looked happy with them. Nojiko questions Nami being happy and then restates that he shouldn't start anything with the Arlong Pirates since it will lead to death. Usopp replies that he will just leave since he has found the ship. After Nojiko points out the Going Merry, Usopp realizes that they landed near Cocoyasi Village and Usopp begins to panic. Nojiko asks what's wrong and Usopp replies that he remembered that one of his crewmates was captured by the fish-men and is in a critical condition.

Indeed, Zoro has been taken to Arlong Park where he is questioned by Arlong. Zoro insults Arlong by calling him a half-fish mutant and restates that he is looking for a girl. Arlong says he will forgive Zoro once for the insult and says fish-men are superior to humans. Shortly after, Nami appears much to Zoro's surprise seeing her aligned with Arlong. Arlong says she is an exception to the human race and informs him that she is the Arlong Pirates' cartographer. Zoro questions why Nami would side with Arlong. Arlong questions if they know each other. Nami replies that he was just another victim. Then Zoro asks Nami if this is her ""true self"" and she answers, ""yes"" and that she had been aligned with Arlong all along. After Nami's statement, Arlong laughs and calls her a ""cold-blooded witch"" who only wants money. Nami hides her scowl upon hearing Arlong make such a statement. Zoro notices this and jumps into the pool, shocking everyone. Nami dive into the water and saves Zoro. After the rescue, Nami asks what he was doing to which Zoro remarks that he should be asking that question to her and says she shouldn't be acting tough. Nami replies that she does not want him involved in this anymore. Afterwards, Nami tells the fish-man to lock Zoro up and she will kill him later. Shortly after, a fish-man approaches Arlong saying that a longed nose human got away. Arlong says that the human is probably in Cocoyasi Village and says he has business to attend to their anyway.

In Cocoyasi Village, the villagers hear of Arlong's coming and wonder what business he has since he already collected the tribute. Genzo answers by saying that Arlong found his weapons. Arlong arrives and begins questioning Genzo on the possession of weapons. Genzo answers that it is a hobby to collect weapons. Arlong says he cannot possess any weapons since all they do is bring violence. A frightened Usopp says he is not human. Nojiko replies that he is a fish-man, and says that Nami must be at Arlong Park since she is not with Arlong. Arlong threatens Genzo by stating back when he destroyed Gosa Village due to no one paying tributes. Nojiko explains to Usopp that a tribute is the money they pay every month in order for them live under Arlong's protection. If one person does not pay in the village, the entire village is destroyed. Before leaving, Arlong tells the town to work hard for money since tribute time is approaching.

Back at Arlong Park, Nami rushes Zoro to escape before Arlong's return.",
72,"Buggy's Crew Adventure Chronicles, Vol. 25: ""Shadows On the Horizon"".
As the Kumate Tribe lies beaten, their would-be victims rejoice at the four figures standing atop a nearby hill.","Genzo is found to possess several weapons - which are forbidden by Arlong's rules. He announces to the crowd that weapons may be seen as the start of rebellion. As a result, Genzo shall be made an example of the inferiority of humans against fish-men and be executed in front of all the villagers. While the villagers of Cocoyasi Village attempt to save the life of their friend, Genzo begs them to stay quiet as it would mean that what they have endured for the past 8 years would have been for nothing.

When Arlong is about to deliver the final blow to Genzo, he is struck by an explosion. Usopp laughs from the top of the buildings and delivers brave words of having 8,000 hardened killers ready to strike against him. Arlong go berserk, and as an answer to Usopp's insult, he destroys the house on which he is staying. Afraid that their leader will destroy all the village which they need to get money, the Fish-Men restrain him and promise to catch Usopp and take him back to Arlong Park.

After Arlong's departure, and while the Fish-Men are trying to capture the running Usopp, Nami appears in the village. Everyone ignores her besides her sister. She has come to deposit flowers on a grave. She tells Nojiko that she only needs 7,000,000 more until she can buy the village.

Meanwhile, in Arlong Park, Zoro who has been freed by Nami, has defeated every Fish-Man at the park and awaits Arlong's return.",
73,"Buggy's Crew Adventure Chronicles, Vol. 26: ""Sorry for Making You Wait, Boys!!!""
Buggy make his grand reappearance, body restored at last; by his side are his new partner, Mohji, and Cabaji.","Hatchan finishes preparing Momoo's meal and makes a trumpet sound to lure Momoo to his dinner. The sound alerts Zoro who finds Hatchan sitting on the shore. Hatchan asks who he is, and Zoro responds that he is a guest. Hatchan responds that Arlong is away at Cocoyasi village and offers to transport him.

Meanwhile Luffy, Sanji, and Yosaku are confronted by the large sea creature, Momoo. Yosaku suspects he is hungry and suggests to give Momoo. Luffy responds by punching Momoo. Sanji then berates him for hurting the beast just because it's hungry and offers Momoo food. However, Sanji suddenly kicks Momoo for trying to bite his hand. He then knocks him out when he tries to retaliate. The group then proceed to eat their lunch.

Meanwhile, Zoro arrives at Cocoyasi village. Arlong returns to Arlong Park to find his crewmates have been injured. When asks who did this, he finds out it was Zoro. At first angered, he pacifies himself after learning that Usopp has been captured. Some of his crew hypothesize that Nami was the one that let him escape, saying that betrayal is her specialty. To which Nami responds that she would never betray the crew. She reminds the crew of her promise to buy back the village fair and square, and Arlong believes her. He says they need to take care of Usopp and Zoro, while Zoro finds out Usopp was captured and heads back toward Arlong park, as wells as Luffy and company.",
74,"Buggy's Crew Adventure Chronicles, Vol. 27: ""Parade!!""
Buggy, Alvida, Mohji and Cabaji make short work of the Kumate Tribe as the rest of the crew cheers them on.","Realizing it has been Zoro in their grasp all along, Arlong explains that since he has the highest bounty in all of East Blue, it's natural that a bounty hunter would want to take him out. He wonders where Zoro could be, to which Usopp responds that he doesn't know and asks to be let go. Though his lie doesn't fool anyone, Arlong then gets the idea to kill Usopp to get Zoro to show up, but Usopp tells them that this won't work and asks Nami for help. Causing more doubt among the crew about Nami's loyalty, and Usopp berates her for betraying Luffy saying that even now he still trusts her, to which Nami calls him an idiot.

Hatchan then returns, and is surprised that Arlong is back and that his comrades are hurt, and is even more surprised to learn that it was Zoro who did it, telling the crew that he just gave him a ride to Cocoyasi Village because he was looking for Arlong and he thought Zoro was Arlong's guest. Which makes Arlong happy that Zoro is looking for him, Hatchan then asks who Usopp is. Nami, in order to prove her allegiance, attacks Usopp. She announces he will kill him and appears to stab him from Arlong's point of view. Johnny watches unseen from the bushes. Nami then pushes Usopp into the pool which solidifies the crew's trust of her, and she reminds them again of her goal - to purchase back her hometown village.

Luffy, Sanji, Yosaku, and Zoro all arrive at Arlong Park and are pulled ashore by Momoo.",
75,"Buggy's Crew Adventure Chronicles, Conclusion: ""Oh Captain, Our Captain!!""
Restored to his former glory, Buggy stands tall with his crew and his new ally, his premature grave crushed underfoot, and his Jolly Roger flying high.","The sea monster, Momoo, pulls Sanji and Luffy's boat at full speed onto the shore. Luffy and Sanji are then sent flying into the sky. Momoo crashes into the shore head-first and sinks into the sea in pain. At the same time, Zoro is urgently trying to find Usopp. He hears a loud noise but pays no attention to it until he is caught in Sanji and Luffy's unconventional landing. Zoro explains that they have to hurry in order to save Usopp, who has been captured by Arlong, before he is killed. Zoro is about to run off when Johnny appears and informs him that Usopp has already been killed by Nami. Everybody is in shock after hearing this.

Meanwhile, the survivors of Gosa Village observe a Marine ship approaching the shore. It is led by Commodore Pudding Pudding with the intent of liberating the inhabitants of the island. The Commodore tells his men that their goal will be to rescue the survivors of the island as well as take out the pirates inhabiting it, as their sense of justice prevents them from overlooking a pirate base.

Arlong questions the existence of the 77th Branch of the Marines as he has never heard of them before. He concludes that they must be new, so he tells his lieutenants to either buy them off for 2,000,000 or to dispose of them if they turn down the bribe. Just as he finishes talking, his crew warns him of an impending cannonball coming towards him. Arlong then catches the cannonball with his open mouth and crushes it with his monstrous jaw strength. He spits out the remains and tells Kuroobi to cancel the negotiations. Arlong's top officers, Hatchan, Chew, and Kuroobi, offer to get rid of the Marines. Moments later, Chew jumps onto the deck of the Marine ship and attacks everyone on board. At the same time, Kuroobi tears off the ship's rudder, and Hatchan pushes it into the reef. The combination results in the creation of a massive whirlpool that sucks in the ship, presumably killing everyone on board.

As the officers return, Arlong apologizes for making the three go through all the trouble. They reply that it was nothing due to their fish-man strength and the maps Nami has drawn while claiming themselves to be ""invincible."" Chew then asks Arlong whether he would let Nami go once she pays off her 100 million belly debt since she is an invaluable member of the Arlong empire. Arlong replies that he would rather die before he breaks a promise regarding money. Back to Luffy's side, Luffy yells at Johnny while grabbing him by the collar, telling him that what he is saying is nonsense and that Nami would never hurt one of her crewmates. Just then, Nami appears and asks Luffy who he is calling a crewmate.",
76,"Animal Theater: Luffy climbs a tree and mimics a pair of owls as Zoro and Sanji look on. Down below, Usopp stares off into the distance.","When Luffy refers to Nami as his crewmate, she tells him that he is no more than a nuisance. She says that she only stayed with them because of their money. Zoro argues with Sanji that he is making things more complicated with his romantic advances toward her. Sanji responds by saying that love is like a hurricane.

Johnny interrupts their quibbling when he yells at Nami, calling her a witch. He says that all she cares about is getting all the money hidden in Cocoyasi Village, where she is willing to join the Arlong Pirates and will go so far as to kill people in order to do so. He follows up by calling her a witch again and saying that she is cold-blooded. He swears that he saw her killing Usopp. Nami is unfazed, and asks Johnny what he is going to do about it. Johnny is taken aback by surprise.

She also tells them that if they want to live, they better stay out of Arlong's business because he is infuriated by Zoro's stunt. Nami says that Luffy and his crew may be monsters, but they are no match for the real monster. Zoro responds by saying that he couldn't care less and asking where Usopp is. Nami tells him that he is at the bottom of the ocean. Irritated, Zoro tries to attack Nami, but Sanji stops him. The two of them begin to argue. Zoro tells him to not interfere when he has no idea what is going on. Sanji ignores him and tells him that he is just irritated after his loss with Mihawk. Zoro gets mad and points his sword toward Sanji's neck. Sanji taunts him and tells him to just try. Yosaku tells the two of them to stop because they are in a serious situation right now.

Nami tells them to leave and go fight elsewhere, and she couldn't care less, bidding them farewell. Luffy then immediately falls asleep on the spot, announcing that he is sleepy and could not care less about what is happening on the island. Nami then yells at him, saying that he can die for all she cares. Afterwards, Johnny and Yosaku decide to part ways with Luffy and the others because they are afraid of getting hunted down and killed by Arlong. They tell everyone that they will meet again one day.

Meanwhile, Usopp, who is revealed to be alive, wanders through Cocoyasi Village. He wonders and asks himself why Nami would pretend to kill him but stab her own hand instead. It then occurs to him that Nami was actually trying to save him from being killed by Arlong, and he comes to the conclusion that she is not a witch. Following this realization, Usopp decides to look for Zoro. He remembers that the octopus guy told him that Zoro was looking for Arlong earlier. Terrified, he assumes that Zoro could have returned to Arlong Park to search for him. He decides to run straight for Arlong Park in order to save his crewmate. However, he spots Zoro in the distance as he is running.

At the same time, Sanji asks Zoro if he thinks that Nami killed Usopp. Zoro tells him that it is a possibility, as she got pissed after Usopp called her ""small"" last time. Sanji gets angry, thinking that Zoro was referring to Nami's breast size. Sanji and Zoro then clash, but Usopp gets into the crossfire and gets his face injured.

Meanwhile, Nojiko is out in the tangerine fields and hears the house door slamming shut. She goes inside and notices Nami with her head on the desk. Nojiko comments on the mess of thrown furniture and broken glass on the floor, which Nami has made, and asks her if anything is wrong. Nami says that she was only taking a little rest at first before opening up to her sister. Nojiko then understands that her friends have come to take her back, and she understands why she is upset, as nothing upsets Nami more than having to say the word ""friend.""

Back with the Straw Hats, Luffy is shocked by Usopp's face. He asks him if Nami was responsible for it; Sanji and Zoro take responsibility for it. Usopp tells Luffy that Nami had saved him, and he feels that Nami had joined the Arlong Pirates for another reason. Nojiko then appears and tells them that it's useless and that there is no way that they could change Arlong's rule. She then agrees to tell the crew about Nami's past, but they must leave after she is done.

Back at the village, 16th Marine Branch captain, Nezumi appears with his team and asks Genzo to lead them to Nami's house.",
77,"Animal Theater: Zoro has a drinking party with several roosters—one of which has borrowed a sword to ""fight"" a dog's head mounted on the tavern wall.
Another of the roosters appear to be reading a newspaper holding a wanted poster of Zoro.","8 years ago, a 10-year-old Nami lived with her adoptive sister Nojiko and their adoptive mother Bell-mère who was raised them on an orange farm. One day, Nami was caught by a local policeman, Genzo, when she attempted to steal a book. She explained they were poor and could not afford to buy the navigation book she desired. She needed the book to accomplish her dream, to travel around the world. Genzo took pity upon the young girl and bought the book for her. Upon returning her to Bell-mère, Genzo demanded she be taught respect. Bell-mere stood up for the girl and told him she'd pay him back with love when she could. As she shut the door, she explained that Nami should have asked for the book. Bell-mère would have purchased it for her. With the book, Nami was soon able to draw her first map of their island.

One night, while Bell-mère gave Nami an old dress of Nojiko's. Nami complained that it was a hand me down and how the three of them were not blood related. She yelled in a fit how she wished she had been adopted by a family with more money. Angry, Bell-mère slapped her and told Nami that she could leave the house and live the life she wanted.

Nami took refuge in Genzo's house. He explains to her how Bell-mère found her and Nojiko. Bell-mère served in a war as a Marine, and was heavily wounded during a battle, when she returned with the two little girls who they had lost their parents. She collapsed and in her potentially final breath, she begged for her village members to save the children. As she looked down at the infant Nami, Nami could only smile as she was unaware of her surroundings and only knew joy.

In the present, upon hearing the story Nami came to realize that the love bond between the three of them was stronger than blood. She returned with Nojiko who had been searching for her.

However at the same time, pirates accosted the island. Sea-pirate Arlong and his fish-men had arrived and they declared that the land now belonged to them.",
78,"Animal Theater: Usopp and a platypus try to sell some paintings—prominent among them a portrait of Kaya—from a curbside stall. However, their exorbitant prices end up earning little more than tips (which are quickly blown away by the wind).","In order to stay alive, every villager had to pay 100,000 and 50,000 more per child to the Arlong Pirates. Everyone in Cocoyasi Village was able to pay and they were preparing to leave. However, one noticed Bell-mère's isolated house when he noticed smoke coming up from a chimney in the trees.

Genzo knew very well that she could not afford to pay such a high price. He asked her two adoptive daughters, Nami and Nojiko, to flee and hide. When the fish-men arrive at Bell-mère's house, she attacked them. However, she was no match against their brute force. When Genzo told her about the pirate's demands. She agreed and gave Arlong 100,000. The pirates believe she was paying for herself, as one adult. But, as they are about to leave, she told them that the money was for her two adoptive daughters. She could not abandon them and after expressing her love to the two, they attempted to run to her side. She accepted her fate as Arlong raised his gun to her head and told them it would be a warning to all villagers who could not pay. A loud bang erupted and the two children buried their crying faces in horror as their mother was executed.",
79,"Color Spread: The Straw Hat Pirates in a Wild West frontier town. Zoro is riding a huge black panther; Nami is lounging against a second, heavily drunk panther; Usopp is pointing a pistol straight ahead; and Sanji and Luffy are returning from a supply run, arms laden with bags and barrels.","After Bell-mère's death, Nami was kidnapped when Arlong discovered her ability for drawing maps. All the villagers decided to fight to take her back, but she suddenly came back by herself, revealing that she was now part of Arlong's crew. She even showed that she could earn all the money she wanted. Disgusted by this selfish behavior, the villagers rejected her. But when Nojiko went to her mother's grave, Nami was already sitting there. She explained to her sister that in order to accomplish their mother's last wish and live, they could not rebel against Arlong who was too strong for them. Instead she decided to draw maps for him, revealing that she would be able to buy her village back for 100,000,000.",
80,"Animal Theater: Vineyard worker Sanji shares grapes with a bird perched on his hat; beside him, a zebra (apparently smoking his cigarette) gives a look of disapproval.","Nojiko continues to tell the Straw Hats the story of why Nami joined the Arlong Pirates. She tells them that Nami sacrificed herself at a young age so that no one else in the village would get killed by Arlong, like their mother did. Sanji and Usopp are infuriated by this. Meanwhile, Zoro sleeps through the story. Sanji exclaims that he would kill those pirates, but he gets hit on the head by Nojiko. She warns him not to speak in such a manner. Nojiko tells the crew that by going around and calling Nami their friend, they are putting her eight years of hard work in jeopardy by making the Arlong Pirates doubt her. She tells them not to make Nami suffer any more than she already has. In the meantime, Nojiko continues telling her stories of her and Nami's past. Flashbacks show Nami entering Arlong's crew so that she could earn 100,000,000 and buy the village's freedom back along with her own. She remembers just how recently Nami only had 7,000,000 more to collect before her goal would be realized.

Back at the village, Genzo arrives at Nami's house with the company of the Marine captain of the 16th Branch, Nezumi. The Marine captain asks her if she is the criminal he heard about. Nami replies that she guesses she is, noting that she is working for Arlong. She tells him that she is part of his pirate crew and that he should let her be. Nezumi laughs and says that he has no idea what she is talking about. He denounces Nami as a petty thief and says that the money she stole from many pirates is property of the government. Nami threatens Nezumi once again that she is part of Arlong's crew, but he remains unfazed. Nezumi orders the Marines to ignore her and search the premises for the money. Nami angrily yells at them to get away, and attacks them with her staff. Genzo yells at Nezumi, telling him that the money was being used to save the village since the Marines wouldn't do anything about their current conditions under Arlong. Nami is surprised that Genzo knew about the money. Genzo reveals that he and the villagers knew about the money and what Nami was trying to do all along. They learned about it from Nojiko and never told Nami that they knew, because they were afraid of pressuring her, and ended up making her run away from it all. At the same moment, Nojiko also arrives at the scene and denounces the Marines for their actions and for failing to save the village. Once again, Nezumi ignores the accusations.

Nami is suspicious of Nezumi because he knew exactly how much money Nami was hiding and laughed when Nojiko said that Arlong would attack his ship if he lingered around too long. Nami finally understands that Nezumi is a corrupt Marine and that he has been sent by Arlong to take her money. Nami then goes to confront Arlong for breaking their agreement. Annoyed, Arlong grabs Nami by the mouth and laughs, telling her he did no such thing. He says he technically never broke the agreement. Nami curses him for deceiving her by way of using a loophole.",
81,Animal Theater: Bell-mère makes a spaghetti-and-mikan dinner for Nami and Nojiko—and a neighborhood dog with a habit of eating too fast.,"On the Marine ship docked outside Cocoyasi Village, Nezumi gleefully examines the money he stole from Nami, laughing at her stupidity to work for Arlong for her freedom this long. Meanwhile, Nami confronts Arlong in Arlong Park over her money being stolen, and Arlong acts as though Nezumi stealing it was out of his control, saying Nami will just have to start saving 100,000,000 again from scratch. He reminds her that if she tries to run away, he will kill the residents of Cocoyasi Village, and Nami remembers Genzo telling her that they had kept this threat secret to her in case she wanted to run away. Nami breaks free and runs out of Arlong Park, followed by Arlong's jeering. Back in Cocoyasi Village, a furious Genzo tells the villagers to prepare to take up arms and fight the Arlong Pirates, while Nami is desperately running back to stop them, as she knows they'll die if they fight, and that would be the end of everything. Genzo tells the villagers that they promised each other eight years ago that they would endure the fish-men's cruelty as long as it took for Nami to buy back the village, but they can no longer keep living under these conditions if Arlong has no intention of ever letting them go. However, he shouts that they'll never forgive the fish-men for toying around with Nami's good heart, and all the villagers agree with him, stating that they are more than ready to fight, and have been for eight years. However, Nami reaches them and tries to assure them that she is readily willing to save up the money again, even saying it would be easier this time. The villagers are shocked and deeply moved by her efforts. In Arlong Park, Chew laughingly comments that Arlong can be pretty heartless, with Arlong replying that he's not just going to let a navigator of Nami's ability get away from him. However Arlong replies he isn't completely heartless and that he will let Nami go eventually, but only after she has made a map of the entire world, as he and the other fish-men roar with laughter upon realizing that will take decades.

Meanwhile, Genzo does not listen to Nami's assurances, telling her that she knows it would be in vain. He embraces her, commending her for the efforts she has made to liberate them, which almost moves Nami to tears. Genzo then tells her to leave the village, and Nojiko backs him up, encouraging her sister to go and pursue her dream. Now desperate, Nami pulls out a dagger, declaring that she does not wish to see any of them hurt again, and telling them they'll die, but Genzo displays his dedication by grabbing the dagger, cutting his hand in the process, and the villagers say their hearts are set. Genzo shouts at Nami to get out of the way, and the villagers race past her toward Arlong Park, declaring their will to fight even if it is likely they will lose, leaving Nami kneeling in the middle of the street. Driven to her breaking point by rage, grief and despair, Nami grabs the dagger and begins to psychotically stab herself in the shoulder where her tattoo is, repeatedly screaming Arlong's name as tears run down her face. However, Luffy comes and grabs Nami's arm before she can harm herself further. Keeping her back to him, Nami tells Luffy that he doesn't know anything about what's happening here, and that she already told him to leave the island because this has nothing to do with him, throwing a few handfuls of dirt in his direction. Luffy acknowledges both these points, but he doesn't move or say anything further. Nami finally breaks down in tears, turns to face Luffy, and begs him to help her. Luffy responds by silently putting his straw hat on her head, before he walks forward and declares extremely loudly that he will help. Nami is shocked to have the straw hat on her head, knowing Luffy's attachment to it, and is moved to fresh tears, as well as when she watches Luffy walk toward the rest of his crewmates, who were waiting just ahead and tells them to come with him, to which they immediately agree. Meanwhile, the villagers have reached Arlong Park, only to find a battered and bloodied Johnny and Yosaku sitting in front of the gate. The pair mentions how they heard Nami's backstory from the woods, and ashamed at having doubted her character, went to confront the Arlong Pirates, but were defeated. The two bounty hunters do not intend to let the villagers pass them, as they have no chance of winning, and instead are waiting for another group of men, to the villagers' confusion. Inside Arlong Park, Arlong wonders if Johnny and Yosaku were part of Zoro's crew, and Kuroobi doubts it, saying they were too weak for that. Just then, Luffy punches the gate off its hinges and asks which of the fish-men is Arlong, much to Arlong's shock and chagrin.",
82,"A five-tier display of the Straw Hat Pirates, each depicted with their respective number within the crew. Luffy, Zoro, Sanji, and Usopp are all preparing for battle under the caption ""STAND BY""; Nami (still wearing Luffy's hat) weeps, captioned under ""STAND THE PAIN"".","After Luffy's explosive entrance, Arlong identifies himself, to which Luffy does likewise as he walks towards him. He is stopped by two of Arlong's men, stating that he needs to speak to them before continuing, but Luffy simply slams the two's heads together and knocks them out, which shocks Arlong and the other crew members. Arlong asks what another pirate wants with him, but Luffy ignores his attempts at diplomacy and throws a huge punch in the fish-man captain's face, sending him crashing into the opposite wall, appalling the rest of the Arlong Pirates. While doing so, he remembers Nami's tearful plea for help. Arlong doesn't seem to be hurt despite what just happened, and instead angrily wonders what Luffy is doing, as Luffy furiously shouts that Arlong made his navigator cry.

After this declaration of war, the fish-men attack Luffy. However, they are easily knocked back by a few kicks from Sanji, further angering Arlong. As the rest of the crew enter, Sanji berates Luffy for rushing in ahead, but Luffy replies that he won't lose. Sanji retorts he wasn't worried about Luffy, and simply wanted him to leave some fighting for the rest of them. In the very back Usopp says he doesn't mind if Luffy doesn't share, and Zoro needles him over his lack of courage. The rest of the pirates are surprised to see Zoro, with Hatchan particularly enraged after Zoro tricked him, and they are shocked to see that Usopp is still alive as well. Just outside, The rest of the villagers are astonished by the Straw Hat's abilities. Johnny and Yosaku state that even even those four can't defeat the fish-men, there's no hope for the East Blue, and they again make their dedication to preventing the villagers from interfering clear. Genzo demands to know why these men are going so far for their sake, and the pair simply declare that it's enough of a reason that they made Nami cry. Arlong realizes that the four are here for Nami, but he simply laughs, asking what humans can possibly do to fish-men. Hatchan states that Arlong doesn't have time to waste on them, as he summons Momoo with his trumpet-call, to the horror of the villagers and Usopp, as it's revealed he was the one who destroyed Gosa. However, Momoo is still hurt from his earlier encounter with Luffy and Sanji, who are not very surprised to see him again. Remembering the beating he received at their hands, Momoo turns and runs, to Hatchan's bewilderment. Arlong then demands to know if Momoo is running, and while he says he won't stop him, he smiles evilly while doing so. Momoo freezes and begins shaking in fear before deciding he's more afraid of Arlong than he is of the Straw Hats, and turns around and charges them, with the rest of the fish-men following. As the Straw Hat crew ready for a fight, Luffy angrily states that this is a waste of time. He stomps the ground hard enough to embed himself in the rock up to his ankles, winds his body up, and stretches his arms out to grab Momoo's horns, shocking the fish-men with his reveal of his Devil Fruit abilities. Zoro shouts for Sanji to run for it, as he has a bad feeling about what Luffy's about to do, which is confirmed as Luffy uses is wound up body to swing Momoo around him in a giant circle, slamming him into fish-men and the pillars holding up the canopy of the tower, collapsing them. Luffy then sends the unconscious sea cow flying off into the water, as he dramatically turns to Arlong and states that he's only here to beat up him. Arlong, now thoroughly enraged, declares that's perfect, as he now plans on killing Luffy himself. Hatchan, Kuroobi, and Chew prepare to enter the fight themselves, which Zoro is excited about. Meanwhile, Usopp and Sanji angrily berate Luffy for his reckless move.",
83,"Diary of Koby-Meppo, Vol. 1: ""Koby and Helmeppo, After the Fact"".
Koby has begun his dream of Marinehood—as a chore boy for the 153rd Branch. By day, he diligently scrubs the floors with a most unlikely coworker: a still-obnoxious, but now utterly helpless, Helmeppo.","The citizens of Cocoyasi Village express their shock at Luffy knocking out Momoo with his windmill attack, and the Straw Hats prepare to take on the Arlong Pirates. Chew, Hatchan, and Kuroobi tell Arlong that he can sit back while they deal with the Straw Hats as if he were to fight, Arlong Park could end up being destroyed, and Hatchan shoots out a massive ink spray from his mouth. Luffy is caught by the ink spray and is blinded; he also accidentally planted his feet in the concrete and cannot move. Hatchan picks up a massive piece of the tower that Luffy damaged and slams it onto him, but Sanji steps in and destroys the piece with his leg. Sanji addresses the fish-men, who try telling him about their superiority to humans, while Usopp unsuccessfully tries pulling Luffy out of the ground.

Hatchan ignores Sanji to throw another chunk of the tower at Luffy, but he is confronted by Zoro. Hatchan throws the large chunk at Zoro and expresses his anger at what the human pirate did to his comrades earlier, but Zoro pays it little mind and simply states that the Arlong Pirates will be beaten. Usopp is relieved that Zoro took on Hatchan, but accidentally lets go of Luffy, causing him to snap back to where his feet are planted and hit Chew with the recoil. An enraged Chew chases after Usopp, who runs all the way out of Arlong Park. Chew stops in front of the citizens, and notes that their weapons indicate a rebellion against the Arlong Pirates, but Usopp then snipes him with Kaen Boshi. Usopp tells Chew that he is his enemy, but starts running once Chew chases him again, confusing the citizens.

Meanwhile, Arlong gets up despite Kuroobi's protests, but says that he only wants to say something. Luffy throws a punch at him, but Arlong catches it. He asks Luffy if he really thinks he can beat them, and Luffy, Zoro, and Sanji affirm this. Arlong then decides to not say anything as he instead picks up a chunk of the concrete Luffy is stuck in, planning to throw it into the water and drown the pirate. Luffy tries attacking him, but Arlong catches the punch with his mouth and injures Luffy's arm with his teeth. Luffy retaliates by biting Arlong's arm, but this does nothing as Arlong throws him into the pool. Luffy becomes immobilized as he sinks due to the concrete and his Devil Fruit abilities, and Sanji tries to go in and save him, but Zoro says that the Arlong Pirates were baiting them into a trap and they would need to take out the fish-men to save Luffy.",
84,"Diary of Koby-Meppo, Vol. 2: ""Odd Jobs, Odd Jobs!!""
Koby and Helmeppo continue toiling for the 153rd Branch, having now progressed to laundry duties; the former approaches the work with as much enthusiasm as the latter with disgust.
(Nearby, a squad of grown recruits are being drilled on sword techniques.)","Zoro and Sanji confront Hatchan and Kuroobi as Luffy sinks helplessly to the bottom of the pool, and Arlong laughs at his weakness as a human. Zoro says he will finish off Hatchan in 5 minutes as he races toward the fish-man. Hatchan spits out ink at him, and Zoro dodges it, but he ends up only cutting off two sections of Hatchan's spiky hair. Hatchan says he will forgive Zoro since he can grow it back, and Sanji notices that Zoro is looking weak. Kuroobi tries attacking the distracted cook, but Sanji dodges his strike and says that a fish should not insult a cook. As Luffy starts to suffocate when he hits the bottom of the pool, Hatchan tells Zoro he is very strong against swordsmen. Zoro raises his sword to attack, and Hatchan claps his arms together to defend himself, but Zoro easily cuts his arms, leaving the swordsman at a loss as to what the fish-man is doing. Hatchan becomes sticky and jumps up to a pillar, which he sticks to. Zoro grows increasingly annoyed with him for wasting his time, and Hatchan notes that Zoro is only using one sword before he says that he has not gotten serious with him yet.

Outside of Arlong Park, Johnny and Yosaku think that Hatchan is playing mind games with Zoro and decide to go help Luffy. However, Genzo stops them, reminding them that they are severely injured. He says he will go and help Luffy, and Nojiko and the other Cocoyasi Village residents offer to help him, but he refuses in order to be unseen by the Arlong Pirates. Nojiko insists on going despite having received injuries as well, pointing out that the Straw Hats were fighting for her sister's sake, and Genzo reluctantly relents as they head into Arlong Park.

Meanwhile, Zoro collapses, and Sanji realizes that the wounds Mihawk gave him have still not healed. Seizing his opportunity, Hatchan punches the pillar to cause it to fall onto Zoro, but Zoro quickly gets up and throws the fish-man in front of him, causing the pillar to fall onto him. Zoro collapses again immediately afterwards, and Sanji, Johnny, and Yosaku reflect on the severity of his wounds. However, Sanji's distraction allows Kuroobi to land a hit on him, sending him flying all the way into the wall. Kuroobi states that he is a Level 40 Fish-Man Karate practitioner as Sanji, having gone through the wall, lands behind the Cocoyasi Village citizens. With the Straw Hats seemingly defeated, Arlong tells Kuroobi to throw Zoro into the pool. He asks Hatchan when he is going to come out of the rubble, and Hatchan bursts out in a rage, saying he is the number two swordsman on Fish-Man Island with his Six Sword Style. At first, Kuroobi mocks his display since Zoro was down, but Zoro then gets up, saying that the fish-man's six swords were nothing special and that he would not die until he meets Mihawk again. He tells Johnny and Yosaku to lend him their swords, and as this is happening, Sanji gets up and heads back to Arlong Park, saying that Zeff's kicks were ten times stronger than Kuroobi's punch. Meanwhile, Genzo and Nojiko dive down toward Luffy while Usopp continues running away from Chew.",
85,"Diary of Koby-Meppo, Vol. 3: ""An Off-Base Break"".
Koby and Helmeppo take a lunch break on the outskirts of the 153rd Branch. While Rika treats Koby to homemade onigiri and tea, Helmeppo inflicts ""revenge"" on a voodoo doll of Luffy.","Johnny and Yosaku, though worried about Zoro's injuries, know their comrade is the only one who can stand against Hatchan, and they throw their swords at him as he puts on his bandanna. Although he puts on a confident front, Zoro knows he could pass out at any time, and as Hatchan prepares to overwhelm him with his Six Sword Style, Zoro does not make a move to catch Johnny and Yosaku's swords, much to their shock. However, at the last second Zoro dodges Hatchan's three-sword jab as he grabs Johnny and Yosaku's swords and attempts to attack the fish-man. Hatchan leaps out of the way and is confident that Zoro will be unable to deal with all six of his swords, but Zoro parries his strikes and cuts him vertically across the chest.

The fish-men, villagers, and Johnny and Yosaku are stunned by Zoro's attack, but the wound only angers Hatchan. He states that Zoro cannot logically beat him since Zoro has three swords compared to his six, but Zoro counters that their blades have different weight as he remembers his encounter with Mihawk. Hatchan does not understand his comment, since his swords physically weigh more at 300 kilograms each, but Zoro says no more as Hatchan begins to attack again. He brings all his swords together and jabs them at Zoro, and Zoro counters them. However, Hatchan suddenly spreads out his arms and different directions, moving Zoro's arms and leaving him exposed. Hatchan then headbutts Zoro and sends him flying into the air, putting him on the verge of unconsciousness. Hatchan spins his swords over his head to dice up Zoro when he lands on them, but Zoro manages to spin on top of his swords and cut his hands. Hatchan lets go of his swords and writhes in pain, growing even angrier as he prepares to finish Zoro off. Intent on surpassing his limits and not passing out, Zoro meets Hatchan's attack head-on. He then manages to break Hatchan's swords, telling him that this is what he meant by their swords having different weights. Hatchan tries attacking with rapid punches, but Zoro cuts him up with a whirlwind slash, sending him flying up into the air and landing on the ground defeated.

Kuroobi then prepares to attack Zoro, but Sanji blocks his strike. Kuroobi is surprised that he managed to live after taking one of his punches, but Sanji says that people from Baratie could have taken it as well, causing Kuroobi to state he is being underestimated. Meanwhile, Genzo and Nojiko attempt to break the rock Luffy is trapped in at the bottom of the pool, with Luffy already having swallowed a lot of water. Genzo cannot break the rock as the two quickly run out of oxygen, but they then get an idea.",
86,"Color Cover: Nami sits on a bridge beside a burglar-masked otter, a bag of loot between them. Behind, a signpost indicates two directions: ""JUSTICE"" and ""BAD CONDUCT"".","With Zoro having defeated Hatchan and Sanji confronting Kuroobi, Zoro prepares to go underwater and rescue Luffy. Sanji says that Zoro will die from his injuries underwater, but Zoro replies that they have no time left, causing Sanji to jump in instead. Zoro is horrified as Kuroobi gleefully looks forward to fighting in his natural element, jumping into the water to go after Sanji. As Sanji goes down, he sees Genzo pumping Luffy's chest, and Luffy's neck is stretched to the shore, bringing his head above water as Nojiko holds it there. Luffy coughs up some of the water he swallowed, making Nojiko hopeful, and Sanji knows that all he has to do is break the rock Luffy's feet are encased in and free him. However, Kuroobi suddenly catches up to Sanji and strikes the back of his neck, and he then sees Genzo with Luffy, causing him to go after the villager. Sanji grabs Kuroobi's legs and holds him back, and Kuroobi is enthused by Sanji challenging him in an environment where he is not only much stronger, but Sanji is weakened by not being able to breathe.

Kuroobi wraps Sanji in his ponytail, and Sanji tries kicking him, but the power of the kick has been reduced by half and Kuroobi easily dodges it. In contrast, Kuroobi's attacks are unaffected and even sometimes strengthened, and he lands multiple powerful strikes on Sanji. After the assault, Sanji desperately tries to swim up to breathe, but Kuroobi smugly blocks him. Kuroobi mocks Sanji's chivalry, saying that this is how far it got him and that once he died, Kuroobi would kill all of his friends and allies, meaning he could not save a single person. Kuroobi then grabs Sanji by the neck and prepares to drag him to the sea floor very quickly; the sudden change in water pressure will rupture Sanji's organs. Sanji coughs blood when he is brought to the sea floor, and on land, the Cocoyasi villagers wonder in concern about the statuses of Sanji, Genzo, and Nojiko.

Sanji remains alive after the sudden change in pressure, and he points upward. Kuroobi decides to do this again, and swims back up towards the top. Knowing that fish-men breathed through their gills underwater, Sanji bites Kuroobi's gills, blocking them and causing him to suffocate. Sanji is freed from Kuroobi's grasp and comes back up for air, shocking Zoro and Arlong. He tells Zoro that Luffy is sort of fine, and tells Kuroobi to come up so he can kill him. Kuroobi comes up, and thinks nothing of fighting on land, as he is confident that he will still overpower Sanji and kill him with his ultimate attack. However, Sanji quickly barrages Kuroobi with powerful kicks, and a stunned Kuroobi quickly tries to use his ultimate attack, but Sanji finishes him off with Mouton Shot, asking him if he wants any dessert as he flies away.",
87,"Diary of Koby-Meppo, Vol. 4: ""Study, Study!!""
Late at night, long after the rest of his unit (including Helmeppo) has fallen asleep, Koby continues his enlistment studies by candlelight.","Sanji sends Kuroobi crashing into Arlong Park's main building, and Arlong looks on in shock and anger at Kuroobi and Hatchan lying in defeat. Sanji waves the two fish-men off as nothing special, and Arlong confronts him and Zoro in a rage, saying they are still far from winning. Zoro asks Sanji what he meant by his mixed report on Luffy's status, and Sanji replies that Luffy will not die, but he will need to go back down to the ocean floor to free their captain. However, Arlong will likely be standing in their way. Meanwhile, Nojiko looks on as she holds Luffy's head above water, shocked that Hatchan and Kuroobi were defeated. Genzo comes back up for air, cursing his inability to hold his breath long enough. Nojiko offers to switch places with him, and Genzo asks about the situation with the Straw Hats and the Arlong Pirates. Still surprised at what is going on, Nojiko states that there may actually be hope for all of them.

Elsewhere, Usopp lies on the ground in a bloody mess. Thinking he killed the pirate with a single shot of his Mizudeppo, Chew walks back to Arlong Park, complaining about the trouble chasing Usopp had caused him and saying that Hatchan and Kuroobi should have dispatched the others by now. However, Usopp is actually fine, having used his special Ketchup Star to fool Chew. He does feel sorry for Nami about all the destruction the fish-men have caused, but decides to cut his losses and pretend that he lost to Chew in a hard-fought battle, packing dirt on his body to make his lie more believable. However, as he does this, he recalls the words of his crewmates and the Cocoyasi Village residents he met, remembering how determined they all were to stop Arlong and what they had told him about Nami's dedication to freeing the village. As a result, Usopp can no longer justify his decision, bitterly denouncing how pathetic he is. He then yells out to Chew, who turns around to confront him. Usopp reflects that he needed to leave his comfort zone behind when he left his village, knowing that the true joy of being a pirate can only come from putting one's life on the line and giving one's all every day. Knowing that he has no right to sail or laugh with his crewmates if he does not fight seriously, Usopp shoots a Kaen Boshi at Chew.

However, Chew easily snuffs out the shot with his water abilities, and punches Usopp hard in the face. With Usopp's blood dripping from his fist, Chew says it would have been smarter if the sniper had continued to fake his death. Usopp initially seems to be giving up, and Chew stomps on his chest, but he suddenly pulls his hammer out of his bag and hits Chew's leg with it. Usopp then shoots Chew with a rubber band, giving him enough time to run and hide in the woods. As Chew looks around, a bottle of rum suddenly comes flying toward him, which he catches. However, the bottle suddenly ruptures as Usopp shoots it with Namari Boshi, covering Chew in rum and cutting him with the bottle shards. Chew gets extremely annoyed with Usopp's stunts, and sucks in water from a nearby pool in order to draw out the pirate from his hiding spot. Though he is hiding, Usopp is intent on continuing to fight, although he becomes very frightened when Chew fires a large blast of water that brings down many of the trees nearby. The exasperated Chew finds Usopp while the latter is looking at the destruction, and barrages him with Hyappatsu Mizudeppo. Despite being utterly overwhelmed, Usopp still promises the people he left behind at home to act like a real pirate, saying his pretend pirate days are over. Chew then kicks down the tree Usopp is hiding behind, drawing blood as he is caught by its sharp edges. Chew wonders what Usopp said was over, and Usopp replies that it was their fight, shooting a Kaen Boshi that ignites the alcohol covering Chew's body, setting him ablaze and defeating him.",
88,"Diary of Koby-Meppo, Vol. 5: ""Odd Jobs For the Morgan Arraignment Ship"".
Koby and Helmeppo are shocked—and terrified—to discover their latest assignment: on the very ship meant to transport Morgan to his court-martial.","The chapter begins right after Usopp lit Chew on fire. Chew begins to run towards the pool of water, but Usopp comes from behind and hits him with Usopp Hammer towards the water. As Chew begins to get up, Usopp strikes him again with Usopp Hammer three times, then with Usopp Wagomu, and then again with Usopp Hammer. Following this succession of attacks, Chew is K.O.ed and Usopp begins to celebrate his victory. He starts shouting that even he can do it, and that the fish-man shouldn't underestimate him.

The scene moves to Cocoyasi Village, behind Nami and Nojiko's house. Nami is sitting on a chair with her Bo-staff, bandaging her shoulder after she cut herself with a knife. Nami begins to think that she cried and complained enough and now she has to go to Arlong Park since everyone else is fighting.

The scene moves to Arlong Park, where Arlong is sitting in the middle of a scene in front of Zoro and Sanji knocked down on the ground. A citizen of Cocoyasi Village can't believe his eyes. Yosaku wonders what did Arlong do. Johnny mentions that the fish-man only threw some water, but this knocked down both Zoro and Sanji and had them cough up blood. Meanwhile, Luffy is still sitting on the sea floor, with Nojiko trying to pump water out of him, and with his head in Genzo's hands stretched just above the surface. One of Luffy's fingers starts to move. As Sanji begins to get up, Yosaku shouts to him not to stand up. Johnny is worried about Luffy's situation. Arlong mocks the two, saying that he doesn't even need to touch them and that a little water is enough to kill them. He comments that that is the difference between their species. Sanji tells him to shut up and attacks him with Poitrine Shoot, which Arlong easily evades and then attacks Sanji again with water, knocking him down. Sanji coughs up blood and thinks that fighting is only a game for the fish-man, and that water splashes feel like a shotgun blast. Sanji realizes that Arlong is on a whole other level. Arlong mocks Sanji again, saying that he should just die, and that he's life is worth nothing.

Then, Nami appears, to everyone's surprise. Arlong tells her that he was about to kill the pirates, and asks her why did she come. Nami answers that she came in order to kill him. Arlong begins to laugh at this, commenting on the numerous times that she tried to kill him in the past 8 years: by assassination, poisoning, or surprise attacks. He then tells her that she should know that it's impossible for humans to kill him. Arlong follows, saying that he's not going to kill her or let her escape, and that she will be her cartographer forever.

The fish-man continues by commenting that he is an understanding guy, and that he doesn't want to chain a young woman if possible, so it would be better for him if Nami joined him out of her own will. He then makes Nami an offer: even though he's planning to kill everyone present, if Nami joins Arlong as his cartographer, he will spare the Cocoyasi Village citizens' lives, but he won't spare Sanji and Zoro because they made him angry. Arlong asks Nami if she chooses to side with him and spare the villagers, or if she sides with the pirates and attempt to fight him. He then comments that because their strongest fighters have been incapacitated, losing is inevitable. Arlong asks Nami again if she sides with him or with the pirates. Nami begins to think about what to choose, thinking that a single word from her can decide everyone's lives. She then remembers Luffy's words that he will save her. While the villagers get angry that Arlong is anyway forcing Nami to join him, Nami thinks that she can't doubt her friends' words. She then apologizes to all the villagers, and asks them if they would die with her. All the villagers scream in approval.

Then Luffy woke up, shooting a jet of water out of his mouth. Sanji comments that the plan worked and that all they need to do is free Luffy's legs. Zoro realizes what the plan was. Johnny and Yosaku realize that Luffy is back. Genzo asks Luffy if he is awake. Zoro and Sanji get up and the swordsman tells the cook that he has 30 seconds, because he won't last more than that. Sanji then jumps into the water saying that that's more time than he needs. Arlong also realizes that Luffy is back. Zoro tells Arlong that he shouldn't pay attention to that, and calls him a half-fish mutant. The fish-man threatens Zoro, saying that he told him not to call him that again. Sanji is close to reaching Luffy.

Suddenly, Usopp appears and shoots Arlong with Tamago Boshi. Usopp starts shouting that he will back Zoro. Johnny and Yosaku start wondering where the sniper is, commenting that he is brave. Usopp tells Zoro to fight without any worries, as everyone realizes that he was hiding in the hole in the wall made by Sanji earlier when he was hit by Kuroobi. Usopp happily tells Nami that he defeated one of the officers of the Arlong Pirates by himself. Genzo asks Luffy if he pulls himself out on his own, but Luffy answers that he can't feel any strength in his body. As Sanji almost reaches Luffy's body, he says to himself that he is counting on Luffy, their only hope. However, Hatchan starts to get up saying that he won't let them do as they please.",
89,"Diary of Koby-Meppo, Vol. 6: ""Odd Jobs, Odd Jobs On Deck!!""
As they polish weapons on the arraignment ship's gundeck, a concerned Helmeppo wonders to Koby whether his father will be executed for his crimes.","Sanji goes to free Luffy from his rock entrapment underwater, but as Zoro confronts Arlong, the fish-man states that he wishes to find out who interfered and kept Luffy alive. Wanting to distract Arlong, Usopp shouts at him and shoots a rubber band at him, but Arlong's attention remains on Zoro. Zoro swings his sword at Arlong's face, only for the fish-man's long nose to counter it. Arlong says that his unbreakable nose is his greatest pride as Hatchan gets back up. Initially frightened due to thinking that Usopp's rubber band was heading for him, Hatchan gets angry and dives into the water to kill Sanji, shocking Zoro. Arlong tells Zoro that his group will die no matter what before headbutting him in the chest, causing him to cry out in pain.

Sanji reaches Nojiko and Luffy at the bottom of the pool, and as he prepares to destroy Luffy's rock with a kick, Nojiko notices Hatchan pursuing him. She goes behind Sanji to shield him from Hatchan's rapid punches, and Sanji is shocked as he sees Hatchan attacking. Above water, Usopp shouts to Zoro as he climbs over the wall to Arlong Park, and Arlong lifts the swordsman by the neck. Wondering why Zoro is bandaged so much, Arlong rips the bandages off, and is shocked to see the gruesome wound on Zoro's chest. He prepares to kill Zoro, but Zoro exclaims that Hatchan's wounds would not have reopened if he had stayed down. Arlong initially thinks Zoro is talking about himself, but Zoro reveals who he was talking to, and underwater, Hatchan's wounds reopen making him faint again. Sanji quickly destroys Luffy's rock with a kick, and Luffy's body shoots up to where his head is, sending him flying over Arlong Park.

The Straw Hats, townspeople, and their allies rejoice at Luffy's arrival, and Luffy grabs Zoro and throws him out of the way in order to switch places with him. Luffy then unleashes a rapid string of attacks on Arlong, which overwhelm the fish-man and leave him lying at the foot of the tower. However, Arlong gets up without taking significant damage, but Luffy responds that that was just his warm-up exercise. Meanwhile, Zoro swears to kill Luffy after landing on the ground.",
90,"Diary of Koby-Meppo, Vol. 7: ""Odd Jobs, Odd...?!!""
Carrying heavy equipment with Koby above-decks, Helmeppo suddenly breaks off as he spots something approaching the ship.","After receiving some blows from Luffy, Arlong acknowledges the Straw Hat captain's strength, but says it would have been better for Luffy to die underwater as he will now have to deal with Arlong's rage at his crew's actions. The nearby onlookers grow tense at the confrontation between Luffy and Arlong, and Sanji casually remarks that they will all die if Arlong beats Luffy, with Nojiko adding that all of East Blue will be doomed as well. Arlong asks Luffy if he knows what the difference between them is, and Luffy answers with sincerity that it is their different body parts (noses, etc.). This shocks Johnny and Yosaku and enrages Arlong, who replies that it is their race as he lunges toward Luffy and tries to bite him. Luffy barely manages to repeatedly dodge Arlong's rapidly encroaching jaws, and his situation seems to be hopeless when Arlong pins him to a pillar by the neck, but he manages to pull his head out of the path of Arlong's jaws by stretching his neck. This causes Arlong to bite into the pillar behind Luffy, and Usopp is initially confident that the fish-man's teeth will break, only for the opposite to happen as Arlong's bite causes the stone pillar to shatter. Johnny and Yosaku are terrified, and Sanji notes that Luffy's body would be completely torn apart if Arlong manages to get his jaws around it. Arlong boasts in the power of his teeth, saying that the humans' lack of this power makes them the inferior species, but Luffy retorts by saying he can just crush stone with his fists. Johnny and Yosaku agree with Luffy's remark, but Arlong calls it frivolous as he charges at Luffy, shouting about how weak humans are, and how Luffy in particular can't even save himself from drowning. However, Luffy does not seem opposed to these accusations of weakness, saying he needs helps because of them as he grabs two swords from Arlong's beaten crewmates.

Sanji wonders if Luffy knows how to use a sword, but Luffy just swings them wildly at Arlong, much to the fish-man's bewilderment as he dodges the random swings. He then counters one of the swords with his nose, sending it flying out of Luffy's hand, and Luffy swings his other sword at Arlong, only for the sword to shatter upon contact with Arlong's nose. Arlong initially thinks Luffy is just playing around, but Luffy is not done yet as he immediately follows up his sword strikes with a cartwheel punch to Arlong's jaw, which sends the fish-man flying back and shatters his teeth. As the bystanders look on in shock, Luffy shouts at Arlong that he cannot fight with swords, or navigate, or cook, or lie like his crewmates can, and that without their help, he would die. Arlong questions Luffy's statement, wondering why anyone would follow someone who professes to be so weak. He asks Luffy what he can do that gives him the right to be a captain, and Luffy simply replies that he can beat Arlong.

Luffy's crewmates and allies cheer at his statement, but Arlong expresses his exasperation with Luffy's talking as he quickly grows back another set of teeth, much to Luffy's shock. He reveals that he can do this as a shark fish-man, and that the new set is stronger than the old one every time. He then pulls out his new set of teeth and then the next one after that, allowing him to wield two sets of teeth in his hands as weapons while another set of teeth grows back in his mouth. Arlong uses this ability to proclaim again about the superiority of fish-men, and he attacks Luffy with the jaws in his hands. Eventually, he manages to draw blood, but with a shock realizes that it is from a fish-man that Luffy used as a shield. This causes Arlong to get angry, and gives Luffy an idea.",
91,"Diary of Koby-Meppo, Vol. 8: ""The Ship of Marine Headquarters Vice Admiral Garp"".
What Helmeppo spotted is revealed to be the ship of a high-ranking Marine officer. He, Koby, and everyone else above-decks salutes at its approach.","Arlong gets angry at Luffy for using his crewmate as a shield, but Luffy retorts that the fish-man did the same to his enemies. Johnny and Yosaku state that Luffy said he had an idea for beating Arlong, and they and Sanji wonder what it is. Arlong attacks Luffy by snapping the teeth in his hands, but Luffy avoids his lunges and kicks him in the jaw, sending another set of his teeth flying out. As Arlong grows another set, he reminds Luffy that it's useless to break his teeth, but Luffy instead places the fish-man's teeth into his own mouth, and Johnny and Yosaku are appalled that this is his idea. An insulted Arlong manages to give Luffy a small bite in the shoulder, although it leads to him melodramatically rolling on the ground in pain. Johnny and Yosaku yell at Luffy to stop playing around, but Luffy denies their accusation. He then blocks another of Arlong's strikes with a large piece of rock, but Arlong's strength sends Luffy tumbling backwards. Arlong then sinks a set of teeth into Luffy's side, but he quickly responds by biting Arlong's shoulder with the fish-man's own teeth.

The two combatants separate from each other, with the teeth Luffy used being left in Arlong's shoulder, and Luffy laughs how he hurt Arlong with his own teeth. However, Arlong, pulling the teeth from his shoulder, says that Luffy's jaws are too weak to do any real damage, and he tries to demonstrate the real power of a shark's jaw as he bites into Luffy's right arm at the elbow. Luffy manages to counter by throwing Arlong into the ground, allowing him to loosen the stunned fish-man's jaws and free his arm. The two momentarily lie motionless on the ground. Genzo states that Luffy could have lost his arm had he been trapped for even a second longer. Arlong gets up first, noting that Luffy's throw was enough to draw blood. Meanwhile, Luffy pulls the teeth out of his side, but when he gets up, notices that Arlong has disappeared. Usopp yells to Luffy that Arlong went into the water, though Luffy initially confuses his exposed fin for an actual shark. Below the surface, Arlong says that no one can compare to his speed underwater as he flies out of the water like a torpedo, with Luffy just barely dodging a fatal blow, but still being hit hard enough to send him spinning away. Arlong crashes through the tower wall, while Luffy tumbles to the ground. Arlong is surprised Luffy could dodge him, but notes that it will only delay the inevitable. He then uses the same attack again, and Luffy dodges him, causing his nose to embed itself in the ground, with no ill effect to the fish-man. Sanji is shocked at how strong his nose is, and Arlong uses the attack twice more, successfully grazing Luffy both times before going back underwater. As Luffy struggles to his feet his allies yell for him to get away before Arlong can attack again, but Luffy refuses and stands in front of the pool, declaring that he will catch Arlong and break his nose.",
92,"Diary of Koby-Meppo, Vol. 9: ""The Delivery of Morgan"".
Per arrangement, Vice Admiral Garp has come to continue Morgan's transport on his own ship. A tearful Helmeppo tries to approach his shackled father, but is held back by Koby.","Luffy goads Arlong to come out of the pool despite the beatings the fish-man gave him, and Arlong laughs at Luffy's tenacity, wondering if Luffy realized that running away is futile. Usopp yells at Luffy to hide, saying that he'll die if Arlong lands a direct hit on him. However, Luffy makes a shield by horizontally stretching the fingers of his left hand, and Johnny and Yosaku wonder what Luffy is thinking with that. Arlong goes twice as fast as last time as he swims toward Luffy, aiming to skewer his heart, and he sends Luffy flying as he hits him directly, to Johnny and Yosaku's horror. However, Luffy barely manages to stop Arlong's nose from striking him by using his finger shield to block the fish-man's face, and bounces away from Arlong onto the wall of the main building. Luffy tells Arlong that that attack won't work on him anymore, however Arlong catches Luffy by surprise as he jumps up from the collision site (although Luffy just says he got lucky), and leaps at the Straw Hat again in midair. Luffy responds by stretching his fingers to form a net, which catches Arlong, and Luffy then stomps Arlong's chest and sends him crashing into the ground below.

The onlookers rejoice, and Luffy wonders if Arlong is dead, but Arlong's eyes quickly reopen and they are now intense and wild looking. Genzo and Nojiko are unnerved by the sight, and even Nami says that she has never seen his eyes like that before. Sanji notes that they are the same eyes a Sea King has when it goes berserk, and that Luffy's attack just enraged him. Arlong grabs Luffy by the head and slams him into the foot of the building before charging at him. Luffy barely manages to jump over Arlong's punch, but as Arlong punches through the wall of the building, he grabs a giant Zanbato named Kiribachi and pulls it out. Arlong swings Kiribachi at Luffy, and Luffy dodges, but the sword plants itself into the building and allows Arlong to flip and pursue Luffy up the main building. Arlong manages to corner Luffy on an upper level, and Luffy leaps into a window as the fish-man attacks.

Arlong climbs into the room, and Luffy wonders what all the papers around him are. Arlong replies that these are maps that Nami has spent the last eight years drawing, and he praises Nami's ability, but Luffy notes that the pen on Nami's desk is encrusted in blood. Arlong holds Luffy's head between two of Kiribachi's blades as he says that there is no greater happiness for Nami than to make maps for the fish-men to use to conquer the world, and asks Luffy if he could use her any more effectively. In response, Luffy grabs onto one of Kiribachi's blades, rendering Arlong unable to move his sword. Luffy shatters the tooth-like blade with his bare hand, growing angry about Arlong using Nami like a tool.",
93,"Diary of Koby-Meppo, Vol. 10: ""The Headquarters Vice-Admiral Lets Down His Guard"".
Morgan suddenly attacks Vice-Admiral Garp, and seems to deal a fatal blow. While Koby and Helmeppo scream in terror, Garp's aide leaps into action.","As Luffy breaks off part of Arlong's Kiribachi, he asks Arlong what he thinks Nami is. Arlong replies that while she is a human, he at least considers her useful and he will provide for her every want so long as she keeps drawing maps for him. As Johnny and Yosaku worry about what is happening to Luffy inside the tower, Luffy kicks Nami's desk out, and Nami is taken aback as it falls to the ground. Arlong angrily wonders why Luffy is destroying Nami's cartography supplies and sending them flying out of the tower, and as she watches them fall, Nami remembers Arlong showing her her cartography room for the first time when she was a child. Arlong swings Kiribachi at Luffy, but Luffy dodges it and he destroys more of Nami's maps in the process. Arlong is aghast at what is happening to his maps, remembering forcing Nami to work for long hours and abusing her in order to acquire them. Arlong grabs Luffy and shouts that it took Nami eight years to make those maps, and outside, Nami silently thanks Luffy while tears fall from her eyes.

Arlong bites Luffy in the neck, but Luffy grabs the fish-man's nose as he states that while he may not know anything about fish-men or cartography, he now knows how to help Nami. He snaps Arlong's nose out of place, and states that he cannot allow this room to exist. Luffy then kicks into the ceiling, and his leg stretches all the way through the roof. Arlong puts his nose back in place and scoffs at the idea of a human destroying Arlong Park as he spins toward Luffy. He bites Luffy in the chest, but Luffy brings his foot down on top of him, sending him crashing all the way to the ground floor. The impact causes the entire tower to crack, and the Straw Hats and citizens prepare to evacuate, but Nami does not want to leave Luffy inside the tower. However, she cries out to him as it collapses immediately afterwards.",
94,"Color Cover: ""Gonna have a party!""
As the sun sets over Cocoyasi Village, Nami laughs her first genuinely happy laugh in eight years. Behind her, Nojiko and Genzo toast the other Straw Hat Pirates and villagers as they party.","Luffy destroys Arlong Park's roof and pieces of the building are scattered into the air. Zoro, who was sleeping, is struck and wonders what happened. Meanwhile at the foot of the building everyone wonders what happened inside and who won. Suddenly, Luffy emerges from the destruction to everyone's joy and then declares that Nami is his friend. Nami acknowledges his gesture.

Everybody then celebrates the news of Arlong's defeat. However, they are soon interrupted by Nezumi, who thanks them for giving him an enjoyable fight to watch and then declares that all the riches of Arlong Park now belong to him. He then asks that everyone throw down their arms, but is interrupted by Zoro and then gets beaten up by the Straw Hat Crew. Nami then gives Luffy his straw hat back and attacks Nezumi as well. She tells him to give her back her money. Nezumi leaves and tells them that they will regret crossing him, while everyone continues to celebrate with Nami, Nojiko, and Genzo sitting by Belle-mère's grave. Back at Cocoyasi Village Dr. Nako is treating Zoro, who is in a lot of pain.

Later at the Marine's 16th branch, Nezumi alerts Marine headquarters about the Straw Hat Crew.",
95,"Diary of Koby-Meppo, Vol. 11: ""The Unbelievable Hostageppo"".
Bursting his shackles, Morgan takes his son hostage.","Night falls in the East Blue, but the partying in Cocoyasi Village does not cease as the people continue celebrating their hard-fought freedom from the Arlong Pirates. Luffy stuffs himself with meat, and asks Sanji about a raw ham melon that the cook ate. Sanji goes to flirt with the women, while Usopp proclaims his achievements to the jubilant crowd. Meanwhile, Genzo goes to Bell-mère's grave and pours sake on it, telling her that her daughters have become strong women that remind him of her. He then says that they will all do their best to live life to the fullest from now on, for the sake of those who died in their struggle for freedom. Luffy then bursts onto the scene looking for raw ham melon, and attempts to leave after not seeing any, but Genzo stops him. Luffy notes the grave and offers his condolences, and Genzo tells him that if he takes away the smile from Nami's face, he will kill the pirate himself, which Luffy understands.

Meanwhile, Nojiko notes that Chabo is not sulking about his dad's death, and Chabo replies that nothing good would have come from thoughts like that. Nojiko then pinches his cheek, as his response prevented her from picking on him. Inside a room, Dr. Nako tells Nami that her tattoo cannot be fully erased, as it would still leave a scar. Nami remembers telling Nojiko about her pain at being branded with the Arlong Pirates' tattoo, and how Nojiko proceeded to get her own tattoos to match her. Nami then asks Nako to tattoo something else in its place, showing him a piece of paper with what she has in mind.

The next day, the Straw Hat Pirates prepare to depart from the island. Johnny and Yosaku bid them farewell, as they intend to resume their lives as bounty hunters. Usopp wonders where Nami is, and Zoro suggests that she may not be coming. Genzo and Nako express their shock when they hear that Nami is leaving her 100,000,000 in the village, but Nojiko says that her sister was content with just stealing more money later. Nami then approaches the villagers and shouts for the Straw Hats to set sail before running toward the Going Merry. Genzo and the villagers realize in shock that Nami is not giving them the opportunity to thank her, and she bursts through the crowd and leaps from the dock onto the Merry. Nami then drops the wallets and money she stole from the villagers, and they shout at her in anger, though are still grateful to her. Genzo tells Luffy to remember their promise, and Nami happily shouts her goodbye to the villagers. Nako hands Genzo the paper that Nami gave him when getting her new tattoo, revealing its design: a tangerine attached to a pinwheel. Nojiko notices that Genzo is not wearing his pinwheel anymore, and he replies that he does not need it anymore. When Nami was a baby, Bell-mère got mad at Genzo for making her cry with his scary face. In response, Genzo put the pinwheel on his hat, which made her laugh. Now the pinwheel, as well as an orange, sits in front of Bell-mère's grave.",
96,"Diary of Koby-Meppo, Vol. 12: ""Morgan's Escape"".
With the terrified Helmeppo in tow, Morgan makes his escape on a spare dinghy.","Nami argues that the newspaper, and everything else, has become expensive. In the meantime, Usopp develops a new chili marble to blind opponents. Luffy bumps into Usopp, causing him to spill the chili in his eyes. Luffy attempts to eat an mikan from Nami's tree but Sanji defends the tree from Luffy. Zoro, on the other hand, is resting. The ship heads towards the Grand Line.

Meanwhile, at Marine HQ, Lieutenant Commander Brannew is reviewing every East Blue pirate's bounty. Every pirate with a high bounty in East Blue has been defeated by Monkey D. Luffy. Brannew shows Luffy's first bounty of 30,000,000. The Marines are gathered to make a vow of righteousness and justice in the sea.

Back to the ship, Luffy is proud of his first wanted poster but Nami is afraid that everybody will try to kill. Usopp is also proud of his captain's wanted poster because the back of his head is shown. They decide it's time to head for the Grand Line. When Zoro sees an island, Nami informs them it is Loguetown, ""the town of the beginning and the end"", where the legendary Gold Roger was born and executed. When the crew arrives on the island, Luffy decides to head to the execution platform, Sanji looks for food, Usopp wants to buy some tools and Zoro thinks of buying something, which leaves Nami offering to lend him some money with 300% interest.

While Zoro walks around the town, he sees a girl getting picked on by two pirates because their captain got captured by her commanding officer and they cannot fulfill their dream to go to the Grand Line. The girl, being a swordswoman, quickly finishes them off but drops her glasses in the process. Zoro is impressed by her skills and helps her find her glasses. When the girl thanks him, Zoro stares in shock, as she is the splitting image of his long dead friend, Kuina.

In the meantime, on an isolated island, Mihawk is looking for someone. That someone is soon revealed to be Shanks, The Red-Haired captain of Red Hair Pirates. Mihawk informs Shanks about Luffy's first wanted poster and that he remembered a story that he told him once about a kid in a little village. Shanks, eager to meet Luffy again, throws a party to celebrate Luffy's arrival and first bounty.

Meanwhile in Luffy's hometown, Foosha Village, everybody is happy because Luffy is infamous. The villagers wonder if he is going to become a great pirate from the village. The mayor of the village, however, is not really happy of the outcome, saying that it is Luffy's dream or destiny.",
97,"Diary of Koby-Meppo, Vol. 13: ""Prepare to Fire"".
As Helmeppo screams for help, the senior Marines—much to Koby's horror—train a cannon on Morgan's escape-boat.","Nami tries on several outfits which the owner swoons over, only to not buy any of them. Meanwhile, Luffy stands in front of Roger's execution platform and reflects on the event that happened there that started the Great Age of Pirates. Elsewhere, Zoro is still flustered after encountering a woman who looks just like Kuina and is also a swordsman to boot. Assured that he will not see her again, Zoro heads to the Arms Shop, where he is greeted by the owner Ipponmatsu. Zoro asks to buy two swords with 100,000, and Ipponmatsu says that he can only sell blunt, low-quality swords for that little money. He then recognizes Wado Ichimonji on Zoro's hip in shock, and asks to see it. After confirming that it is Wado Ichimonji, he tries to lowball it and buy it from Zoro for 200,000. Zoro refuses to sell it, even when Ipponmatsu triples his bid.

Right then, the woman Zoro met comes in and immediately recognizes Wado. She reveals that it is one of the 21 O Wazamono grade swords and is worth no less than 1,000,000, to Ipponmatsu's horror. He shouts at the woman, threatening to sue her for obstruction of business, and tosses her her sword Shigure that she came to pick up. She ends up crashing into a display rack, and he yells at her to clean it up before admitting to Zoro that his sword is indeed as valuable as the woman claimed. Not caring to understand what the earlier exchange was about, Zoro goes back to pick out some of the low-quality swords when the woman recognizes him. Not knowing who he is, she states that his three swords remind her of Zoro, and condemns how Zoro uses his blades to make money. She laments how the famous swordsmen who possess all the highest quality swords now are all criminals, saying the blades are crying. Ipponmatsu states that he has no problem with criminals, as they were his customers before Smoker gained authority over the town; he considers Smoker a ""monster"" due to being a Devil Fruit user. The woman vows to retrieve all the high-grade swords that are being used for evil.

She then spots Sandai Kitetsu, another high-grade sword worth over 1,000,000, being sold for 50,000. After hearing of its real value, Ipponmatsu refuses to sell it, and Zoro notes that it is cursed. Ipponmatsu confirms this, stating that like its predecessors, its wielders have suffered tragic deaths. Zoro still wants to buy it, but Ipponmatsu still refuses to sell it despite the urging of his wife. Zoro then offers to test its curse against his luck as he tosses it into the air and holds out his arm. Despite its unparalleled sharpness, Sandai Kitetsu does not leave a scratch on Zoro as it spins around his arm, causing Ipponmatsu to fall down in shock. Zoro then tells the woman to pick out another sword for him, but Ipponmatsu presents him with Yubashiri, a Ryo Wazomono grade sword that is the best one he owns. He lets Zoro take it and Sandai Kitetsu for free, apologizing for trying to trick him and being impressed over the latter sword's selection of him. Zoro then leaves, and Ipponmatsu's wife is surprised that he gave away their family heirloom. Ipponmatsu replies that he has entrusted his dream to Zoro, and as his wife sends him to clean the bathtub, the woman is left kneeling in awe at what she just witnessed.

At the Marine Station, Smoker asks where Master Chief Petty Officer Tashigi is. A subordinate states that she went to pick up her sword at the Arms Shop, and Smoker tells him to go bring her back as he had gotten an eyewitness report about pirates. He curses Tashigi to himself, calling her the shame of the Marines. Meanwhile, Sanji stares lovestruck at a beautiful woman standing nearby on the street.",
98,"Diary of Koby-Meppo, Vol. 14: ""Obstruction of Bombardment"".
Summoning every ounce of courage, Koby blocks the senior Marines' cannon with his own body while firing every pistol he can find, desperately trying to stop them from blasting Morgan's escape-boat—and Helmeppo with it.","Sanji becomes interested in an elephant trunk tuna fish from the South Blue and he decides he wants to buy it. Usopp finds some cheap eggs to buy and Nami is in a store buying some clothes. Nami notes that the weather is changing and that it will rain soon. Meanwhile, Luffy is standing in the execution platform where the greatest pirate Gold Roger died, he is so amazed of the view. An officer tells Luffy to get down off the platform. He reasons it belongs to the World Government but is soon smashed by Alvida.

Alvida, now looking different since the last time Luffy met her, tells Luffy that he is the only man ever punching her and that she wants him for being a strong man. Though, Luffy cannot remember who she is. The Loguetown officers want to arrest Alvida for hurting a World Government officer however, an explosion takes down the officers and Alvida shows her Devil Fruit power when a projectile piece of the fountain slides off her skin. Buggy shows up and reveals to Luffy that the now beautiful lady is in fact Alvida, much to the confusion of Luffy.

Alvida confirms that she is now the Devil Fruit user of the Sube Sube no Mi and her skin cannot be scarred. Alvida reveals the alliance that she has with Buggy the Clown because they share the same goal—finishing Luffy. Buggy blames Luffy for the adventure he had to go through without his crew as little Buggy. Cabaji traps Luffy in the execution platform foreshadowing Gold Roger's last moments.

Meanwhile, in the Marine base, Captain Smoker of the marines is informed about the chaos being caused by the pirates at the execution platform. He orders the Marines to close all the roads that lead to the execution platform and to surround the port. Soon, Tashigi, sergeant of the Marines meets up with Smoker and they head to the execution platform.

In the meantime, the rest of the Straw Hats are concerned about the feeling in the air. Sanji tells the rest that he saw a lion with a guy wearing a teddy bear hat. Zoro on the other hand, is wondering where the townspeople are located and Nami is worried about the weather. They are looking for Luffy in the execution platform.

The marines receive a report of three wanted pirates in the execution platform, one being Alvida the Iron Mace, the other being Buggy the Clown, and finally Luffy. Smoker has never heard of Luffy but he thinks that it could be a tough job.

Back in the platform, Luffy is not really concerned about his own execution going as far as wanting to scratch his nose. Much in shock to the rest of the Straw Hats when they notice that Luffy is about to be executed.",
99,"Diary of Koby-Meppo, Vol. 15: ""Obstruction of Bombardment Obstruction"".
Koby's pleas for Helmeppo's life seem to fall on deaf ears; in an instant, he finds his pistols sliced to bits by Vice-Admiral Garp's aide.","Buggy shouts that Luffy has upset him and therefore, he needs to be executed. He orders his pirates to create chaos in Loguetown for those who dare interfere. Luffy unaware that he is the one that's going to be executed tells Buggy that it's the first time he will see a real execution. Buggy tells the townspeople that they will see the live execution of Monkey D. Luffy.

Meanwhile, Nami tells Usopp that a storm is headed to the island and that it is more important than Luffy's execution.

Back at the Straw Hats' ship, Mohji and Richie prepare to set fire at the ship has a backup plan if Luffy and his crew tries to escape.

The Marines are not sure what to do, as the pirates are fighting each other. Smoker tells the marines to let them fight each other; that way, they will have the strength to capture both Alvida and Buggy as soon as they cut Luffy's head off.

Back at the platform, Luffy tells Buggy to let him go; however, Buggy states that if somebody tries to help Luffy, they will execute them. Luffy shouts that he will become the Pirate King shocking everybody present at the execution platform. Buggy is about to cut Luffy's head off when Zoro and Sanji show up to save Luffy. Smoker and Tashigi are surprised to hear that Pirate Hunter Zoro belongs in the same crew of Luffy. Zoro and Sanji start fighting the Buggy and Alvida Alliance to quickly destroy the stake of the platform. Luffy, apparently saying his last words to his crew because he will not survive the execution, smiles and accepts his fate. Shocked, Smoker recalls Gold Roger's execution 22 years ago.

Suddenly, lightning strikes Buggy when he was about to kill Luffy. With the execution platform now destroyed, Luffy stands up and recognizes that he is indeed a lucky man. Everybody at the platform are confused about what just happened. Luffy, Zoro and Sanji quickly run for it knowing the marines are surrounding the area.

Smoker asks Tashigi if she has ever seen somebody laugh at the execution platform knowing they will die. He remembers Gold Roger being the only one laughing right before his death. Realizing Luffy is escaping, he orders the first unit to take care of them, however, their gunpowder is wet because of the sudden storm, leaving the port free for them to escape. Smoker in anger decide to capture Luffy even if it's the last thing he can do.",
100,,,"('Connection aborted.', ConnectionResetError(10054, 'An existing connection was forcibly closed by the remote host', None, 10054, None))"
101,"Diary of Koby-Meppo, Vol. 16: ""Obstruction of Obstruction of Bombardment Obstruction"".
To everyone's shock, Vice-Admiral Garp suddenly revives, and crushes the nearby cannon with one hand, leaving it completely inoperable.
(In an art oversight, Garp is portrayed without his wound from Morgan.)","Luffy thinks the light from the light house should not disappear, claiming it is an emergency as they could become lost. Nami reminds Luffy why she is the navigator, remembering the way to the Grand Line is her job. Later, Nami reveals to the rest of the Straw hats that the entrance to the Grand Line is Reverse Mountain on the Red Line. They are confused as they believe it to be impossible to climb a mountain with a ship. Zoro wonders if the map is accurate as she stole it from Buggy. Luffy, on the other hand, is excited to go to that ""magic"" mountain. Zoro suggests entering the Grand Line from the south, shocking Luffy. The captain explains that they must enter from the mountain because it is ""cool"", much to Nami's disgust.

Suddenly the weather calms down, surprising Nami. She explains that they need to head towards the storm in order to arrive at the entrance. Soon, she realizes that they are in the Calm Belt and that they are in trouble because there is no wind. Nami, nervous about the outcome, orders everybody to row, prompting Usopp to remind her that it is not a rowboat. Nami explains that the Grand Line is surrounded by two seas. They are in the Calm Belt which is a sea without any wind or currents.

The ship shakes, confusing everybody that it might be an earthquake. Soon, the crew realizes that they are surrounded by sea kings. After a moment with the sea kings, the crew is back to the storm, Nami reminding Zoro why they need to use the entrance, Zoro now agreeing with her.

Nami then understands why they have to head for the mountain, explaining that the waves from the four seas gather there to create a stream. The stream would push the mountain's canal and when the water has reached the mountain's peak it will push back to the Grand Line. The only problem is controlling the rudder to avoid sinking. Luffy, on the other hand, does not understand and Sanji is amazed by Nami's navigation skills.

After awhile, they see a big shadow ahead. They realize it is the Red Line surrounded by fog. Sanji and Usopp take hold of the rudder. While turning the heavy rudder to avoid getting off route, it accidentally breaks. Luffy has no choice but to transform into a rubber balloon to avoid hitting the gate. After a brief moment of suspense, the crew is finally back in track, cheering for their accomplishment.

The crew amazed by the wonders of nature, they soon see the Grand Line.",
102,"Diary of Koby-Meppo, Vol. 17: ""Helmeppo's Determination"".
Summoning his own courage for the first time, Helmeppo not only defies but outright disowns his father.
(In an oversight, Morgan's axe is portrayed on his left arm, instead of his right.)","As the crew heads down the canal stream towards the Grand Line, a loud roar rings out into the air. Usopp announces he can see a giant mountain in the way, but Nami dismisses it as they should have open sea ahead of them. Suddenly they discover the giant mountain is actually a large whale. The crew concludes that the whale most likely does not know they are there as it appears just like a wall and would not be able to see them with its eyes. They try to come up with ideas before they hit it, but to everyone's dismay, Luffy's way of stopping the ship via cannon works but the idea is to fire a cannonball at the whale. Going Merry's bow figure is broken off as it bumps in the whale. They wonder if it felt the cannonball and call it ""stupid"" if it did not. But as the crew try and get away from the whale, Luffy hits it in the eye with a punch for breaking off ""his special seat"", which angers the whale.

The whale spots them with its eye and Luffy threatens it to a fight - resulting in the ship being swallowed. Luffy, however, ends up on top of the whale and is wondering how to get free his crew. He pummels the whale's head as the whale begins to lower into the water. Luffy spots a metal hatch on the surface of the whale just before it submerges.

Inside the whale, the crew wonders if they've entered a dream since there is an island here, and they appear to be outside. As they get near to the island a giant squid appears and is harpooned. Sanji and Zoro comment there must be a man living here and hopes he is friendly. Meanwhile, Luffy finds himself inside a tunnel in the body of the whale.",
103,"Color Cover: Luffy rides Laboon through an unknown sea, while Smoker and Buggy loom overhead.","The Going Merry has entered a weird place: a lake with an island in the middle of a whale's stomach. However, the weirdest part is the old man on the island with his flower-like hairs and annoying attitude. His name is Crocus and is the caretaker of the Twin Cape lighthouse. He reveals to the crew that they are, in fact, in the stomach of the whale who appears to have been ""customized."" They can leave the whale through a door which Crocus been constructed in the stomach wall. Suddenly, the stomach lake becomes rough. Crocus once again gives the explanation—the whale is hitting his head against the Red Line which has given him numerous scars over the years.

Meanwhile, Luffy also enters the whale strange inside as well as two mysterious characters, Mr. 9 and Miss Wednesday. Due to the whale's behavior, the three of them soon land in the whale's stomach too. They rejoin the others who are trying to escape. Crocus has disappeared into a special room where he can inject sedative to calm the whale through a gigantic syringe. The whale becomes calm once more and the Straw Hat question the 2 mysterious guests. As it appeared, they want to kill the whale. Crocus and Luffy prevent them from doing any harm to Laboon.

Finally, taking advantage of the whale's better mood, Crocus explains his story. He belonged to a pirate crew who stopped by the cape to reach the Grand Line. Due to the danger of the sea, they asked Crocus to take care of Laboon until they returned. The two of them have stayed here waiting since their departure... 50 years ago.",
104,"Diary of Koby-Meppo, Vol. 18: ""Vice Admiral Garp's Negligence"".
Flabbergasting all the other Marines, Vice-Admiral Garp admits he'd fallen asleep on the job and had not even noticed Morgan's attack.","The Straw Hats are amazed at the construction that Crocus has done inside Laboon. Crocus reveals that he used to be a doctor and has worked in a clinic and a ship. This prompts Luffy to ask him to join his crew as a doctor, but Crocus refuses, saying that he is too old.

After exiting Laboon, the crew wonders what to do with miss Wednesday and Mr. 9. Crocus tells them to dump them into the ocean, which they do. When Luffy asks who these guys are, they realize that such a pirate crew could be useful to their organization, and decide to leave after warning them to prepare themselves, and threatening Crocus that they will be back for the whale soon.

As Luffy begins to wonder where Laboon's crew is located, Sanji tells him that they are most likely dead. Crocus tells them that they did not die but merely abandoned their quest as well as Laboon, fearing the vast dangers of the Grand Line. Usopp ponders about how the promise made to Laboon was so casually forfeited. He then goes on about how he tried to explain the situation to Laboon, but Laboon wouldn't believe any of his words and that's when he began his habit of ramming his head against the red line.

Luffy, having listened to the story, decides to do something seemingly odd. He breaks the mast right off Going Merry. He then runs on top of Laboon's head and nails him with it. The whale, screaming in pain, immediately retaliates. Laboon crushes his head, with Luffy on it, on the rocks. After a brief fight, Luffy declares the match a tie, which will have to be sorted out in the future. Thus, Luffy made a new promise with Laboon to meet again, after they have sailed around the Grand Line, to settle their fight once and for all. Luffy's move made everyone rejoice and gave Laboon a new reason to keep on living.",
105,"Diary of Koby-Meppo, Vol. 19: ""Morgan Alone"".
His son gone, the fugitive Morgan sails on alone.","Luffy finishes painting his crew's Jolly Roger on Laboon's forehead as a symbol of his promise to come back and fight the whale again. Meanwhile, Nami charts out the navigation route, Sanji prepares some fish for cooking, and Usopp tries to make repairs on the Going Merry while Zoro sleeps. Suddenly, Nami screams, and as the crew takes a break to eat, she reveals that her compass is spinning around all over the place. Crocus is surprised at their lack of knowledge of the Grand Line, and reveals that the presence of minerals on the islands affects the ocean's magnetic fields. Not only that, but the winds are very unpredictable. He states that they will need a Log Pose, which is a special type of compass that records the magnetic field. Luffy ends up having one, to Nami's surprise, and he reveals that Mr. 9 and Miss Wednesday had left it on their ship.

Crocus states that with the Log Pose, they will have to record the magnetic field interaction while on each island before they can move on to the next. There are seven possible magnetic field paths they could travel down, with each one of them leading to Laugh Tale, the legendary island at the end of the Grand Line. Usopp wonders if One Piece is located on Laugh Tale, and Crocus states that it is likely, but not confirmed. Luffy ends up eating all of the food Sanji made, and he kicks Luffy for eating the food he made specifically for Nami. However, he unwittingly sends Luffy slamming into the Log Pose, destroying it. Nami kicks Luffy and Sanji into the ocean and wonders what they are going to do now, but Crocus says he will give them one out of thanks for helping Laboon.

Meanwhile, Mr. 9 and Miss Wednesday spy on the Straw Hats, confirming that they had left their Log Pose with the crew. Without it, they could not return to their town, and would face the wrath of their boss if they fail to report. They prepare to take it by force when the Unluckies, Mr. 13 the sea otter and Miss Friday the vulture, come flying in. Mr. 9 and Miss Wednesday desperately attempt to make excuses, but the Unluckies drop a package-shaped bomb onto them, blowing them into the ocean. They come back up to shore at the same time and place as Luffy and Sanji, and Mr. 9 requests for the Straw Hats to take them to Whisky Peak. The Straw Hats are suspicious of them and want to learn more, but they assert that their organization necessitates their secrecy, offering to pay them back if the Straw Hats help them. Nami mentions that they had broken the Log Pose they had stolen from them, stunning them, before reassuring them about the one Crocus gave them. Crocus cautions them about choosing to go to Whisky Peak and its route, but the Straw Hats are confident as they say farewell to him and Laboon. As he watches them go off, Crocus wonders to Roger if these are the pirates they were waiting for.",
106,"Diary of Koby-Meppo, Vol. 20: ""Helmeppo's Return"".
Helmeppo swims his way back to the Marine ship and is pulled aboard in the company of several recruits—including a worried Koby.","After their departure from Twin Cape, the Straw Hat Pirates start their journey on the Grand Line. However Nami has a hard time understanding the Grand Line's unpredictable and wild climate when lightning follows a blizzard. Things get worse when Miss Wednesday asks her if she has checked her Log Pose and she realizes their ship is going the wrong way after just a few moments of inattention. The next hour is a non-stop fight against the inconsistent weather.

Finally, the Straw Hat Pirates manage to reach a period of calm. Everyone takes this opportunity to rest except Zoro who finally wakes up. When he is about to ask Miss Wednesday and Mr. 9 about their real motivation, Nami punches him for sleeping while the rest struggled against the weather. However, she is now fully confident in her navigation skills in the Grand Line for the future, as she feels more comfortable with the climate patterns.

Soon Whisky Peak, Miss Wednesday and Mr. 9's island, comes into view. While the two take this opportunity to leave the ship and jump overboard the Straw Hat Pirates wonder how their first Grand Line island experience will play out. They ponder if it has monsters, enemies, and so forth. But against all expectations, they receive a cheerful welcome from the inhabitants who invite them to a party.",
107,"Color Spread: ""It's funky.""
The Straw Hats relax among a heap of secondhand furniture they've found in the woods. While Luffy drinks, Zoro sleeps, and Nami poses before a taped-up mirror, Usopp—who has lent his bandanna to an owl—works on his art, including a hitchhiking sign for Sanji to hold up.","As night falls on Whisky Peak, the welcoming party for the Straw Hats continues. Usopp regales the people with his stories, Zoro and Nami outlast them in drinking, Sanji woos several women, and Luffy eats enough food for 20 people. Meanwhile, Mr. 9 and Miss Wednesday report to their boss via letter that they succeeded in luring the Straw Hats to this island. Zoro collapses from drinking before Nami does, and all of the Straw Hats eventually pass out from exhaustion. Mr. 9 and Miss Wednesday confront Mr. 8 as he heads outside, and Mr. 8 reports that the Straw Hats have fallen into their doom.

The nun that Nami was drinking against then comes out, having actually drunk barley tea. As she removes her robes, Miss Monday wonders if this welcoming party was actually necessary, saying they should have just crushed the Straw Hats at the harbor. However, Mr. 8 shows them Luffy's bounty poster, to their shock. He orders them to tie up all the Straw Hats and take all the treasure from their ship, telling them to keep them alive to earn the entire reward. However, Zoro then calls out to them from a nearby rooftop, and the agents inside report to the ones outside that he had managed to escape. Zoro states that a true swordsman never allows alcohol to take control of himself, and looks forward to taking on the 100 Baroque Works agents confronting him.

The agents are shocked that he knows their organizations' name, and Zoro reveals that he was unsuccessfully recruited to join it back when he was a bounty hunter. Mr. 8 states that they must kill him for knowing their secrets, and place his tombstone among the many others at Cactus Rock. In their brief moment of distraction, they lose sight of Zoro, and he appears right among them. They rush to attack, but he overwhelms several of them before speeding away again. He appears behind Mr. 8 and plants his sword into the agent's hair. Mr. 8 desperately tells the agents to not shoot, and he brings out a saxophone that functions as a shotgun. Zoro quickly speeds away from the blast as many agents are taken out, and Mr. 8, Miss Monday, Mr. 9, and Miss Wednesday state that they will need to take on Zoro themselves.",
108,"Diary of Koby-Meppo, Vol. 21: ""Apology""
Before Vice-Admiral Garp, Koby, Helmeppo, and the rest of their unit bow and beg forgiveness for all that has happened.","Zoro announces that he knows their secret company that they are ""Baroque Works"" while Luffy and the rest of the crew are sleeping. Baroque Works attempt to kill him to protect their secret identity. Zoro thinks it will be a good chance to test his new swords and have some fun. The fight between Zoro and the 100 bounty hunters begins.

A bounty hunter sees him and shoots him from the top of a building but Zoro ducks into a house. Then he sees that he is surrounded by more bounty hunters. They shoot at him but he uses a table as his shield. Then Zoro escapes, using the Yubashiri and gets out of the building. He goes upstairs and a bounty hunter with a bazooka shoots at him but Zoro ducks down. Miss Monday sees him at the stairs and she throws a barrel full of liquor at him. Zoro cuts it in four pieces that hit four more members in front of Zoro. Someone with a stone hammer tries to hit him from behind but Zoro dodges it in time and cuts the stone saying that ""This one cuts through stone, the Sandai Kitetsu"" blade is remarkably sharp'. A young boy tries to attack him with a knife, but Zoro flips it away. A nun comes and hugs the kid saying ""God, please protect us"" then she pulls away her cross where smoke comes out in the middle. Zoro avoids the smoke, and hits the nun and boy. He climbs up a ladder, with a lot of members following him up the ladder but Zoro pushes the ladder off the building, and the bounty hunters fall with the ladder. He jumps to another building and tricks the bounty hunters on the building, to fall through a hole he made on the roof.

Miss Monday surprises Zoro by trying to hit him from behind with one of the ladders. Zoro ducks in time, but then she catches him by his neck and punches him in the face with her super-human strength. Zoro then grabs her with his right hand and he challenges Miss Monday to a game of strength, which she loses. Mr. 8 thinks that the Marines got the bounty poster wrong, and that Zoro must be the real captain due to his strength.",
109,"Diary of Koby-Meppo, Vol. 22: ""We are Worthless"".
Koby and Helmeppo apologize hardest of all to Vice-Admiral Garp, not only for their insubordination but for their failure to recapture Morgan.","Mr. 8, Mr. 9, and Miss Wednesday are shaken and angered by their forces' inability to take down Zoro. Intent on fulfilling their responsibility to watch over this town, Mr. 8 takes out his saxophone and blows into it, which shoots bullets at Zoro. Zoro dodges the shots, and Mr. 9 and Miss Wednesday go on the move. While Mr. 9 leaps up toward the roof, Miss Wednesday mounts her duck Karoo to use its great speed to pursue Zoro. Karoo has trouble following Miss Wednesday's directions, and Mr. 9 performs acrobatic flips to attack Zoro from behind with two metal bats. He is cocky about the power of his bats, and warns Zoro to not let his swords get chipped, but Zoro manages to unnerve him by merely quickly drawing his sword and pointing it at the agent. Mr. 9 loses his composure as he swats recklessly at Zoro's sword, and Zoro wonders where his acrobatic finesse went. Mr. 9 decides to show it to him again and does a backflip, but ends up jumping off the roof and crashing to the ground.

Zoro wonders if anyone here is more competent when Miss Wednesday confronts him. She performed a dance, using the spiral design of her top to make Zoro dizzy. Zoro was overwhelmed by the dance, and Miss Wednesday charged at him to finish him off with her Peacock Slashers. However, Karoo moved so that her weapon-carrying hand was on the wrong side, and Miss Wednesday rode off the roof. Zoro was ashamed that he had to fight these people, but had to quickly dodge more of Mr. 8's shots. Zoro cut a hole in the roof and went down to the ground, where he hid in an alley and encountered Mr. 9 again. Mr. 9 extended the tip of one of his bats with an iron rope, tying up one of Zoro's arms with it. Miss Wednesday then brought out the sleeping Luffy, threatening to kill him if Zoro moved. Mr. 8 fires at Zoro with guns in his hair, but Zoro pulls on the rope, sending Mr. 9 flying into the path of the explosive shots. Zoro then throws Mr. 9 at Miss Wednesday and Karoo, sending them flying away from Luffy. Using Luffy's inflated body as a trampoline, Zoro bounces up to Mr. 8, cutting him down with a single slash as the battle comes to an end.",
110,"Diary of Koby-Meppo, Vol. 23: ""Five Seconds Till Garp's Speech"".
As Koby and Helmeppo continue to kneel and weep, Vice-Admiral Garp approaches the duo.","Luffy wakes up for a second but soon returns to sleep. The Baroque Works members, Mr. 8 and Miss Wednesday, attempt to run from the Straw Hats. However, to their horror they are spotted by Mr. 13 and Miss Friday. They suddenly hear someone order them to stop. They turn and spot two more Baroque Works members holding their guns at them. They ask for them to identify themselves and they answer with their code names.

Meanwhile, Zoro sits, drinking. Mr. 8 stands up, severely injured, and spots Mr. 5 and Miss Valentine behind him. The two officer agents reveal that Miss Wednesday is Nefertari Vivi, princess of Arabasta, and Mr. 8 is Igaram, her servant. Zoro watches from above, unnoticed. Mr. 9 is surprised and bows to Vivi while Vivi yells at him for acting so stupid. Zoro grabs Luffy and sprints away.

Mr. 5 announces they are here to kill the two traitors, but Mr. 9 stands before Vivi, saying that he cannot let his partner die. He is hit with an explosive by Mr. 5. As Zoro comments on Mr. 5's exploding booger. Igaram begs Zoro to save Vivi. While she escapes on Karoo, Nami appears. She proposes they will save Vivi if they pay 1,000,000,000.",
111,"Color Spread: By moonlight, the Straw Hat Pirates explore a set of eerie, half-submerged ruins, while the anaconda they brought along as a pack-mule tries to steal Luffy's meat.","Igaram is exasperated by Nami's offer of a 1,000,000,000 to protect Vivi. With Luffy still asleep, Zoro asks whether Nami should still be unconscious from all the alcohol she drank at the welcoming party. Nami retorts that she didn't want to drink and lower her guard, due to her suspicions of the Whisky Peak villagers' behavior, before bragging that she could have drunk much more if she had intended to, much to Zoro's chagrin. Turning to Igaram, Nami happily asks him whether he can guarantee the payment and additionally reminds the head of the Arabasta Royal Guard that without their help, Nefertari Vivi could die.

After some bartering, Igaram tells Nami that she will have to negotiate the payment with Vivi herself, only after her safe journey to Arabasta has been assured - Nami agrees with a haughty sigh and subsequently commands Zoro to assist the Princess.

A shocked Zoro at first refuses, claiming that the monetary scheme should be her responsibility, before Nami quips that even if the money is hers, the contract involves the entire Straw Hat crew. They continue to argue, whilst Luffy wakes up from his slumber in order to urinate, ignoring his crew-mates' squabble. Nami finally coaxes a frustrated Zoro into assisting her, by offering to rescind the unpaid added interest of 200,000 Belly on the money she loaned out to him at Loguetown.

As Zoro leaves to assist Vivi, cursing that Nami won't have a peaceful death, Igaram laments his weakness in failing to protect Vivi. Nami reassures him that Zoro is 'monstrously strong', with Igaram iterating that Vivi's survival is incredibly important for Arabasta's future.

Meanwhile, across town, Vivi is attempting to escape Mr. 5 and Miss Valentine by riding Karoo to a ship docked behind Cactus Rock. Mr. 5 comments on how her efforts are useless. Miss Monday aids a grateful Vivi by standing in the path of the two Baroque Works agents, reasoning that the whole band of bounty hunters in Whisky Peak would be punished anyway for suffering defeat at Zoro's hands. Disappointed with her sullying of Baroque Works' name, Mr. 5 incapacitates Miss Monday with a single clothesline that explodes on impact.

He continues to explain to a shocked Vivi, that his very person is a human bomb, being able to make any body part explode, having eaten the Bomu Bomu no Mi; he then picks his nose, flicking a bogey and subsequently launching a Nose Fancy Cannon. Suddenly, Zoro slices it in half, rescuing a surprised Vivi; the resultant explosive fragments destroy the buildings lining the road. Mr. 5 ponders who the swordsman is.

Zoro is disgusted at having to slice a bogey in half. Vivi at first believes that Zoro is there to prevent her escape, attacking him; Zoro casually blocks it, informing that he is in fact there to rescue her.

The scene then jumps to Nami, who asks Igaram about Baroque Works; he tells her that it is a secret criminal organization in which none of its members know the true identity of their boss, a man who bestows orders ranging from intelligence gathering to assassinations. Nami asks why the organisation members follow the commands of an unknown entity; Igaram replies that the ultimate aim of the group is to create an ideal nation, with high-ranking positions being awarded to those individuals who bring great success to the organisation. He also reveals that the boss has a codename of Mr. 0, explaining that the lower the number, the higher-ranked and the stronger that particular person will be within this ideal nation; he stresses that the strength of those with a number ranking of 5 or below are 'abnormal'.

Luffy is now seen walking by the river running through the town, having just urinated. He becomes shocked at something off-panel.

We return to the two Baroque Works agents, who identify Zoro as the one who defeated the town's agents; they ask him further why he is protecting Vivi. After an ambiguous answer from Zoro, the pair prepare to attack, Miss Valentine boasting about her Devil Fruit ability.

However, Luffy interrupts, shouting from further down the road that vows to never forgive Zoro and challenges his crew-mate to a fight, much to Zoro's surprise.",
112,"Diary of Koby-Meppo, Vol. 24: ""I Shall Take These Two Under My Wing"".
To everyone's surprise, Vice-Admiral Garp announces that he will be taking Koby and Helmeppo to Marine Headquarters—as his new protégés.","Zoro loudly asks Luffy what idiotic things is he saying to him, and Luffy replies that an ungrateful person like him should get beaten. Zoro wonders how he is ungrateful, and Luffy says that he can never forgive Zoro as he remembers standing by the defeated bounty hunters who had fed him, who said that Zoro had attacked them. Luffy yells at Zoro in anger for cutting down the townspeople that fed them the night before, and Nefertari Vivi wonders how dense Luffy is. Mr. 5 and Miss Valentine stand nearby, getting annoyed at the crewmates' argument and wanting to kill them off. Zoro attempts to explain to Luffy that the townspeople were actually bounty hunters, but Luffy cuts him off as he rushes to attack him in a fit of rage. Zoro dodges Luffy's punch, which shatters a building, and he wonders in amazement if Luffy is actually trying to kill him. Luffy replies that he indeed is trying to kill Zoro, and Zoro dodges more attacks as he futilely attempts to reason with Luffy.

Mr. 5 and Miss Valentine conclude that Luffy and Zoro are not interfering with their business and resume their mission to eliminate the princess of Arabasta. However, they accidentally receive Zoro's kick aimed at Luffy, which sends all three flying into buildings. Mr. 5 and Miss Valentine think that the pirates were trying to sabotage them all along, and Mr. 5 prepares to kill Luffy, causing the building they are in to explode. Miss Valentine flies away from the explosion into the air, revealing that she is now 1 kilogram due to the power of the Kiro Kiro no Mi. Vivi warns Zoro to get out of the way, but he silences her, not having time for anyone right now. He then watches as Luffy walks out of the damaged building dragging an unconscious Mr. 5, having burned enough calories to return to his normal size.

Vivi is shocked that Mr. 5, an Officer Agent, was defeated, and Zoro attempts to speak with Luffy, telling him that the townspeople were bounty hunters. As Miss Valentine hovers in the air, annoyed that everyone is ignoring her, Luffy calls Zoro a liar, saying that no enemies would feed them. Miss Valentine finally snaps and changes her weight to 10,000 kilograms, falling toward Zoro with great force, but he steps away as she plants into the ground. Zoro finally gets tired of Luffy's stupidity and prepares to get serious, appalling Vivi. The two crewmates rush at each other and clash, determined to test whether Luffy's unarmed strength or Zoro's swordsmanship is more powerful. They knock each other into opposite walls, and Vivi wonders if it is safe to escape, but her path is cut off as Luffy and Zoro rush at each other again. Meanwhile, Mr. 5 and Miss Valentine simmer in anger over their humiliating defeats, and decide to get revenge on Luffy and Zoro. However, the two pirates stop fighting and tell the agents that them getting in the way of their fight is annoying, and they blow Mr. 5 and Miss Valentine away.",
113,"Diary of Koby-Meppo, Vol. 25: ""Koby-Meppo, to the Marine Headquarters""
Vice-Admiral Garp's ship heads back to Marine Headquarters.","After getting rid of Mr. 5 and Miss Valentine, Zoro and Luffy return to their fight. However, they are quickly stopped by Nami who does not want to lose an opportunity to earn 1 billion belly.

Everyone explains to each other but Vivi is unable to promise the reward to Nami. Her country, Arabasta, is on the verge of a civil war, which had secretly been started by the Baroque Works organization. In order to help her country, Princess Vivi has infiltrated Baroque Works with her counselor, Igaram, in order to understand the organisation's true motives. She learned that their ultimate plan they call Dream Country, is in reality to conquer Arabasta by putting it into chaos. When Luffy asks Vivi who is pulling the strings, she accidentally reveals that Mr. 0 is Crocodile, one of the Seven Warlords of the Sea. Unfortunately for them, Baroque Works' Unluckies agents have overheard her revealing the information and they quickly put the three Straw Hat on their organisation's wanted list.

Now that they share the same enemy as Vivi, Igaram proposes a plan: he will go directly to Arabasta, thanks to an Eternal Pose, while the Straw Hat will accompany Vivi through the standard road which will be longer but safer. However, as soon as he departs, Igaram's boat explodes. Luffy does not hesitate any further and states he will help Vivi reach her country.",
114,"Diary of Koby-Meppo, Vol. 26: ""Odd Jobs, Odd Jobs at the Marine Headquarters!""
By day, Koby and Helmeppo seem to live the exact same life at Marine Headquarters—scrubbing floors while their superiors relax.","Having just witnessed Igaram's ship get destroyed, Luffy immediately wakes up Sanji and Usopp. Grabbing them by Usopp's nose and Sanji's leg, he drags them out of the Whisky Peak Bar and gives them a rude awakening. Zoro, meanwhile, prepares the Going Merry to set sail. As everyone gathers at the Going Merry, Vivi expresses that she still wants to go around town to look for Karoo. To her surprise, she finds out that Karoo climbed on board the ship before even Zoro got in. With that matter settled, everyone prepares to set sail. At the same time, a mysterious figure emerges from the flames of the explosion that destroyed Igaram's ship.

Due to their rude awakening, Sanji and Usopp do not know anything and protest to stay in town a little longer. Fortunately, Nami explains everything to them with a conk in their heads. As the Going Merry sails from Whisky Peak, the crew find out that someone else is on board. The person is the mysterious figure that came out of explosion and is Miss All Sunday. It is explained then that not only was she the one who blew Igaram's ship, but she also she is Crocodile's partner and Vice President of Baroque Works.

Vivi continues to explain that she and her compatriots were able to learn the true identity of Baroque Work's boss and plans by following Miss All Sunday. Miss All Sunday, however, explains that she had let Vivi follow her. Hearing this, Vivi suddenly suspects that Miss All Sunday was the one who told Crocodile of her true identity. Miss All Sunday goes on explaining that she helped Vivi because she felt that the princess worked very hard, but she finds the princess' resolve to go against Baroque Work's stupid.

Upon the conversation becoming heated, the Straw Hats prepared themselves to fight with Sanji and Usopp both preparing to shoot Miss All Sunday with a gun and Usopp's slingshot, respectively. The two prepared to shoot despite not fully understanding what was happening. However despite being surrounded, Miss All Sunday simply flips both Sanji and Usopp with her Devil Fruit powers, leaving the rest in shock. While everyone is wondering what power she has, Miss All Sunday grabs Luffy's straw hat and explains to the Straw Hats their next destination on the Log Pose route they are following. That place, Little Garden, is so dangerous that not even Baroque Works need to deal with them there. To help them avoid such an obstacle, Miss All Sunday gives them an Eternal Pose that will lead them somewhere else. She however gives them the choice to accept this or not as she states it might be a trap.

Luffy declines this offer and crushes the Eternal Pose in his bare hand despite Nami's protest. He states that he did this because Miss All Sunday does not have the right to tell them where to go, and because he hated her for bombing Igaram's ship. With that Miss All Sunday left the Straw Hats on her giant turtle, Banchi. Having escaped that danger, the Straw Hats continued sailing to Little Garden. As they sailed, Sanji and Usopp are properly filled in about the situation, while Luffy wonders if it's gonna snow again.",
115,"Diary of Koby-Meppo, Vol. 27: ""Special Training During Valuable Sleeping Time!!"".
By night, Koby and Helmeppo begin their recruit training proper—training they never could have dreamed of back in the East Blue.","Vivi begins to appreciate life on board the Going Merry and the carefree lifestyle of her new friends. She has reservations as she constantly warns them to not underestimate the dangers that await them on the Grand Line.

After a calm journey, they finally arrive at Little Garden, about which Miss All Sunday had warned them. It appears to be a weird tropical forest and is inhabited by even stranger animals. Nami is not eager to leave the boat as their Log Pose resets but the rest of the crew has an opposing opinion. Luffy craves adventure and decides to set out to explore. Much to Nami's surprise, Vivi decides to accompany Luffy in order to be distracted from her worries. She drags along a not-so-willing Karoo.

After they depart, Sanji asks Zoro to go on a hunt in order to retrieve more food as they are running low. Zoro, who is not so pleased to work on Sanji's orders, replies with a nasty comment that he would get something bigger than Sanji anyways. Sanji refuses to lose face in front of Nami and challenges Zoro to a hunt contest—to see who can bring back the largest weight in food for the crew.

Luffy and Vivi discover weird animals and they realize Little Garden is, in fact, a prehistoric island which has stayed evolutionary-wise at the dinosaur era.

Meanwhile back at the boat, Nami and Usopp are alone and not confident aboard the Going Merry. Nami finds a book which explains the island's name. Suddenly a giant shadow approaches them.",
116,"Diary of Koby-Meppo, Vol. 28: ""Everyday, Everyday, Special Training, Special Training!!"".
In the dead of night, Koby and Helmeppo proceed to swordsmanship training, beating each other bloody with shinai.","As he explores Little Garden, Sanji hears Nami screaming before encountering a tyrannosaurus rex, while Zoro comes face to face with a triceratops. On the Sunny, Nami and Usopp stare in shock in fear as they meet a giant named Brogy, who asks them if they have any rum. Brogy shouts when a dinosaur bites his backside, causing Nami and Usopp to scream in fear, and they grow even more afraid when Brogy quickly decapitates the dinosaur and holds up its head, proclaiming that he is Elbaph's strongest warrior. Brogy welcomes Nami and Usopp as guests, but they are so afraid that they are playing dead. Meanwhile, Luffy stands atop a brontosaurus' head as he views the island from high up. Vivi tells him to get down, but Luffy is unafraid and wants to go to a rock with strange-looking holes he saw. However, the dinosaur flips its head back and swallows Luffy, but it is immediately decapitated by the giant Dorry, causing Luffy to fall out of its throat and land in Dorry's hand. Dorry proclaims himself to be Elbaph's strongest warrior, and as Vivi looks at him in fear, he invites her and Luffy to his place.

At Brogy's home, the giant offers Nami and Usopp some of the dinosaur meat he cooked, but the duo see skeletons all around them and believe that Brogy is going to eat them as well. Nami asks how long it will take the Log Pose to record this island, and Brogy reveals that it takes a year, leaving her and Usopp aghast. At Dorry's home, Vivi watches as Luffy makes easy conversation with the giant while eating. Luffy asks about where Dorry came from, and Dorry reveals that he comes from a village on Elbaph, which is somewhere on the Grand Line. However, his village has a rule that quarrels that cannot be resolved will be decided by the gods through combat. He is currently fighting Brogy over a disagreement, although the two of them have now been fighting for over 100 years. Vivi is appalled by this custom and speaks out about it, but the volcano in the center of the island erupts, signaling for Dorry and Brogy to resume their battle. Luffy quiets Vivi's attempts to stop the fight, and Dorry affirms that he is now only fighting Brogy for pride, as the two of them had forgotten the reason for their original disagreement. The two giants clash, and Luffy collapses to the ground, being overwhelmed from interacting with the massive giants.",
117,"Color Spread: Dorry and Brogy sit in the middle of Little Garden; Luffy, Vivi, and Sanji perch and play on the former's body, while Nami, Zoro, and Usopp do the same on the latter's.","On Kyuka Island, Mr. 3 is lounging around drinking tea when his partner Miss Goldenweek says that she is bored. He tells her to enjoy her time off and to not call him by his codename so casually, and asks about the paper she has been staring at for a few days. To his shock, it is their next set of orders from their boss, and he finds out that Mr. 5 has been beaten. Mr. 3 says that Mr. 5 is an overconfident fool who overestimates his Devil Fruit abilities, and decides to go and teach the people that beat him a lesson about antagonizing their organization.

On Little Garden, Nami and Usopp watch as Dorry and Brogy fight each other viciously, not holding back in any of their attacks and often barely avoiding receiving fatal strikes. Nami wants to take this opportunity to escape, but Usopp wants to watch a little longer, expressing how impressed he is by the giants' pride and wanting to become a brave warrior of the sea like them someday. He states that he would like to visit their giant warrior village Elbaph one day. After exchanging several more blows, Dorry and Brogy's fight ends in a draw for the 73,466th time, and Brogy offers Dorry some rum he got from Nami and Usopp.

Dorry takes the rum back to his campsite, where he finds out that Nami and Usopp are with Luffy and Vivi. Vivi asks about the Log Pose taking a year to finish recording Little Garden, and Dorry confirms this, revealing that all the human skeletons around them are of sailors who perished before their Log set. Dorry says that he only has an Eternal Pose that points toward Elbaph, and Vivi weeps over what might happen to her country if she is stuck here for a year. Dorry jokingly suggests setting sail there and leaving it to fate, and laughs when Luffy is open to the idea. Meanwhile, Usopp tells Brogy about his dream, and Brogy states that the giants' biggest wish is to die without tarnishing their pride. Suddenly, Dorry's rum explodes while he is drinking it, greatly injuring him and knocking him over. Luffy is sure that Brogy would never do something underhanded like that, but this leaves Dorry to believe that they are the culprits as he confronts Luffy and Vivi. Luffy gives Vivi his straw hat as he goes to fight Dorry, despite Vivi's pleas.",
118,"Diary of Koby-Meppo, Vol. 29: ""A Small Farewell"".
In Shells Town, Marines from the 153rd Branch come to tell Rika and Ririka about Koby and Helmeppo's promotion—greatly upsetting Rika, who cries and flails over the loss of her playmates.","Dorry believes that the Straw Hats betrayed him and attacks Luffy. Vivi tries to convince him that they didn't know who put the explosive in the barrel. She tells him to stay put because his body is damaged enough. Dorry tries to slash him with his sword, but Luffy evades the attack. He jumps in front of Dorry's face and prepares a punch, but Dorry knocks him with his shield. Luffy uses his rubber body to grab a tree from the forest and launches himself and evades another one of Dorry's sword attacks. He then uses Gomu Gomu no Rocket to launch himself towards Dorry and nearly knocks him out. Dorry steps on him and realizes that Luffy is a Devil Fruit user and that he was careless and falls unconscious. Luffy gets out of the dirt. Vivi said that she thinks Dorry will be alright and that Luffy did the right thing because otherwise he wouldn't have calmed down. Luffy is pissed off, and said that it couldn't be the other giant or one of his crew mates that placed the explosive in the barrel. He said that he believes that someone besides his crew and the giants are on the island.

Somewhere else a dinosaur tries to bite something white and destroys his teeth. The dinosaur is confused staying in front of a wax house.Mr. 5 orders the dinosaur to move and Miss Valentine uses 10000 KG Press to knock it out. After that they enter the wax house. Inside it, Mr. 3 and Miss Goldenweek were waiting. Mr. 3 was drinking tea while Miss Goldenweek was sleeping. Mr. 5 compliments Mr. 3 for his ability to make an instant hideout in the middle of the jungle. He asks that they let him and his partner complete the mission since it is still theirs. Miss Valentine said that they won't make the same mistake twice. Mr. 3 mocks the Mr. 5 pair by saying that they failed because they are weak not because they made a mistake. Miss Valentine stated that they failed because they had no idea that the princess would have pirate escorts. Mr. 3 mocks them because saying that they are resorting to childish excuses. He said that they are professionals and that losing to their opponent is as shameful as revealing their organization existence to the general public. Mr. 3 continues, saying that the missions they undertake must be accomplished perfectly with no mistakes. As a second chance, he offers them 30% of the pay from the job because they managed to tail the targets to Little Garden. He states that if the Mr. 5 pair still don't want him to interfere he needs to take some actions so that the 2 will not interfere with him again. Mr. 3 offers them black tea, telling them there is a fortuitous opportunity for them on the island, an opportunity to make a huge sum of money. Mr. 3 shows them the bounty posters of Dorry and Brogy and thanks them for the chance to come on the island. He explains that those wanted posters are from 100 years ago, telling them that there was once a group of giant pirates who pillaged town after town and terrified the entire world. He continues saying that the group was called the Warrior Giant Pirates and the captains were the ones known as Dorry the Blue Ogre and Brogy the Red Ogre, but their names faded into legends. Mr. 3 said that the 2 were still alive and their bounties were not called off either. He revealed that their 2 bounties were worth 100,000,000 each, in short 200,000,000. Mr. 5 and Miss Valentine are surprised at hearing the immense amount of money they could make. Mr. 3 tells them that if they are going to succeed in their mission and also bring 200,000,000 their promotions are guaranteed. Mr. 5 understand the reason why Mr. 3 placed the bomb inside the rum barrels. Mr. 3 said that they would stand no chance to fight them head-on and tells them to follow his commands. Mr. 3 said that with a little scheming even a mountain can be leveled down to the ground.

Meanwhile, the volcano erupts again and Brogy is prepared for battle. Usopp worries about the injuries he received, but Brogy tells him that both he and Dorry were injured in the previous battle, and that making such excuses in a relentless fight to the death would only tarnish one's honor. Dorry struggles to step up and fight and Vivi tries to stop him warning him that he might die from his injuries if he fights. Dorry states that he vows to give a fight worthy of Elbaph's honor.",
119,"Diary of Koby-Meppo, Conclusion: ""Laughing Garp and the Hard-Working Young Men"".
As the pleased Vice Admiral watches, Bogard easily beats Koby and Helmeppo in a two-on-one training match—showing them how much further they have to go before they can even approach a true Marine.","Usopp encourages Brogy as he heads to fight Dorry again, and Nami decides to go back to the ship to meet back up with everyone. Usopp says he is unable to fight off all the dinosaurs on the way back, but promises to one day become a proud warrior of the seas, and Nami decides to instead go and see Luffy at Dorry's campsite. Meanwhile, Dorry puts the entire mountain on top of Luffy, preventing the pirate from stopping him from fighting. He states that he cannot avoid this fight no matter how injured he is, as his god wills it. Luffy is unable to understand being willing to die for a god in an unfair fight, but Dorry says that Luffy does not understand the highest honor of Elbaph. Dorry and Brogy then confront each other, and Vivi is surprised by how invested Luffy is in Dorry's safety despite only having just met the giant.

Meanwhile, Mr. 3, Miss Goldenweek, and Mr. 5 conspire against their enemies. With the Straw Hats in chaos due to the exploding rum, the Baroque Works agents prepare to take out Dorry first, before luring the Straw Hats into a trap. Mr. 3 has pictures of Luffy, Zoro, Nami, and Vivi. Zoro is lost after hunting a triceratops when he thinks he sees Nami leaning against a nearby tree. However, the figure that looks like Nami does not make a sound, and smirks. The real Nami is running away from a dinosaur with Usopp, and she sees a duplicate of Luffy leaning on a tree. She goes up to it, and screams after seeing what it really is. Usopp hears her screams, and panics due to being unable to see her. He runs out of the woods to Luffy and Vivi, saying that Nami was eaten by the dinosaur. He admits that he did not look to check due to his fear of the dinosaurs, and Vivi wonders if Baroque Works sent someone here after them. She and Luffy suspect that they may have rigged the rum, and Usopp is aghast when he finds out about Dorry's injury. Dorry is currently only at a slight disadvantage as he fights Brogy, but Mr. 3 decides to interfere. He creates a slippery white substance under Dorry's foot that causes him to slip, leaving him open for Brogy to hit him.",
120,"Animal Theater: Luffy cross a scrubland on camelback. He has lent his hat to the camel, with a cobra taking its place on his own head; all three hang their tongues identically in the blistering heat.","Mr. 3's interference allows Brogy to land a great blow on Dorry's chest, defeating the latter. Luffy becomes very enraged and yells out, wanting to know who had weakened Dorry. Miss Goldenweek hears him, but Mr. 3 pays no attention. Brogy starts to cry with happiness over finally winning in their duel, when Mr. 3 approaches him and thanks him. He introduces himself to Brogy before revealing that he has encased the giant's feet with wax using the power of the Doru Doru no Mi.

Meanwhile, Usopp and Vivi decide to go find the people who harmed Dorry. Right then, however, Mr. 5 and Miss Valentine come out of the woods with a defeated Karoo. Mr. 5 reveals that they had been trying to lure Vivi away from Luffy by forcing Karoo to cry out for her, but the duck refused even to the point of severe beating. Usopp asks if they put the bomb in Dorry's rum, which they affirm, and they note that they had not seen him before. Usopp and Vivi then pull out their weapons and race to attack, with Usopp launching an explosive shot at Mr. 5. However, Mr. 5 is unharmed due to his Devil Fruit power, and he responds by flicking an explosive ball of mucus at Usopp. Miss Valentine then leaps into the air before becoming much heavier and slamming into Usopp. Vivi attempts to attack Mr. 5, but he overwhelms her with an explosion before grabbing her by the neck. He says that he is not going to kill Vivi, but rather take her to Mr. 3 on his orders. Meanwhile, Mr. 3 has pinned Brogy to the ground with his wax as he states his intention to create a masterpiece of artwork.",
121,"Animal Theater: Zoro does handstand push-ups while a horse relaxes in his hammock, drinking tea and reading.","Vivi is captured by Miss. Valentine and Mr. 5. Mr. 5 is surprised Luffy was strong enough to still be awake after the last bomb had gone off in his face. He then tells Luffy that he has captured his friends, Nami and Zoro. Luffy smiles and responds that if has captured Zoro he will soon be the one in trouble, and not Zoro. Luffy then continues to insult Mr. 5 until Mr. 5's patience is tried and bombs him once more with his Devil Fruit powers. Luffy is finally knocked unconscious and the baroque works agents leave with Vivi.

Meanwhile, Brogy is completely immobilized by Mr. 3's wax. Mr. 3 tells Brogy how he helped him during his fight with Dorry. Brogy becomes angry due to his honorable victor being stolen due to a treacherous interceding. Vivi is delivered to Mr. 3. She insults him for his lack of morals. Mr. 3 smiles and makes a giant candelabra and gloats about completing his art collection. He informs them they will soon be turned into wax figures and be added to his collection. Brogy then states that at the beginning of the fight he knew something was wrong, but he realizes now that it was Mr. 3 that hurt his pride for defeating a weakened opponent. Brogy attempts to stand up once more only to be hit by one of Mr. 5's bombs.

Meanwhile at Dorry's camp, Luffy has regained consciousness and strengthens his resolve to defeat the baroque works agents. Karoo and Usopp promise to fight gallantly to save their friends as well.",
122,"Animal Theater: Nami and a gorilla cast off in a small boat; the gorilla is carrying a shovel, presumably for treasure-hunting.","While Brogy attempts to get up, Mr. 3 realizes he needs to use more force to keep him down. He creates four large swords from his Wax-Wax fruit powers and impales his hands and feet to the ground. Brogy screams as he is immobilized. Mr. 3 increases the speed of his Candelabra technique and explains that the Straw Hats will be turned into a group of wax statues, preserving the look of horror on their faces forever.

Brogy once again attempts to free himself but fails. Zoro becomes inspired by the giants attempts to free himself and resolves to cut off his own legs to escape and fight his way to freedom. Brogy is impressed by the warriors honor and attempts one last time to free himself. Fortunately, Luffy, Karoo, and Usopp arrive before Zoro goes through with it and they vow to defeat the baroque works agents. Zoro requests Luffy to destroy the candle but Mr. 3 challenges that he will not allow it.",
123,"Animal Theater: Traveling the seas on his personal kayak, Usopp begins debating directions with the giraffe he hired as a guide.","Luffy, Usopp, and Karoo arrive at Mr. 3's Giant Candle Service Set, and Luffy says he will destroy it. Nami and Zoro bicker about Zoro's plans while they are trapped, and Vivi notes how carefree they are despite still being in trouble. Mr. 3 does not think much of Luffy, but knows that he is stronger than Mr. 5 and Miss Valentine, so he has them take on the others while he attacks Luffy. Usopp says he will provide backup for Luffy from behind the trees, and Brogy asks why Zoro is no longer trying to get out. Zoro replies that there is now someone who will try to get them out, but Mr. 3 immediately manages to lock Luffy's feet into a candle with his Devil Fruit ability. However, Luffy seems to like the wax binding, and he dodges Mr. 3's attempt to lock his arms together as he wraps his arms around Dorry's sword impaled into Brogy's hand. Luffy apologizes to Brogy as he spins around, causing greater injury to the giant, but at the end of his spin he flies into the giant candle's pole and slams his candle binding into it, destroying both of them and causing the wax pumpkin on top to fall down.

The pumpkin misses Nami, Zoro, and Vivi, as Luffy did not realize they could not move. The wax encasement on their bodies increases, bringing them closer to complete suffocation, and Luffy works fast to destroy the giant candle. Mr. 3 attacks him with a wax harpoon, and Usopp tries to shoot an explosive bullet at him, but Mr. 5 swallows the shot, causing it to explode inside his body without dealing any harm. Luffy attempts to destroy the pumpkin, but Mr. 3 blocks his punches with a wall of wax. Luffy gets annoyed at Mr. 3, who uses Candle Lock again but only manages to encase one of Luffy's hands, and Luffy happily says that he has a hammer again. A perturbed Mr. 3 quickly tries to protect himself with a Candle Wall, but Luffy breaks through it and hits him, sending him flying far away. Nami tells Luffy to destroy the giant candle, but Luffy inexplicably refuses, saying that he does not feel like it. Miss Goldenweek then comes onto the scene, revealing that she is using ""Colors Trap"".",
124,"Animal Theater: Agent Sanji, carrying a case of Top Secret material, exchanges sign and countersign with the boatman at the closest Tsuru Transportation stop.","Nami asks Luffy to free them from the candle, but Luffy seems unwilling to help even thought he realizes the danger.

Meanwhile, Usopp and Karoo are hiding in bushes and are suddenly found by Mr. 5 and Miss. Valentine. They explain that Luffy is under the spell of Color Trap, where she can influence the behavior of a victim based on the colors she draws on them, before attacking the duo. Usopp and Karoo try to escape, while Vivi realizes that Luffy's lethargic attitude must be due to of Miss Goldenweek, who explains her ""color trap"" ability.

Vivi then tricks Luffy into stepping out of the trap which returns Luffy to normal. Unfortunately, he then gets caught in another of Miss. Goldenweek's traps as she paints it directly on his shirt.

Nami, Zoro and Vivi look on in horror of their impeding doom.

Meanwhile, Mr. 5 and Miss Valentine are still chasing Usopp and Karoo, who frees Luffy from his trap but he is once again unable to combat Miss Goldenweeks' abilities. As the fight between the two duos continue, Mr. 5 realizes that he is not fast enough to catch Usopp and Karoo, while Usopp heads back to the candle and finds he friends waxed. Mr. 5 reveals a new weapon: a .44 revolver that can shoot 6 bullets at the same time.

However, instead of trying to help himself, Usopp fires at Luffy destroying his shirt and freeing him from color trap once more. Usopp is promptly shot by Mr. 5. Luffy becomes furious and declares that he will defeat them.",
125,Animal Theater: Vivi and Karoo try the latest fashions at a boutique.,"Sanji notes that he has waited on the Going Merry for a while now, and so decides to go look and see what is going on. As he calls out for Nami and Vivi, he notices a house made out of wax. Meanwhile, Mr. 5 and Miss Valentine tell the angry Luffy to accept the death of his friends. Mr. 3 then creates a massive suit of wax armor around his body, which he calls the ""Candle Champion"", and he prepares to finish off Luffy. Mr. 3 wants Miss Goldenweek to paint his suit, but she declines, and Luffy is distracted as he stares in awe at the Candle Champion. After Usopp yells at him, Luffy attempts to attack, but his punch is easily batted away by Mr. 3's giant wax fist. Mr. 3 unleashes several punches at Luffy, who tries to respond by kicking him in the face, but Mr. 3 shields himself from the kick.

Usopp then realizes that they can use fire to melt Mr. 3's candle wax, and tells this to Luffy. However, Mr. 3 reveals that Zoro, Nami, and Vivi's hearts will stop in 30 seconds due to their wax encasement. Usopp attempts to free them by shooting a fire bullet, but Mr. 5 shoots him with an explosive bullet. Luffy attempts to attack Mr. 5, but is pounded into the ground by Mr. 3, and as Usopp tries handing Karoo a rope, Miss Valentine confronts him. She sits on Usopp and steadily increases her weight, and Mr. 5 shoots at Karoo as the duck runs off with the rope. Luffy manages to get to Mr. 3's head and pulls on his hair, intending to use the flame at the end of it to free his friends. Usopp tells Luffy to burn Karoo's rope, which is covered in oil and is now wrapped around the candelabra. Luffy then slams Mr. 3 headfirst onto the end of the rope in front of him.",
126,"Jango's Dance Paradise, Vol. 1: ""He Wakes"".
In a forest on the outskirts of Syrup Village, a gunpowder-smudged Jango comes to.","Thanks to Usopp and Karoo's rope, Luffy manages to set Mr. 3's wax candelabra ablaze with the agent's flaming hair. Mr. 3's Candle Champion starts melting as well, and he runs off into the woods with Karoo chasing him. Mr. 5 and Miss Valentine are left enraged, and Miss Valentine flips up into the air as she prepares to finish off Usopp with a 10,000 kilogram axe kick. However, Nami and Vivi attack Miss Valentine with their weapons as they emerge from the fire, having been freed by it. Mr. 5 aims his gun at them, and Usopp seemingly shoots an Exploding Star at him. Mr. 5 eats it to try to neutralize it, but Usopp reveals that it was actually a hot sauce shot. Mr. 5 struggles to handle the sauce, and decides to kill the Straw Hat Pirates by blowing himself up as he wraps himself around Usopp. However, Zoro then emerges from the fire and cuts Mr. 5, defeating him. Brogy, having freed himself from Mr. 3's wax swords being implanted into his hands and feet, then approaches the Straw Hats, noting that there are two enemies yet to be defeated.

Meanwhile, Luffy and Karoo chase after Mr. 3, only to come to a clearing filled with duplicates of the agent. Mr. 3 asks if Luffy knows which of him is real, saying a fighter who relies on instinct like him could not figure it out. As he talks to Luffy, the real Mr. 3 starts sneaking up on him from behind, readying a knife to stab him. However, Luffy immediately kicks the real Mr. 3 in the face, saying he knew which one he was based on instinct. Karoo then spots Miss Goldenweek peeking at the scene from a distant tree, and starts chasing after her to her terror.

At Mr. 3's house, Sanji realizes he needs to stop drinking tea and resume looking for Nami. However, as he heads out he hears a Den Den Mushi ringing inside a basket. He answers it, acting like a restaurant. The person on the other end is in no mood for his antics, and thinking Sanji is Mr. 3, asks for a report. Sanji asks who he is, to which the person replies that he is Mr. 0.",
127,"Jango's Dance Paradise, Vol. 2: ""First, Know Your Place"".
Running to the coast, Jango spots a familiar ship on the horizon, and realizes the Black Cat Pirates have abandoned him.","Brogy weeps over the loss of Dorry, causing a deluge of tears to spill onto the ground. However, Dorry then sits up, having only been knocked out by Brogy's strike. They guess this was likely due to their weapons having been severely dulled by their century-long clash. Brogy tearfully embraces Dorry, but after exchanging a few words, the two giants almost get into another fight, appalling Nami.

Meanwhile, after finding out that Mr. 0 is calling him, Sanji recalls Vivi's words and realizes that he is speaking to Sir Crocodile of the Seven Warlords of the Sea. Thinking Sanji is Mr. 3, Crocodile orders him to give him a status report. Sanji deduces that Mr. 3 was sent to go after Vivi and pretends to be Mr. 3, telling Crocodile that Vivi and the Straw Hats have been eliminated. Crocodile says that the Unluckies will arrive to give him a package containing an Eternal Pose to Arabasta. He tells Sanji to come to him there with Miss Goldenweek, as it is time for them to carry out the most crucial step of their plan. Right then, the Unluckies show up at Mr. 3's house, and upon realizing what had happened, they prepare to attack Sanji. He panics momentarily as he dodges Miss Friday's bullets and Mr. 13's blades, but he quickly defeats Mr. 13 by kicking him backwards into a wall. He then jumps up to Miss Friday, dodging her shots as he catches her head between his feet and slams her into the ground.

Hearing the fighting, Crocodile asks what is going on, and Sanji lies that one of the Straw Hats had unexpectedly survived but he finished them off. Crocodile dehydrates a flower he is holding as he expresses anger that Sanji's initial report was false. Sanji assures him that there is no longer any issue. Crocodile says that this will be the last time he contacts Mr. 3 through Den Den Mushi as he hangs up. Immediately afterwards, he tells Miss All Sunday to have Mr. 2 lie in wait between Little Garden and Arabasta to assassinate Mr. 3. As he examines the unconscious Unluckies, Sanji spots the Eternal Pose to Arabasta. Meanwhile, on Smoker's ship, some Marines report to Smoker that they have intercepted a peculiar call.",
128,"Color Spread: ""Stand up—if ya wanna fight.""
The Straw Hat Pirates (including Vivi and Karoo) soar the skies on a flock of pterodactyls.","On a marine ship somewhere in the Grand Line Smoker asks an unknown marine to play back the intercepted message that they just recorded. He also demands that Tashigi hears it as well. Smoker has to shout at her to get her to listen. The message is played back and though it is poor reception a few important words can be heard, such as: princess Vivi, Straw Hat, Mr. 0, and orders. Tashigi then wonders if the message has something to do with Mr. 11, whom Smoker tricks into revealing that he is a part of it.

Smoker then recalls that Vivi is the princess of Arabasta and decides to head there. Meanwhile back at Little Garden, everyone is happy that they managed to defeat the Baroque Works members, Sanji then shows up and reveals that he just had a conversation with Mr. 0 and obtained an eternal log pose. Sanji and Zoro then try and determine who won their hunting contest which reminds the giants why they started fighting.

The Straw Hats then leave for Arabasta and the giants tell them no matter what, just go straight.",
129,"Jango's Dance Paradise, Vol. 3: ""The Onion Appears"".
Now crewless, Jango wanders into Syrup Village for a hot meal, only to be spotted by Tamanegi.","The Straw Hats set sail from Little Garden but are quickly confronted by an island devouring goldfish. Nami demands they maneuver away from the beast but recalling the giant's words, Usopp and Luffy continue to sail the ship straight as commanded—into the mouth of the beast. The giants, viewing this scene from Little Garden, remember the last time they met an island devouring sea beast. The giant duo, in unison, throw their weapons at the beast. They create a powerful attack that frees the Straw Hats from the beast's stomach.

Dorry and Brogy then recall how the 100-year duel had started with them. Many years ago, the two ruled Elbaph. When they both returned home with two large sea creatures, they were asked whose was larger. They immediately began an argument and spent years attempting to settle the wage on who caught the larger fish. The mountains that appeared on the island, once zoomed out, are revealed to be the bones of the sea beasts they had caught in year's past.

In the present, the giants began feeling nostalgic but they heard the eruption of a volcano signaling another duel time. Meanwhile back on the Going Merry, Usopp promises to one day visit Elbaph, while Nami asks Vivi to navigate for a while. Sanji serves lunch to everyone while Zoro continues to train as he feels he's grown weak from lack of practice.

Elsewhere in Arabasta, Mr. 2 prepares to leave for Little Garden and feels bothered having to waste his time.

On the Going Merry, Nami collapses with a fever.",
130,"Jango's Dance Paradise, Vol. 4: ""After Him! Usopp's Security Force""
Tamanegi, Ninjin, and Piiman chase Jango out of Syrup Village.","Sanji continues to worry about Nami's health, while Vivi believes she has come down with a climate sickness. Vivi then asks if their is anyone on board with any medical knowledge and the crew points to Nami. Luffy suggests that some meat might make her better, but Sanji tells him that although a nutritious meal would do her some good it will not heal her of her sickness. Sanji then goes on to explain that he puts in more work into preparing Nami's food then any of the men, which does not bother Luffy as the meals are still excellent.

Vivi comments that Nami's fever has risen again to 40 degrees Celsius (104 Fahrenheit). Usopp suggests that they find a doctor for her in Arabasta. Vivi points out that it will take another week to get there. Luffy asks what it is like being sick, which none of the crew members know the answer as they have never become sick before. Vivi is shocked at this and lets them know that a 40 degree fever is very painful and that Nami could die. Everyone is shocked and immediately begins to panic and run around the room.

Nami then wakes up and tells Vivi about a newspaper. Vivi reads about the ongoing situation in Arabasta and how it does not look good. Nami then tells the crew that she is fine and goes to navigate the ship, which has been neglected as Zoro was in charge of navigation. She tells him he can't navigate by following a cloud and urges them to head portside, to the south.

Luffy then checks Nami's temperature with his hand and is burnt, but Nami once again brushes off his concern. Vivi then asks that the ship get to Arabasta as fast as possible—and that the fastest way possible is to get Nami medical treatment first.

A cyclone then suddenly forms right in the path they had avoided by Nami's instinct. Vivi is impressed with her ability to feel the weather.

A day later Zoro spots a man walking a top of the water.",
131,"Jango's Dance Paradise, Vol. 5: ""Getaway Dance""
Jango finds a boat and makes his escape, his pint-sized pursuers still cursing him from the island's shore.","Zoro asks the crew if it is possible for someone to stand on top of water. The crew is confused as it is physically impossible for someone to stand on water. Zoro then asks how they would explain why there is a man standing on water, which prompt the crew to look at what Zoro is pointing at. They all spot the strange man standing on water.

The man then makes a comment about the cold weather. The crew agree it is cold. Suddenly, the water at the man's feet erupts and a ship appears. Sanji, who has been taking care of Nami, rushes outside to see what has happened. He stops to light a cigarette and asks what happened. Luffy responds that they were ambushed. Sanji comments that that is obvious as they are surrounded by pirates with rifles.

The Captain of said pirates then wonders where there other crew members are, as they should have more than 4 members. He then asks them if they know how to get to Drum kingdom to which Sanji replies that they do not. The mysterious captain then starts eating the going merry much to the shock of the crew, and this angers Luffy who starts a fight and attacks the captain who eats him just as Vivi comes out to see what's going on. Luffy then finishes his attack and blows the captain away, who Vivi feels she has met before.",
132,"Jango's Dance Paradise, Vol. 6: ""A Fateful Passing""
Jango falls asleep in his boat, completely unaware of another boat—holding fellow fugitive Morgan, also asleep—passing by.","Luffy suggests dumping a bucket of water on Nami to cool her down, which angers Sanji and Vivi. Vivi suggests they put down anchor, as sailing without Nami's navigation experience would be too dangerous.

Later, Nami wakes up to find the crew asleep while Sanji is on lookout.

The next day, Usopp wonders about the pirates that they encountered yesterday. Sanji tells him to pay it no mind. They remember that the pirates left in a hurry after their Captain was flung into the ocean. They left a threat, but Sanji again brushes it off saying that they are just idiots.

Sanji then questions why it is still cold. Vivi explains that they must be near a winter island, and then explains the different type of islands. Suddenly, they spot land, much to the pleasure of the crew, unfortunately when they try to dock their ship they are stopped by the locals who do not trust them. The locals refuse even when they are informed of a sick crew member.

The locals attack the Straw Hats, and even shoot Vivi which angers the Straw Hats immensely. However, Vivi talks Luffy into calming his temper and to show humility. They both bow and ask the locals to send a doctor to them. This surprises the locals and their leader tells them that he will lead them to the island's only doctor, but warns them that she is a witch.",
133,"Color Spread: Luffy, Sanji, and Nami cross a snowy land on a longboat-esque sledge, apparently searching for Zoro. Luffy is showing Zoro's wanted poster to a goat-like monster, getting only a confused look in return.","Dalton, the guard of the island, leads the Straw Hats toward his village. Zoro and Karoo stay behind to guard the Going Merry. The island seems to be in an important time of its history since strange things are hinted: it has no name, the villagers are making a police force, and an election is about to occur. But to the Straw Hats' misfortune, there is only one doctor—a 140 year old lady, Dr. Kureha—whom the villagers call a witch. She lives in a castle at the top of a steep mountain and only comes down to treat patients when she so desires. However, according to Dalton, she is very skillful at her practice.

With Nami's fever climbing, Luffy decides to climb the mountain instead of waiting for the doctor. Nami agrees and Luffy and Sanji depart with the sick girl on Luffy's back.

Dalton explains to Vivi and Usopp that their country has recently been attacked by a handful of pirates led by Blackbeard. However, in their misfortune, it allowed them to get rid of their king tyrant: Wapol!",
134,"Jango's Dance Paradise, Side Issue: ""Kaya Is Now A Doctor's Apprentice And Doing Fine""
True to her word, Kaya has begun pursuing her medical studies; though no longer ""pirates"" per se, Tamanegi, Ninjin, and Piiman take it upon themselves to escort her through town every day.","Dalton is surprised to learn that the Straw Hats know about Wapol. Usopp responds that he tried to attack them a couple of days ago, and Vivi reveals that she met him a while ago at the council of kings. Vivi's comment prompts shock from Dalton as to her true identity. Vivi attempts to cover up her mistake and changes the subject.

Dalton then explains that Wapol was the king of the country but fled when pirates arrived, witch surprises Vivi as to how a king can be so uncaring towards his people.

Meanwhile, Luffy is carrying Nami when they are confronted by Lapins. While it is revealed that Kureha has just come down to a neighboring village and that Wapol has finally found drum kingdom. Elsewhere, Dr. Kureha is at a bar diagnosing a child, who she believes that he was on the verge of death but she treats him, and then demands an exceptionally large fee, which angers the father and the villagers but the boy thanks her and she collects her fee.",
135,"Jango's Dance Paradise, Vol. 8: ""The East Blue's Most Popular Destination, Mirror Ball Island"".
Jango arrives at Mirror Ball Island, famed for its dance culture.","Dalton apologizes for assuming that Dr. Kureha would not be back so soon while they head for Cocoa Weed village.

Meanwhile, Sanji ad Luffy are faced with a pack of Lapins and Sanji makes Luffy swear not to fight so as not to injure Nami. Luffy evades the attacks and runs with the pack chasing them.

While this is happening, Wapol is arriving at Drum Kingdom and is about to return to his castle when he finds the Straw Hat's ship, which makes him go to Big Horn instead so that he may kill the Straw Hats. Meanwhile, at Cocoa Weed Dalton and co. are informed that Dr. Kureha has left already, and that Wapol has returned to Big Horn, which prompts Dalton to head back.",
136,"Jango's Dance Paradise, Vol. 9: ""Ah! The Marines"".
To his horror, Jango finds the Marines have already tracked him to Mirror Ball Island, and are showing his wanted poster to the locals.","Wapol threatens the inhabitants of Bighorn. he demands they accept him as their king once more. When he learns from his crewmates that the Straw Hats are nearby, he swears to get revenge. His men spot his castle is intact and that Dr. Kureha is living in it. Wapol is surprised and he decides to take it back and to take his revenge.

However, his plan is halted by Dalton who has run towards his village. He delivers a critical hit Wapol. However, the former King has a highly skilled personal medical team, the Isshi-20. It is revealed that Wapol got rid of every doctor in Drum, beside the 20 best ones whom only works for him. Due to the medical notoriety of the town, when people could no longer get treatment due to the monopoly of medical services, the town was abandoned by the medical professionals.

This act of selfishness and the cowardice he has shown is unforgivable to Dalton. As he is about to attack Wapol again, Chess and Kuromarimo threaten they know him too well. They attack the citizens who had come to help Dalton. In order to protect the villagers, Dalton sacrifices himself and takes the arrows directly in his chest.

Meanwhile, the angry lapahn chase Luffy and Sanji. But, they are unable to catch them and act strangely by jumping on the ground. Soon, a giant avalanche begins to rush down the mountain, putting everyone in danger.",
137,"Color Cover: Straw Hats indoors: Luffy finds his baseball retrieved by a strange bird, Sanji is getting ready for a date, and Usopp is playing chess with Zoro.","Usopp and Vivi and the villagers are fleeing from the avalanche.

Elsewhere, Luffy and Sanji try to find higher ground but are unable to escape the avalanche. Luffy grabs a tree and rides it like a sled as he grabs Sanji. They are confronted by more lapahns who throw trees at them, but Sanji kicks Luffy away while he takes the brunt of the attack and saves his friends. Luffy tries to grab Sanji's hand but only grabs his glove.

Meanwhile, the villagers are freaking out about the avalanche, as well as Wapol who flees on his pet.

Luffy dives into the snow to retrieve Sanji. After the avalanche has hit and the village is covered, Wapol eats his way out and blames the avalanche on the Straw Hats as an elaborate plot to attack him.

Luffy finds Sanji and begins to bring him back up the mountain. As he passes by a buried lapahn, he also pulls out the parent lapahn. The baby and adult lapahn are shocked that a human has helped them. Luffy is soon found by Wapol's men.",
138,"Jango's Dance Paradise, Vol. 10: ""Need To Disguise - 5 Seconds Before Jango's True Face Revealed"".
Jango is about to remove his trademark glasses. What kind of eyes lie behind them?","Wapol confronts Luffy, who ignores him, and is attacked for his lack of respect. However, Luffy cannot fight back due to the fact that he is carrying his critically-injured crew mates. Fortunately, he is helped by the lapahns he helped out earlier.

Luffy then arrives at the base of a nearly vertical cliff. He begins to climb the mountain wall while carrying Sanji and Nami on his back. Finally, after 3 hours of climbing, he reaches the top of the mountain right before he collapses.

Meanwhile, Wapol and his men have defeated all the lapahns. He then vows to gain revenge on Luffy.

At the mountain top, Luffy has finally arrived but passes out due to sheer exhaustion. As he is about to fall off the mountain, a mysterious figure reaches out to save him.",
139,"Jango's Dance Paradise, Vol. 11: ""A Hearty Stare"".
Jango lowers his glasses, exposing his best-kept secret: his eyes are heart-shaped too.","After the avalanche, Vivi and Usopp are still alive but lost. On their way, they accidentally bump into an almost naked Zoro who tells them he was performing training when the avalanche struck. Together they continue their journey and they realize they have returned to Bighorn. They learn from the villagers that Dalton is still buried by the avalanche, but that Wapol's men prevent the villagers from freeing him. Hearing that they are enemies, Zoro beats up one of the guards and everyone lauds him as a hero. However, he quickly reveals he just wanted their warm clothes and the fact that they were in the way was just a bonus.

Meanwhile at the castle, Nami wakes up. In her room is a strange animal that can walk and talk, who seems quite impersonal. When Dr. Kureha enters, she reveals that everyone is safe and that Nami narrowly escaped death. Would it have been 2 days more, she would have died from a disease named Casha. Moreover, even if she feels better, she still has to be treated for another 3 days. Nami finds that's too long and wants to leave.

Suddenly, Luffy and Sanji burst into the room, pursuing Chopper in order to eat him. When asked about this strange animal, Doctorine reveals that it is a reindeer who accidentally ate the Hito Hito no Mi, hence becoming a reindeer able to talk and transform himself into a human.",
140,"Color Spread: ""On A Perfect Day.""
The Straw Hat Pirates—with Vivi and Karoo—fool around in a strange jungle environment, where a huge clockwork telescope towers overhead.","Luffy asks Dr. Kureha to join the Straw Hats, however she rejects his offer. When Chopper appears inside Nami's bedroom, he is immediately hunted by Sanji and Luffy who want to cook him, however, they are chased by Kureha who does not want to lose her assistant.

Chopper loses Luffy and Sanji and returns to Nami's room to take care of her. When she saw that he is interested in pirates, Nami asks him to join their crew, but Chopper declines, saying that he is a reindeer and cannot be involved with humans. Their conversation is suddenly interrupted by the appearance of Luffy and Sanji, and Chopper quickly flees.

Kureha then enters the room. She heard Nami and Chopper's discussion and explains to Nami that she has no objection if Chopper goes with them. However, it will be difficult to convince him (or earn his trust for that matter), as Chopper has been horribly scarred throughout his life, something which Kureha claims not even a doctor can fix. Dr. Kureha reveals that Chopper has always been alone, even more since he ate the Hito Hito no Mi, rejected by both humans and reindeer. When Chopper was still very young, his whole herd, even his own parents, shunned him all because of his blue nose. When he ate the Hito Hito no Mi, he became even more of an outcast and chased him away. Realising he was able to take on a human form, he tried socialising with the local humans, which ended disastrously as they mistook for a monster (he did not look entirely human, despite his abilities, and his blue nose made him stand out). Only one man was able to talk to him: Dr. Hiriluk.

During their hunt, Luffy and Sanji realise that the castle is full of snow due to the entrance, which has been left open. When they are about to close the door, Chopper prevents them from doing so by turning into his Heavy Point form. Sanji and Luffy realise the reason for the door being open—a nest of baby birds is on the top of the door—as well as the fact that Chopper is not really a common reindeer.",
141,"Jango's Dance Paradise, Vol. 12: ""Incognito Jango Spots A Dance Contest"".
After replacing all of his old clothes (including his sunglasses), Jango happens upon Mirror Ball Island's famous dance contest.","In Bighorn, Zoro gets rid of Wapol's guards easily, which allows the villagers to search for Dalton, who was heavily injured before being buried into the avalanche. After some searching, he is found but is in a critical state.

At the castle, Chopper has smelled Wapol's return. The former king has decided to take his former castle back, but Doctorine and Chopper will not hand it back to Wapol. The castle, as shown by the pirate flag on its roof, is now the grave of Dr. Hiriluk.

6 years ago, Wapol banned every doctor from Drum's kingdom. The only ones allowed to stay were the Isshi-20. However, two doctors resisted against the tyrant: Dr. Kureha and Dr. Hiriluk. However, the skills of Hiriluk were highly questionable, and the villagers fear his treatments more than Wapol, hence his surname of 'Fake Doctor'.

One day, after having escaped the kingdom guards, Hiriluk bumps into a wounded creature. Hunted by everyone so far, he does not trust the charlatan and beats him. However, Hiriluk stands up, and to prove his true feelings, stands naked and defenseless in front of him. Later, Chopper wakes up and his injuries had been cured by the doctor. He cannot retain his tears as he had finally been accepted by someone.",
142,"Jango's Dance Paradise, Vol. 13: ""A Surprise Entry In The Dance Contest"".
Against his better judgment, Jango enters Mirror Ball Island's dance-off and everyone gets down!","Three days after rescuing him, Hiriluk found out the reindeer could talk. He wondered why he had been silent, and the reindeer said that talking would make the doctor hate him, since he was shot the last time he talked. Hiriluk saw no issue with the reindeer talking, and the two of them were forced to evacuate outside when one of Hiriluk's chemical containers exploded. Hiriluk was happy to see that the reindeer was fine after the explosion, and named him Tony Tony Chopper for his strong horns that could bring down a tree. Chopper liked the name.

As Wapol rode down the mountain wondering what new laws he would make, Royal Army Commander Dalton met with Chess and Kuromarimo, who noted he was acting weird since coming back from the global conference Levely. Dalton wondered if their kingdom would be the same with a growing inequality between the royals and the people, but Chess and Kuromarimo failed to see an issue. They claimed that Wapol's stricter method of ruling was for the good of the country, but Dalton told them about one girl he had met at the Levely. In Mary Geoise where it was held, King Thalassa Lucas had held up a picture of the Revolutionary Dragon, warning that he would be a great danger to the world in five to six years. Wapol blew him off, failing to see any danger to his kingdom. King Nefertari Cobra of Arabasta reprimanded Wapol for his selfishness, and after the meeting, Wapol struck his young daughter Vivi under the guise of an accidental bump. Igaram became enraged, but Vivi stopped him, claiming responsibility for the altercation. Dalton was greatly impressed with the young princess' poise in such a volatile event, and overheard in shame from around the corner as Vivi cried when alone with Igaram. Back on Drum Island, however, Chess and Kuromarimo thought little of this action, telling Dalton not to mix emotion with policies.

As Hiriluk experimented with chemicals, he told Chopper not to hate the people on the island for casting them out, saying they had a sickness in their hearts. He told Chopper about a thief from the far west, who went around looking for a cure for his heart ailment. Doctors could not provide a cure, so he went wandering around until he came to a mountain. There, he saw beautiful cherry blossoms, and a doctor later found that his ailment was completely cured. Hiriluk believed that there was no disease that could not be cured, and declared that he would stand with his Jolly Roger to fight every disease that threatened the people in the country. Chopper was intrigued by the Jolly Roger, and Hiriluk said it was a symbol of faith, encouraging him to some day get out to other parts of the world and see how small his problem really was. Hiriluk told Chopper to get back home to keep recovering while he treated patients, but Chopper wanted to assist him. They overheard that a patient needed medicine from a mushroom, but were promptly chased away after trying to give him lizard eyes. Hiriluk and Chopper were run off by everyone they tried to help, and one time the former kicked the latter into the mob to serve as a decoy. After almost dying, Chopper returned to Hiriluk's base. He was angry at the doctor, but Hiriluk insisted that Chopper should have never followed him on his missions. However, he gave Chopper a pink top hat as an apology, which caused the reindeer to tear up. Hiriluk and Chopper did everything together for a year, until Chopper was finally cured. Hiriluk had no intention of taking care of him, and Chopper pleaded to stay with the doctor, but Hiriluk shot at him and told him to never come back again. As Chopper ran off, Hiriluk sobbed and hoped the reindeer would forgive him.",
143,"Jango's Dance Paradise, Vol. 14: ""Daring Finals At the Dance Contest"".
As the dance-off approaches its finale, Jango finds himself facing a worthy opponent wearing a very familiar set of brass knuckles.","Dr. Hiriluk learns from Dr. Kureha what he knows already: he is on the verge of death. Infected by a strong bacteria, he will not live more than three or four days. However, that is not sufficient to complete the research he has made during the last 30 years—a cure for any disease. He begs Kureha to give him more time so that he can complete the Cherry blossom miracle. Kureha mocks him and tells him that his one time cure that he believe to help him as a thief will not cure Drum Island, revealing the man in the story was actually Hiriluk himself.

While Dr. Kureha argues with Hiriluk, she notices Chopper is spying on them from the window. Chopper, understanding that Hiriluk chased him only so that he does not see his only friend die, started a journey to help the sick doctor.

After a week of hard struggles, he returns to the fake doctor's lab with an Amiudake mushroom in his hand. While he gave the mushroom to Hiriluk, Chopper asks him to live and to teach him how to become a doctor.",
144,"Color Cover: Vivi and Nami, in Arabasta-style dancer garb (and adorned with henna tattoos), pose before a crumbling temple. In the background, Karoo chases a snake down the temple steps.","After eating the Amiudake soup, Hiriluk feels much stronger. But while he was eating the medicine, a reaction happened in his lab. That was the reaction he was researching since so long ago. In joy after this miracle, he departs, suddenly telling Chopper to rest. He heads toward Dr. Kureha's house and begs her to complete two things, pretending he has not enough time to fulfill them: to continue his research on the Sakura powder and to teach Chopper medical knowledge so that he can become a good doctor. Kureha is angered by the favors and the request for them to be completed for free. She kicks Hiriluk out.

In town, people are desperate. The Isshi-20 are sick and there are no more doctors left to help them, the reasons for Hiriluk to hurry back to town. He is determined to cure the sick doctors and rushes toward the castle, despite the fact he is blocked by Wapol's soldiers.

Meanwhile, Kureha is worried because she does not understand why Hiriluk is in such hurry while he has still 2 weeks to live. When she rushes into his house, she encounters Chopper, who claims that the doctor is much better thanks to his mushroom soup. The old woman is in shock, as the mushroom is poisonous and Hiriluk has only one hour left before he dies. Chopper does not understand and he shows the pirate sign that Hiriluk told him was a symbol of a magic cure next to the mushroom picture he found in a book. Kureha tells the distraught reindeer that the skull in the book means poison and there is no cure for all diseases. She further explains that good intentions are not enough to help people and he can do nothing without learning medical knowledge and the skills to use them. Chopper then starts wailing uncontrollably because of his foolishness as Kureha pities him. Hiriluk has reached the castle so that he could die there.",
145,"Jango's Dance Paradise, Vol. 15: ""Totally White-Hot Dance Contest"".
Jango and his opponent dance themselves into a dead heat, driving all of the contest's spectators—even the Marines—completely wild.","Dr. Hiriluk arrives at the castle in order to cure the Isshi-20 only for Wapol to reveal that it was a trap in order to capture the rebellious doctor. While Wapol laughs at and taunts the doctor, Dalton questions why the doctor came to such an obvious trap. Chess and Kuromarimo laugh alongside their king while Wapol's troops aim at the doctor. Instead of breaking down, Hiriluk drops to his knees, thankful that the Isshi-20 are fine. Dalton is extremely shocked. Hiriluk refuses to be shot by the king's soldiers, saying that he will die soon.

Chopper is shown running in an attempt to stop Hiriluk, who is making a speech about his death, stating that he will only die when he is forgotten. He begins to pour himself a drink when he notices that Dalton is crying. He shares the fake doctor's pain for this sick country. Hiriluk explains that he has lived happily and that his task is accomplished: the country will be cured, by those who remember him if not by him. He then downs the drink, which was a dangerously explosive substance, committing suicide.

Chopper arrives to find Hiriluk's hat float to the ground, the only remaining part of the deceased doctor. Wapol laughs at the doctor's death, angering Chopper and causing the reindeer to charge. While he is targeted by the soldiers who see him as a monster, Dalton interposes and begs him to depart. Since he is too weak to even defend himself, Dalton says to Chopper not to end up as another sacrifice for this country. Annoyed by Dalton's reaction who let the 'monster' escape despite his orders to kill him and his clear defiance towards him, Wapol threatens the guard chief of what would happen if he made him ""really annoyed"" as the two prepare to fight.

Meanwhile, Chopper has reached Dr. Kureha's house, raising Hiriluk's flag. He asks her to help him become a doctor who will be able to cure every disease in the world.

Back at the castle, Wapol has defeated Dalton and tries to negotiate with the guard chief. Dalton denies the request, stating that he will not stop until peace has returned to the country. Dalton only laughs and says that he is the most powerful person.

The flashback ends, returning to a scene where Luffy punches Wapol in the face.",
146,"Jango's Dance Paradise, Vol. 16: ""Hail: The Dancing Champion"".
Jango's efforts win him the dance-off's grand prize, after all. Taking second place in utmost grace is his worthy opponent, Lieutenant Fullbody.","Surprised that Luffy dares to attack the King of Drum, Chess and Kuromarimo help their chief recover from the punch he just took. Sanji helps Luffy to realize to identify their opponents asks him how he is not cold in his shorts and vest. After a pause, Luffy suddenly realizes both of his mistakes and the crew is shocked at Luffy's slow response time. Luffy runs back into the castle and searches for a jacket in Nami's room.

Wapol is infuriated by the disrespectful behavior of his former subjects. Dr. Kureha and Chopper refuse to let him enter, claiming it has become Dr. Hiriluk grave and that no one will be allowed to take out the quack doctor's flag. To protect his master's place, Chopper transforms into his human form. The trio then realize that he is the monster who attacked them in the past.

Kuromarimo starts to attack Dr. Kureha with an electrostatic ball made of his own hair. Sanji is able to stop the Eleki-Marimo balls by kicking them but finds them stuck to his body suddenly and is unable to kick them off. Sanji asks Chopper for help but suddenly becomes the target for Chess' fire arrows. Chopper takes opportunity of them targeting Sanji by trying to punch Chess. Unfortunately, he is stopped by Wapol who starts to eat the reindeer.

Luckily, Luffy has come back, wearing Nami's jacket. Thanks to Sanji's powerful kick, Luffy grabs a hold of his leg and is launched at Wapol, landing a punch to Wapol's stomach and causes him to spit out Chopper.",
147,"Color Spread: ""A caballo vamo' pa'l mar!""
The Straw Hat Pirates are running along a beach, Luffy at the head, Sanji and Nami trying to catch his blown-off hat; a grinning, bird-like Sea King looms in the background.
(According to Color Walk 2, the caption is meant to read ""Across the sea"" in Spanish, though its grammar is somewhat inaccurate.)","In Bighorn, the Isshi-20 decide to betray Wapol, whom they have followed by fear and rescue Dalton. Usopp tells Vivi that they should not worry about Luffy and Sanji as they can take care of themselves. When Dalton decides to fight against his former king, whereas he is barely able to stand up, Usopp, who was afraid of climbing the mountain a few seconds before, proposes to carry Dalton on his back as he is invigorated by their warrior's spirit.

Meanwhile in front of the castle, Wapol demonstrates the extent of his Baku Baku no Mi powers by transforming into a living canon house. Indeed, he has the ability to transform into everything he has eaten and admit to eating canons and explosives to create his current structure. He even eats Chess and Kuromarimo and fuses them into a new adversary, Chessmarimo.

To demonstrate his desire to take back his castle, Wapol shoots at the symbol of his adversaries: Dr. Hiriluk's flag. Chopper is furious and run towards Wapol, however, by respect to his friend's wishes, he does not attack him. However, Wapol does not hesitate and shoots the naive reindeer. Meanwhile, Luffy has reached the castle roof in order to restore the pirate flag on top of the castle spire.",
148,"Jango's Dance Paradise, Vol. 17: ""Kindred Souls After the Battle"".
Jango and Fullbody bond over their mutual love of dance, sharing a drink together.","In his determination, Usopp tries to carry Dalton up to the castle, even though Dalton says that he will not be able to. Usopp states that he can do it, and that since Dalton wants to fight for his country, he will not let him down. Zoro, however, merely picks up Dalton and easily starts to carry him, much to Usopp's chagrin. Usopp is frustrated that Zoro is stealing the glory, but the villagers state that it will take them 30 minutes to fix up a rope for a lift up the mountain, which would be faster. One of the villagers states that there are no ropes left to use, but another one states that they found a white rope tied to a tree near Gyasta, which was near where Dr. Kureha last visited.

On top of the mountain, Wapol wonders about the true meaning of the pirate flag and states that it is a stupid decoration for pirates. Luffy insults him, saying that the flag is not something that you can underestimate. Wapol becomes infuriated and states that since he is the king, he does not have to bow down to a flag, and moves to destroy the flag along with Luffy. Wapol fires a cannonball at the flag, but Luffy takes the hit, stating that the flag is a symbol of faith and that it will never be broken. Chessmarimo is amazed, and Luffy states that although he does not know who the flag belongs to, it is a symbol of life that no one should play around with its usage.

Luffy yells that people like Wapol have no right to destroy the flag and laughs about it, making Chopper remember Dr. Hiriluk's description of pirates being great. Luffy tells Chopper that he is going to beat up Wapol and his troops, and asks Chopper what he is going to do. Wapol yells that if they want to protect the flag, they will both die together with it, prompting Sanji to rush towards Wapol. However, Dr. Kureha states that Sanji's spine is dislocated and knocks him to the ground, preventing him from fighting. Wapol laughs, saying he will destroy them all, but has to have Chessmarimo block a blow from an infuriated Chopper. Luffy tells Chopper to beat them up, and plants the flag in the top of the tower as Sanji lays injured in the snow.

Back on the ground, Chessmarimo states that Chopper will not be allowed to lay a finger on Wapol, stating that Chopper is a strange creature who was rumored to be a snow monster. He continues, saying that Chopper has no friends and is still defending the kingdom, but Chopper states that as long as Hiriluk's flag is there, then he will still fight. Luffy then shoots down from the mountain, saying that he is Chopper's friend, and tells Chopper to take care of Chessmarimo while Luffy fights Wapol. Chopper states that he is not confused anymore, while Dr. Kureha prevents Sanji from getting up, saying that even she cannot stop Chopper when he is serious. Chopper, meanwhile states that his name was given to him by the greatest doctor in the world, and that while Hiriluk forgave them, he will not let them pass for laughing at Hiriluk's death. Chessmarimo states that they will not forgive Chopper, who unveils a small, black Rumble Ball.",
149,"Jango's Dance Paradise, Vol. 18: ""Found Out!! Pirate Jango's Clothes!!""
Several junior Marines find Jango's discarded clothes and pass them to Fullbody for inspection. Jango tries to hide his surprise—poorly.","Chopper is determined to defend the honor of the pirate flag. To defeat Chessmarimo, he uses a Rumble Ball, a drug which will increase his power for 3 minutes. Chessmarimo mocks Chopper as he watches the reindeer's 3 Zoan's transformations. He laughs that none of the modes are enough to defeat him. However, he is surprised when Chopper is able to avoid is attacks, thanks to two additional transformations. Chopper informs him that the Rumble Ball allows him to have four supplementary combinations beside the standard three, making a total of seven transformations.

Also, when in Brain Point, Chopper is able to scan his opponent to detect weaknesses. He quickly discovers that Chessmarimo's chin is his weak point and delivers a powerful kick in the chin and knocks him out.

However, during the fight, distracted by the reindeer's demonstration, Luffy did not notice that Wapol had escaped.",
150,"Jango's Dance Paradise, Vol. 19: ""After Him!! The Pirate Jango!!""
As the junior Marines resume their manhunt, a nonplussed Jango confirms that Fullbody is, in fact, a marine lieutenant.","While Chopper beats Chessmarimo, Wapol disappears into the castle without Luffy noticing. There he encounters Nami, who tries to escape Doctorine's orders. Realizing she is part of Luffy's crew, Wapol attacks her but she is saved by Luffy.

Wapol enters the castle in order to eat all the weapons from the weapon storage room and to transform himself into a living weapon, however, his plan fails deplorably when he realizes he has lost the key. Nami reveals she had stolen the key from him when they had bumped into each other earlier. She had thought it was the key to the treasure room. Not giving up, Wapol climbs to a room where he can find his last trump card: the Royal Drum Crown 7-Shot Bliking Cannon. However, he is deceived once again, since the cannon has been invaded by Chopper's bird friends. With no other tricks in his pocket, he has no other choice but to face Luffy.",
151,"Jango's Dance Paradise, Vol. 20: ""The Attack of Captain Yurikah and the Tulip Pirates"".
Mirror Ball Island is invaded by the bizarre—but vicious—Tulip Pirates.","The villagers have revealed a way to get to the castle from Dr. Kureha's old house. They are aboard the tram with injured Dalton. He remembers how he stands up against the king saying how useless he is since he does not care about the people. He calls the king a fool, making him mad. The king severely beats Dalton to the brink of death.

Meanwhile, the fight between Luffy and Wapol rages on with Wapol threatening the wrath of the world government if anything happens to him. Luffy responds that he does not care and grabs Wapols face ready to attack. Wapol tries to eat his hand but Luffy just stretches. Wapol then spits up a cannon and fires at Luffy, while Dalton wonders about government. Luffy then appears unscathed from the cannon and still holds onto Wapol.

It switches back to Dalton. He tells the villagers to stand clear of the castle. He has dynamite and he plans on blowing it up. Luffy grabs Wapol and spins him around with his arms. He then kicks him while Wapol is still spinning sending him flying through the roof. He lands back onto the roof and sees Choppers pirate flag. He reaches to take it down but Luffy tells him he has no right touching a sacred pirate flag. Luffy then punches him and sends him flying out of sight.

All the villagers see that Wapol has been beaten and they start rejoicing. Chopper's faith in pirates surges as he sees that the straw hat pirates are good people.",
152,"Color Spread: Luffy, Zoro, Usopp, Chopper, Vivi and Karoo relax in a garden with a massive dog. Everyone is reading a book, save Usopp (who is preparing to draw a bird that is likewise preparing to draw him) and Karoo.","Thanks to the lift, everybody is able to join the castle. Understanding the situation, Dalton thanks Luffy for helping his country. Dr. Kureha asks that the wounded people are put into the castle, including Nami and Sanji who are desperately trying to hide from her.

Usopp, when he sees Chopper. He calls out loud that he is a monster and Chopper flees from the persecution he is used to from being different. Luffy becomes angry since he wanted to present him as the new crew member. Luffy tries to run after him and the poor reindeer becomes even more afraid.

In the castle, Kureha has taken care of Dalton, Sanji and Nami. She asks the guard chief if he knows where the key is to the weapon room. Nami, who stole the key from Wapol previously, understands that she can make profit of this key and gives it to the doctor. As a reward, she will not have to pay for the treatment and Kureha will not oppose to their departure.

When the night comes, Luffy is still looking for Chopper, as to ask him to join the crew. When Chopper says that he would like to but he cannot because he is a monster, Luffy yells at him they do not care.",
153,"Jango's Dance Paradise, Vol. 21: ""Lucky!! Jango Escapes"".
As Marines rush to put down the pirates, Jango flees with all of Mirror Ball Island's panicking civilians.","The Straw Hat Pirates are ready to depart, they are only waiting for Chopper and Dr. Kureha to say good-bye. But when Chopper reveals to Kureha that he has decided to become a pirate, she does not accept it. Enraged by what she considers a selfish behavior after everything she has done for the young reindeer, she starts to chase him in order to force him to stay, praying him to not believe in Hiriluk's hopeless dreams. Chopper with no other choice but to run away, mounts Dr. Kureha's sled and rushes toward the Straw Hats who have no other choice than jump in it for a hasty departure.

Going down by the Drum Ropeway, Chopper has sad feelings, he does not know if he should trust Dr. Kureha or believe in Hiriluk who gave him hope with his researches and pushed him to discover the world.

At the castle, Dr. Kureha reveals her true feelings to Dalton, she hates sad goodbyes and grants to Chopper a nice farewell. The preparations she asked to the villagers are now completed, and she asks them to fire the cannon which are pointing toward the sky. The noise of the canons wakes up the entire island who first worried for a possible return of Wapol. They discover a marvelous sight. The cannons, filled with Dr. Hiriluk's pink powder, color the snow and cover the island with the miracle Sakura aura. Chopper, in tears, watches the show fall with his new friends. His doubts have vanished and he is thankful for the two doctors that have helped him.",
154,"Jango's Dance Paradise, Vol. 22: ""The Power of a Marine Headquarters Lieutenant"".
Fullbody goes into action, crushing the Tulip Pirates almost singlehandedly.","Kureha and Dalton are sitting under the sakura snow, now full of hope about the future of their country when a villager appears carrying Luffy's bounty poster. Understanding their friend has encountered some dangerous people, Kureha makes mysterious remarks about Gol D. Roger and the Will of D. When asked about where the poster came from, the villager replies that a few days ago, a stranger appeared, looking for the Blackbeard Pirates who destroyed the island. When the stranger called Ace learned that they have already left, he gave Luffy's poster to the villagers so that, in case he reaches Drum, they can tell Luffy he would wait for him in Arabasta for 10 days.

Onboard the Going Merry, Chopper is full of nostalgia and does not rejoice with the others, who are having a sakura party. However, once Nami gives him his medicine bag, which he had no time to prepare during his hasty departure, he understands that Kureha did it for him, secretly agreeing with his departure. This revelation changes his mood and he quickly learns the crew's customs who happily celebrate the new Straw Hats' doctor.

Meanwhile in Little Garden, an okama named Mr. 2 is searching for Mr. 3 in order to accomplish Crocodile's orders to kill him, but Mr. 3 is nowhere to be found.",
155,"Jango's Dance Paradise, Vol. 23: ""Seeya Later, Stupid Marines!!""
Having found a boat off Mirror Ball Island, Jango throws a parting taunt at all the Marines that remained ignorant of his real identity.","In Arabasta, the Warlord Crocodile is seen as a hero. Indeed we see him helping in the fight against pirates and be the subject of adoration by the people of Arabasta. Even Vivi's father king Cobra thanks him for his help.

Back on the Going Merry, Vivi explains these facts to the others. Arabasta people cannot imagine that the person who they see as a hero, is the one that is currently ruining their country. As a consequence, they have to stop the rebellion and then get rid of Baroque Works. When asked by Usopp about how the organization works, Vivi tells them of the pyramidal hierarchy and the main officer agents. But for Crocodile to take over Arabasta means that all the top agents are together somewhere in Vivi's country.",
156,"Color Spread: In a desert somewhere, beneath the skeleton of some great beast, the boys of the Straw Hat Pirates—all dressed in salvaged scraps—prepare for battle.","Five days after leaving Drum Island, the stock of food is shrinking. While crossing a smoke steam made by undersea volcanoes, Luffy and Usopp find an okama dressed like a swan. After saving him from drowning, he reveals that he ate a Devil Fruit. Making a show with his ability to imitate anybody he touches, the Okama strikes up an immediate friendship with the trio of Usopp, Chopper and Luffy. However, their encounter is cut short when the Okama's crew arrives to retrieve their captain. Leaving the Merry, he makes a promise of eternal friendship but, as his men greet him, his name is revealed to be Mr. 2 Bon Kurei. Understanding that they have met with an enemy, now able to usurp their identity, the Straw Hats decide to take countermeasure.",
157,"Jango's Dance Paradise, Vol. 24: ""The Hostage Girl"".
To Fullbody's dismay, the Tulip Pirates take a female civilian hostage.","After days of privation, the crew are finally reaching Arabasta. Before approaching, they prepare a countermeasure against Mr. 2's power by wearing a sign of friendship on their arm. In the port of Nanohana in Arabasta, a group of people are intrigued by an unconscious guy in a restaurant. This strange guy who fell asleep while eating is no other than Portgas D. Ace, Whitebeard's second division commander. This is revealed by an old adversary: Smoker, who also appears to be in town in the search for the Straw Hat Pirates. Ace is looking for his little brother.",
158,"Jango's Dance Paradise, Vol. 25: ""The Brittle Fang Called Justice""
Unwilling to endanger the Tulip Pirates' hostage, Fullbody can do nothing but take a beating from their captain.","The crew is waiting for Luffy to get back, when they spot Mr. 3's ship. Meanwhile, Smoker confronts Ace and the spectators are astonished that a commander of the Whitebeard Pirates is there, while Luffy smells food from the restaurant, Smoker prepares to attack Ace when Luffy rockets into the room. Luffy then orders food while Ace apologizes for the mess and recognizes Luffy, but is pushed down by Smoker who recognizes him as well, but is annoyed by Luffy's lack of interest and rudeness. Luffy then recognizes Smoker and runs away while Ace and Smoker chase after him. Smoker warns Tashigi of Luffy, who then tries to stop Luffy but is unable to, and Smoker is forced to go after him alone. Meanwhile Vivi and Nami are trying out different perfumes to the pleasure of Sanji but to the horror of Chopper. Vivi then explains that they need to get to Yuba so that she may talk with Koza the leader of the rebellion. Suddenly, Luffy appears being chased by marines, including Smoker who attacks him until he is stopped by Ace, whom Luffy recognizes.",
159,"Jango's Dance Paradise, Vol. 26: ""The Returning Man"".
To everyone's shock, Jango has returned to Mirror Ball Island—in his pirate clothes, no less. His first act: to free the Tulip Pirates' hostage.","The Baroque Works association has some strange rules. In order to reach the envied agent seats, its members do not hesitate to kill each other. Mr. 11, who had been arrested by the Marines, learns this at the cost of his life.

Meanwhile, the Straw Hats have escaped the Marines, thanks to Ace, and are heading back to the Going Merry, intending to sail the ship up the river, then continue on to the desert. Prior to departing, Vivi entrusts Karoo with an important task: to carry a letter detailing the situation and explaining what she and Igaram have discovered in regards to the Baroque Works conspiracy to her father, Cobra, in Alubarna, in order to give him hope.

On board of the Merry, Luffy tells his friends about Ace. He is his elder brother by three years, and is a pirate as well. Luffy also expresses his surprise that Ace has eaten a Devil's Fruit - the Mera Mera no Mi. Suddenly, Ace appears on board. He proposes that Luffy and his crew join the Whitebeard Pirates, an offer Luffy flatly denies. Ace tells Luffy of his admiration for Whitebeard, and his desire to see him become the Pirate King, to which Luffy replies that he will just have to fight him for the title.

In Nanohana, Smoker appears concerned: not only because Ace's intervention prevented him from apprehending Luffy, but also because he recognized the princess of Arabasta among the Straw Hat Pirates. He expresses his contempt for the Warlord, telling Tashigi that tigers never change their stripes - once a pirate, always a pirate.

Back on the Going Merry, Ace hands Luffy a strange piece of paper, which he says will help them see each other again, and thanks Luffy's crewmates for taking care of his younger sibling before returning to his ship. Ace is currently chasing after a pirate named Blackbeard, his former subordinate, who committed the unforgivable crime of killing a crewmate. As the boats of the Baroque Agents Billions close in, the members of the Straw Hat crew express their surprise and admiration at the two brothers' relationship. Ace then single-handedly takes down the many Billions ships, urging his brother to meet him, 'at the top'.",
160,"Color Spread: A two-tier display of Baroque Works' Officer Agents, men on upper and women on lower. Luffy, clueless as usual, leads Matsuge through the space left by Mr. 2's lack of female counterpart.","After Ace's departure, the Straw Hat Pirates head to Yuba. They ask Luffy about the piece of paper Ace gave to him, which has nothing written on it. Despite that, Luffy wants to hold on to it because Ace wanted him to, so Nami sews the paper to the underside of Luffy's hat for safekeeping. The Straw Hats change into clothes that will protect them from the burning temperatures, which Vivi warns Luffy about. They arrive at the mouth of the Sandora River, and Vivi explains the way they will travel to Yuba with a map she sketched. They will exit the river and head inland, across from the town of Erumalu, where they will lay anchor. Afterwards, they will travel across the desert to the Yuba Oasis, so Vivi can meet the Rebel leader to explain the situation. Vivi is convinced that they can stop Baroque Works and save her country.

Meanwhile Crocodile and Miss All Sunday are finalizing their plan, which begins in two days at 7 o'clock AM. Crocodile asks Miss All Sunday about the necessary preparations and Miss All Sunday answers reassuringly, telling him about the 150 Billions agents waiting at Nanohana. She also mentions Mr. 2 Bon Kurei's failure in finding and taking care of Mr. 3, much to Crocodile's annoyance. Miss All Sunday also reveals that the remaining Officer Agents are set to meet at Spiders Cafe that night at 8.

Spiders Cafe is revealed to be the Baroque Works Arabasta Headquarters. Inside, a woman is reading a magazine while listening to a vinyl record. Immediately after, Mr. 4 and Miss Merry Christmas come into the Cafe with a ruckus. Miss Merry Christmas blames Mr. 4 for the long trip, which caused her hips to ache, and Mr. 4 apologizes very slowly. Miss Merry Christmas greets the woman, Paula, the owner of the Cafe, and asks her how business is. She notes how there isn't anybody else in the Cafe, and Paula explains that the Cafe is reserved for the Officer Agents that night. Paula mentions how she hasn't seen the Mr. 4 team in a while, and offers an orange pekoe tea to Miss Merry Christmas and an apple tea to Mr. 4. Miss Merry Christmas urges Paula to hurry with the drinks and impatiently bangs on the counter. Paula then asks about their work. Miss Merry Christmas snaps at her, saying work is dangerous as always, so Paula apologizes.

Suddenly, singing is heard in the Cafe despite the music being played being a sonata. Outside, Mr. 2 Bon Kurei and his subordinate Billions dance towards the Spiders Cafe while singing about the okama Way. Mr. 2 Bon Kurei enters the building on tip-toe, causing Paula to ask if Mr. 2 is an idiot. Mr. 2 laughs it off saying he's an okama and asks Paula for an octofait, octopus parfait, which Paula doesn't serve. Mr. 2 then dismisses his billion subordinates, reminding them not to slack off on their dance practice. Meanwhile, Miss Merry Christmas is getting a massage from Mr. 4, and Mr. 2 observes that ""the fat old hag"" is also attending. He then asks Paula about the Mr. 1 pair, whom he has never met. Though he has heard rumors of Mr. 1's intimidating personality, they don't bother Mr. 2. From afar, it is revealed Mr. 3 is spying on the gathering through a window.",
161,"Jango's Dance Paradise, Vol. 27: ""Shall we DANCE?""
Back to back, Jango and Fullbody beat down the Tulip Pirates together.","The Straw Hat Pirates crosss the Sandora River and lands near a town. They then meet a colony of kung-fu dugongs. Vivi explains her friends that the animals normally live in sea water, but because of the current drought, the river has become salty. The same happened to the ghost town they enter. Erumalu was once called a green town, but three years without a drop of rain took the best of its inhabitants and nowadays, Erumalu is nothing but ruins. Vivi then tells them that the only town which did not suffer of lack of water was Alubarna, the capital of Arabasta and the king's residence.

However, two years ago, an ""accident"" happened in Nanohana. A ship cargo is dropped, revealing its content: a huge amount of Dance Powder. The people in charge of the cargo looked terrified and mention that the powder was for the king. The Dance Powder is a forbidden material which has the power to generate rainfall but at the expense of the clouds in the surrounding area. After the scandal, it rained nowhere besides near the king's palace. People started to become suspicious of Vivi's father, unaware that it is part of the mischievous plan brought by Crocodile. Vivi is determined to not let him continue making her people suffer, and all the Straw Hats are ready to help her.",
162,"Jango's Dance Paradise, Vol. 28: ""Two Dancing Heroes, Baby"".
Jango and Fullbody strike a victory pose over the vanquished Tulip Pirates, a huge crowd of civilians cheering them on.","After walking all day in the desert under the sun, the Straw Hats are exhausted, Luffy then drinks some water which upsets Usopp, and the two get into an argument. Finally the Straw Hats take a break, only to have their stuff stolen by thieving birds, Luffy then goes off to chase the birds but encounters a giant lizard. Fortunately it is no match for the straw hats and they kill it, and eat it, they also find a camel whom they name Matsuge. Luffy then starts to hallucinate and after a while falls asleep, forcing the crew to carry him until he wake up, and by night they have reached Yuba, unfortunately Vivi finds something wrong with the town.",
163,"Jango's Dance Paradise, Vol. 29: ""Friendship, Crime, and Duty"".
Despite everything, Jango is still a pirate himself—and Fullbody, resigned to his duty, arrests his new ally.","The Straw Hat Pirates enters Yuba after it was hit by a sandstorm. Nobody is here except, Toto, digging in the sand. When Vivi ask him about the rebels, the old man reveals to them that, due to the drought Yuba faced for three years, the rebels had moved to Katorea, an oasis close to Nanohana, the city they have left before going to Yuba.

When Luffy says Vivi's name, the old man starts to cry, asking the princess if she remembers him. Vivi, in shock, realizes who he is and starts to remember their first encounter.

Eleven years ago, a young kid named Koza asked King Cobra to stop the drought in his village because the villagers were suffering. When Cobra told him it is out of his power, Koza's father, Toto appeared, ashamed by his son's rudeness and begs the king to forgive them. Koza, being too proud to beg the king for forgiveness, rushed out of the room. Cobra was moved by the kid's care for his fellow villagers and decides to allow them to live in Alubarna temporarily until they can decide on what to do.

After confronting the king, Koza, in tears, ran out and encountered young Vivi, who called him a crybaby. This is the start of a fight between the two kids, which rapidly transformed into a friendship. Vivi became the sub-leader of the Sand-Sand Clan, just under Koza. But one day, when Vivi was searching for her leader, she bumped into two dangerous men.",
164,"Jango's Dance Paradise, Vol. 30: ""Marine Headquarters Verdict: Death By Hanging"".
Before a panel of Marine Headquarters judges, Jango is sentenced to death for his crimes.","The Sand-Sand Clan attacks the bandits while Vivi runs away, later Igaram finds the members of the suna suna clan lying around the sand, injured, he asks what happened to which a member tells him, and also tells him that Vivi ran to the ruins and was chased by a bandit who was chased by Koza. The leader of the bandits manages to find Vivi but is confronted by Koza, who stands up to him, and beats him but is stabbed in the process, the other bandits arrive but are stopped by the king and Igaram. Koza is then rushed to the hospital where he is treated, the next day he informs Vivi that he and his dad are going to start new town, by the name of Yuba. It is then revealed that the rebels plan to strike the capitol in one big invasion and take over the government, it is also revealed that Koza is the leader of the rebellion.",
165,"Color Cover: ""Flavor of Sand"".
A snapshot of the Straw Hat Pirates in Arabasta. Luffy and Zoro pose against the setting sun; Nami shows off a vial of perfume; Usopp works on the Clima-Tact while Vivi logs the day's events; and Sanji and Chopper begin an early supper.","Remembering when Mr. Toto left Yuba, Vivi offers him a tissue and promises to stop the rebellion, the crew then decides to stay the night while Mr. Toto, and Luffy continue to dig for water. Meanwhile, the top brass of Baroque Works meet up, but are awaiting for Mr. 0, suddenly Miss All Sunday shows up and reveals that they are in Rain Dinners, a casino owned by Crocodile. It is also revealed that the leader is Crocodile himself and that he has been there the whole time, which surprises all the members, he then explains his ""Utopia"" plan. The next day, the Straw Hats are preparing to leave Yuba, and Mr. Toto gives them some water for their journey, but Luffy suddenly decides to quit.",
166,"Jango's Dance Paradise, Vol. 31: ""Fullbody's Manly, Tearful Objection DANCE!!"".
In the nick of time, Fullbody—and his entire squad—intercede Jango's trial with a heartfelt objection.","An old face interrupts Baroque Works meeting. It is no other than Mr. 3, who snuck in after the other members from Spiders Cafe. He came to be given another chance to defeat the Straw Hats. Crocodile is surprised by this revelation since, after the call from Little Garden, he assumed all of the Straw Hat Pirates and Vivi were dead as he was not aware that it was Sanji who answered the call and lied to him. Mr. 2 confirms that the Straw Hat Pirates and Vivi are alive since he met them on the way to Arabasta. With the help of his power, they are able to make pictures of the Straw Hats (omitting Sanji), and start to take counter measures so that they can prevent Vivi from meeting with the rebel leader, Koza. Disappointed with Mr. 3, instead of giving him a second chance, Crocodile dries him up and feeds him to his Bananawani.

Meanwhile, Luffy and Vivi's argument is intensifying. Luffy finds her naïve in wishing for no one to die. Upset, Vivi and Luffy start a fight until Luffy reveals his true intention: he wants Vivi to risk the life of her friends with her so that he can beat Crocodile, who is responsible for this situation.",
167,"Jango's Dance Paradise, Vol. 32: ""Gettin' Down In Court!!""
The whole courtroom—judges, spectators, and all—gets caught up in Jango and Fullbody's dance of friendship.","Vivi shows the Straw Hat Pirates a map to Rainbase, where Crocodile resides. She says it will take a day to get there from Yuba, and that it is a gambling town, which excites Nami. They are interrupted by Luffy and Usopp fighting over their water, with Luffy refusing to let Toto's hard-earned water be consumed right away. The group then sets off for Rainbase. As they walk, Vivi thanks Luffy for encouraging her to set off on this course of action, and Luffy demands that he be fed in return after he beats Crocodile, which Vivi happily agrees to do.

In Katorea, a young shoe shiner named Kappa begs Koza to let him join the rebel army, but Koza refuses. He has Farafra show Kappa his missing forearm, and asks Kappa if he wants to see the hospital and graveyard. Kappa responds that he is not afraid of any of that, and badly wants to fight against the king because of his sick friend in a town near Erumalu that will soon dry up as well. However, Koza says that Kappa's goals are the opposite of the army's, as none of them want to fight, but have been forced into doing so. He then shouts at the boy to go home. Later, a rebel asks Koza if anything is wrong, as it is not like him to shout at a kid. Koza replies that he was exactly like Kappa years ago, and it made him sick. He asks about the weapons they have obtained, and hears that the effort was not extremely successful due to the royal army preventing them from getting to the warehouse. Koza tells them to notify the rebels in all the towns that once all the weapons are ready, they will begin their attack on Alubarna.

In the Alubarna Palace, Nefertari Cobra rejects Pell and Chaka's request to initiate a go-ahead attack on the rebel army, saying that taking action against them without understanding the cause of the unrest would tear the country apart. He says their real enemy is the figure who is responsible for the Dance Powder, and Chaka replies that it may be too late for the country before they can find that person, but Cobra refuses to relent. Pell and Chaka later sit together, and Pell remarks that they will soon be unable to keep their soldiers in line. He wishes Igaram were here, but Chaka is confident that he and Vivi are working to help the country. A messenger then comes and tells them that Karoo has arrived. As Karoo consumes water after his long journey, Cobra, Pell, and Chaka read Vivi's letter and find out that Crocodile is behind the country's unrest, as well as about Igaram's death. Chaka notices the bandages on Karoo's wing and asks if he is injured, but Karoo refuses to let him examine it. Cobra then orders Chaka to prepare a military campaign to attack Rainbase and Crocodile. However, Pell warns against this, saying Rainbase is too far for their forces to reach covertly and that attacking a public hero like Crocodile would only incur more hatred and rebellion against them. However, Cobra does not care what becomes of them, saying that the people would rebuild the country if Crocodile fell, while fighting against the rebels would do nothing but help the Warlord. He orders Chaka to gather his officers and Pell to scout out the enemy's location, saying their forces will depart tomorrow morning. 17 hours remain until Baroque Works' Operation Utopia begins.",
168,"Jango's Dance Paradise, Vol. 33: ""Acquittal By Style!! Fullbody Demoted"".
Touched by Fullbody's devotion, the judges agree to pardon Jango—at the cost of Fullbody's officer rank.","With one hour until Operation: Utopia starts, the Straw Hat Pirates make it to Rainbase, while Usopp gives Nami her new weapon: the Clima-Tact which causes Sanji to comment that Nami and Vivi do not need weapons and that all they need is him. He then asks them to call him Mr. Prince, which causes Zoro to mockingly call him Mr. Prince, much to the annoyance of Sanji. Vivi then comments that the Baroque Works agents probably know that they are there and that they should be careful. The Straw Hat Pirates debates on what to do once they encounter the Baroque Works.

At Rainbase, Smoker and Tashigi are in a bar. Smoker is saying that he feels that something will happen in Rainbase, when, Luffy and Usopp comically arrive, demanding for water. As each duo recognizes the other, Luffy and Usopp comically spews out their water at Smoker and Tashigi and then flee from the bar.

The rest of the Straw Hat Pirates are waiting for Luffy and Usopp when they see the pair running towards them, with Smoker and Tashigi chasing after them. Nami screams at the pair not to run towards them, and Vivi is worried about Chopper but Zoro tells her not to worry about him. The Marines spot the Straw Hat Pirates and start to chase after them as well. Unfortunately, this causes several Baroque Works agents to notice the events and they recognize the Straw Hat Pirates. Luffy then tells them all to meet up at Croc's house. Smoker decides to chase Luffy, while Sanji decides not to run but to fight as well as Zoro, but he runs at the sight of Tashigi. Meanwhile Usopp and Nami are being chased by several Baroque Works members but manage to lose them, only to encounter another group, but they are quickly defeated by Zoro who shows up. All the Straw Hats then show up in front of Raindinners and enter it while being chased by Marines, Crocodile who has been informed of this, is pleased.",
169,"Jango's Dance Paradise, Vol. 34: ""We Cannot be Friends"".
As Jango prepares to leave Mirrorball Island, Fullbody—now a common recruit—comes to see him off, quietly refusing to shake the pirate's hand.","Luffy noisily enters the casino and demands that Crocodile show himself which disturbs a lot of the people in there. Smoker then runs into the casino as well. While Luffy takes care of the security, the Straw Hats are then escorted to the V.I.P room but this turns out to be a ruse as they fall into a trap. The trapped members of the Straw Hats then start fighting along with Smoker who explains that the prison is made of sea stone, an item that is basically a solid form of the sea which hampers devil fruit power. Crocodile then appears to the prisoners, saying that he is awaiting Vivi and has sent for Miss All Sunday to pick her up. Meanwhile, Vivi is fighting several members of Baroque Works. When Pell arrives and defeats the Baroque Works members, he is then confronted by Miss All Sunday.",
170,"Jango's Dance Paradise, Vol. 35: ""Hypnotism: Just Forget About This Friendship: 1... 2...""
To spare any further heartbreak, Jango prepares to hypnotize both himself and Fullbody into forgetting they ever met.","Miss All Sunday confronts Vivi and Pell, and is promptly attacked by Vivi for killing Igaram but to no avail. Miss All Sunday then ""impales"" Vivi with her hand, which enrages Pell and he attacks but it is no use against Miss All Sunday's devil fruit ability. She then explains that she ate the Hana Hana no Mi a devil fruit which grants her the ability to sprout limbs, she then says that she has no more time to waste on him which angers Pell and he attacks but it is useless and he goes down easily. When Vivi arrives at Crocodile's lair she attacks him but due to his devil fruit ability granted to him by the Suna Suna no Mi the attack goes right through him. He then remarks it is time for the plan to begin, which Miss All Sunday confirms as it is past seven o'clock.",
171,"Jango's Dance Paradise, Vol. 36: ""Stop!!! LOVE SHOCK! ♥ Pretty Lady Officer"".
Jango's and Fullbody's tragic farewell comes to a crashing halt when a beautiful female Marine walks by, leaving both men instantly smitten.","A guard alerts Chaka that the king has disappeared, Chaka then wonders how the king disappeared as there are guards around his room all the time, he then decides to send out search parties. A guard then returns to report to Chaka and tells him that they have found the king ""in a way"", Koza apparently has heard some disturbing news and is rushing towards where the king supposedly is. As he rides he remembers when his father told him not to give up on the king, the news about the rebels reaching 100,000 men, the fighting, the lack of water, his father's faith, his argument with the king, and his change of heart and support of the rebels. At Nanohana the ""king"" is there with an escort of armed guards saying that he has an apology to make and that he will destroy Nanohana, the guards then start to attack as a child confronts the kings. ""Cobra"" merely kicks the child, as Koza arrives, he demands what is going on and ""Cobra"" replies that he is apologizing for using Dance Powder, which enrages Koza, he is then shot by one of the soldiers while the king and his men leave. A giant ship then crashes into port as Mr.1 and Miss Doublefinger walk away, it is then revealed that the king was actually Mr. 2.",
172,"Jango's Dance Paradise, Conclusion: ""Two Peon Pals DANCE!!""
Jango and Fullbody find a happy ending after all: as co-recruits under Captain Hina of Marine Headquarters. In the background, another high-ranking officer walks by with his own two unlikely recruits.","The town of Nanohana is in an uproar as the citizens attempt to put out the fires started by the 'Royal Guards'. Mr. 1 and Miss Doublefinger move to meet Mr. 2 at the edge of town. While Mr. 2 is escaping the ensuing chaos, he is spotted by a young boy, Kappa, who realizes that the 'King' is in fact an imposter. However, before he can alert anyone, he bumps into Mr. 1 and Miss Doublefinger, who decide to take action to prevent the word from getting out. A citizen finds the boy's near lifeless body, but mistakes Kappa's attempts to convey the deception as cries of pain. Upon seeing the wounded boy, a wounded Koza makes the decision to attack immediately. Seemingly serendipitously, the ship that crashed into the harbor was carrying weapons. Koza orders an all-out attack on Alubarna. Meanwhile, in the palace, Chaka is in disbelief at the message brought to him regarding the king appearing in Nanohana. The situation rapidly declining, and the number of rebels rising as news of what happened in Nanohana spread throughout the country, Chaka steels himself and makes the decision to defend the capital and push back the rebellion.

In Rainbase, Crocodile perversely explains his scheme in front of a distraught Vivi, the captured Straw Hat Pirates and Smoker. He recounts the many years of planning and dedication it took to reach where he is today. Vivi, tied to a chair, knocks herself down and attempts to crawl away, still set on cutting off the rebels before they reach Alubarna and preventing the bloodshed. An amused Crocodile tells Vivi that he and Miss All Sunday are on their way to the capital to meet her father. Showing her the key to the cage that holds Luffy and his crew, he tells her she is free to join them if she wishes, then throws the key down a trap-door into a pit of Bananawani.",
173,Animal Theater: Some cliff-dwelling bears share a dinner of campfire-cooked fish with Luffy.,"Before leaving, Crocodile explains to Vivi about the solutions she has got: either she tries to reach the rebels which is impossible in the time that remains now or she tries to save her friends which is also very hard because he threw the key of the cell into the Bananawani pool where one of them ate it. Moreover the building will self destruct in a short time. To make her despair even more, he reveals that he was the responsible of the sandstorm that came one after the others to Yuba oasis and mocks Toto's stupidity. This angers Luffy, causing him to beg Vivi to help them so that he can beat Crocodile. However, the destruction mechanism made the water level in the Bananawani's pool increase. The Bananawani come out of the pool one after the other and start to hunt Vivi who barely escapes these powerful animals.

Meanwhile Crocodile receives a phone call, from the Den Den Mushi he uses to contact the Billions. The voice and the speech of the person speaking reminds him of a certain previous conversation.",
174,"Animal Theater: During a light snow, Zoro enjoys a soak in a hot-spring—as well as fruit and wine—with a pack of macaques.","Sanji, calling himself Mr. Prince, is talking to Crocodile on a Den Den Mushi, and is antagonizing him, Sanji then convinces Crocodile that he has been beaten by a Million and that they are outside the casino. Vivi tries to escape but is stopped by Crocodile, Crocodile then leaves with a parting remark that he will bring Mr. Princes' corpse as a farewell gift to the Straw Hat Pirates in the cage, Vivi does however manage to get out of the room. However when Crocodile leaves the casino he finds his minions defeated, and learns that it was ""Mr. Prince"" that defeated the Millions, he then spots a figure running away from the scene and assumes that it is Mr. Prince so he follows him. As he starts chasing the figure, the bridge to the casino collapses which Vivi views as meaning that she can not get away, but Sanji who is playing at the slots says that it means enemies can not get in, he then asks her to lead the way.",
175,"Color Spread: Luffy poses in a Native American-esque outfit, with bared chest, bighorn helm, a ""PEACE""-emblazoned loincloth, and a huge bow slung across his back; Nami sits beside him, wielding a rifle. A large jaguar slinks in the background, a rabbit-themed helmet strapped atop its head.","The chapter begins with Chopper dashing while Sanji explains to Vivi that Chopper is their decoy. When Vivi asks what happened, Sanji has a flashback of him and one of the Millions talking to Crocodile. After he makes Crocodile believe Sanji was captured by the Millions and was beaten up, Sanji tells Chopper to go on a rampage, shouting out that he is Mr. Prince, which Chopper does. When Crocodile comes to the scene, he sees Chopper and tries to kill him, but Chopper switches from Heavy Point to Brain Point and quietly tiptoes past the enraged Crocodile.

Meanwhile, the trapped Straw Hats are screaming because of the room that is quickly filling with water. Nami tells everyone to make the Bananawani mad so that it would chomp the cage apart, but they find out that the cage is able to resist even the Bananawani's jaws, much to their horror. Usopp and Luffy yell at Smoker asking why he was so calm in such a situation, but Smoker responds by asking how much of Crocodile's plan the Straw Hats know. He reveals that Miss All-Sunday has been running from the government for over 20 years, he then tells them that Crocodile and Miss All Sunday's plan may shake the entire world, but Luffy says that no reasons are needed to beat Crocodile up. When Smoker asks how they are going to escape, the Straw Hats remember their situation and start panicking again, and Luffy starts to feel weak because of the seawater touching him.

When everyone becomes desperate, Sanji finally appears, defeating a Bananawani with a single kick, to everyone's surprise. Everyone becomes full of hope once again, and Luffy gives Vivi a thumbs-up, saying she did a good job. As more Bananawanis close in, Smoker tells the Straw Hats that the third Bananawani that came in is the one that ate the key. When Luffy asks how he knows, Smoker says the growl is the same. Elsewhere, a frustrated Crocodile walks back to where the cage is saying it was smart of the Straw Hats to think of a decoy.

Miss All Sunday asks what if the Straw Hat Pirates already found the key, and Crocodile answers by saying that the key was a fake in the first place and he has the real one. By the time Crocodile arrives in the room, the cage is swinging open underwater, while beaten up Bananawanis and a beaten up Mr. 3 floats in the water with a piece of paper on him that says ""See ya, shitty Croc - Mr Prince"" on it, much to Crocodile's enragement.",
176,"Animal Theater: Chopper, in Heavy Point, feeds a herd of sheep.","A bananawani just spat out a wax ball, while the Straw Hats wonder what it is, Mr. 3 then appears from the inside of the ball, overjoyed at his freedom which surprises everyone. He then notices a key attached to his ball, to which the straw hats shout that it is the key to their cage, Sanji then demands that he hand it over, which just makes him throw it away. Sanji, angered at this prepares to attack, but it stopped by Usopp who reasons that Mr. 3 could just create another key using his powers, Sanji then forced Mr. 3 to make another key to free his friends, which he does. After freeing everyone Sanji says that they have to get out quick, but Vivi says that will be hard with all the bananawani, but much to her shock they are already defeated. Unfortunately the walls then break and water gets through, though luckily the straw hats are able to get out alive, as well as Smoker who was saved by Zoro on Luffy's orders. Vivi then asks Nami to put on her perfume, while the Marines found the straw hats and rushed over to capture them, while Smoker decided to let them go. The straw hats then run away, while Smoker calls the marines back and asks one to call in more reinforcements, meanwhile Chopper has found Nami's scent and located the straw hats while riding on top a giant crab. The crew gets on as Chopper explains that the crab is one of Matsuge's friends, suddenly Vivi is grabbed by Crocodile's hook, but Luffy is able to unhook her and grabs on himself, telling the crew to go on without him as he prepares to fight Crocodile.",
177,"Animal Theater: Usopp and a dog sit by a twisted tree, wearing identical Bolero hats and biting identical bits of jerky.","As Luffy is being flung out to the dessert he asks everyone to get Vivi safely to the royal palace, while Vivi warns him that there are two of them, Zoro then orders Chopper to take them straight to Alubarna, while Nami tells Vivi that Luffy will be fine and everyone in the crew encourages her. Vivi then shouts at Luffy that they will be waiting for him at Alubarna, miss all Sunday laughs at the fact that Vivi has gotten away, but Crocodile is unfazed asking her to contact their agents in Alubarna. Luffy then comments that though Vivi is weak she is still trying to save everyone, that she wants the rebellion to end without anyone dying, Crocodile scoffs at this saying it is foolish and asking Luffy what he thinks, to which he responds that it is foolish. but he also adds that he will stop Crocodile so that Vivi does not have to work so hard, Crocodile also laughs at this as well saying that he has crushed hundreds of people like Luffy into dust. Luffy responds that Crocodile is pretty stupid which angers him immensely but makes Miss All Sunday laugh, Crocodile then questions what she is laughing at calling her by her real name: Nico Robin, she then leaves for Alubarna while Crocodile throws down an hourglass saying that he will only give Luffy three minutes which is fine with Luffy. Luffy then starts to attack Crocodile who manages to evade his attacks easily or else just lets them pass through him, he then tries to tell Luffy that it is pointless to fight him, but Luffy does not listen and keeps up his assault which angers Crocodile even more.",
178,"Animal Theater: Vivi does a daring balance-walk down the bannister of a twisting seaside staircase; a smitten eel emerges from the sea to court her, a rose between its teeth.","Crocodile asks Luffy if they can end the games to which Luffy responds that he has been fighting seriously, Crocodile then comments that they are pirates in two different leagues and attacks Luffy with his escada attack, fortunately Luffy manages to get out of the way in time. Luffy is astonished at Crocodile's power while Crocodile comments that he does not just posses his devil fruit ability like some people, he mastered it and demonstrates this by creating a hole of quicksand. While Luffy is struggling to leave the pit, Crocodile comments that no one can contend with him while in the desert, though Luffy finally manages to get out of the pit. Luffy then comments that if he cannot beat Crocodile, then he will catch him, but this also fails and Crocodile shows Luffy more of his abilities by mummifying his right arm. Crocodile then explains that he merely sucked the water out of his arm, this causes Luffy to run to his water bottle and drink causing Crocodile to comment about it being ridiculous, and Luffy counters saying it is not ridiculous and tells Crocodile the story of Yuba. Luffy then charges Crocodile and literally bites his head off, but Crocodile manages to escape from Luffy's mouth and comment that it is time for him and Yuba to die, Crocodile then creates a sandstorm while commenting on the dryness of the sand that day. Meanwhile people all across Arabasta notice the sandstorm with Vivi realizing that it is Crocodile's doing, Crocodile begins to tell Luffy how strange it is that Yuba keeps getting hit by sandstorms Luffy then puts two and two together, and enraged attacks Crocodile only to be impaled by his hook, while Crocodile comments that pirates like him are coming on the grand line.",
179,Animal Theater: Karoo rides a falcon through the skies high above the Going Merry.,"The chapter begins with the Straw Hats getting ready for battle on the giant crab, Hasami. Usopp tells Chopper one of his lie stories again, while Zoro trains by putting Matsuge on top of one of his swords and lifting him. As Usopp tells a horrified Chopper that shrimp are actually crabs in the background, Nami tells Zoro that what he's doing would probably just use up his stamina. Sanji tells Nami to leave him alone, saying that everyone has to do something in order to push away their thoughts about their captain tasting the level of a Shichibukai at this moment. Zoro asks Sanji what he wants to say, and Sanji says that Zoro is scared, thinking what if Luffy lost. Zoro gets annoyed at the word ""scared"" and calls Sanji ""beauty brows"". Sanji gets insulted by this and calls Zoro a moss head. As the two are about to start a fight, Nami punches both. Usopp thinks about cheering everyone up as a ""vice captain"", but Vivi assures everyone that Luffy is okay. Usopp comments that Vivi is the one who should be the most worried and Nami tells Vivi should just focus on worrying about the rebellion and not other things, lightly punching her in the head. Nami officially gives the crab the name ""Hasami"" and tells him to hurry to Alubarna, while the others comment on the strange name.

Meanwhile in Yuba, Toto finally finds a place that spurts out lots of water, and smiles, not knowing about the sandstorm created by Crocodile approaching.

Back in the fight with Luffy and Crocodile, Crocodile tells Luffy about how everything would go his way, not Luffy's. We see now that Crocodile had stabbed right through Luffy's water bottle around his neck into Luffy. While the water from Luffy's bottle drips onto Crocodile's arm, Luffy suddenly grabs Crocodile's arm and breaks it, despite being half dead. Crocodile is surprised that Luffy is still alive and throws him into the quicksand and Luffy falls deeper and deeper into it.

In Rainbase, Smoker tells Tashigi to go straight to Alubarna by herself and do whatever she feels is her own justice there. Smoker tells her to watch closely how this place will end up, whether it gets destroyed or not, and drives away.

Meanwhile in the desert, rebels ride on horses toward Alubarna. Koza tells Cobra to wait and see how they will destroy Arabasta.

In the royal palace, the soldiers also get ready for battle, and the citizens run away for safety.

Mr. 4 and Miss Merry Christmas are seen with a bloody and captured Cobra somewhere, and while the pair chatter, Cobra tells everyone to stop destroying themselves in his mind.

People who hate the fight, people who fight, people who create the fight, people who stop the fight, they all come to Alubarna to clash.

Back in the quicksand, Luffy's head pops out, and he yells out that he's hungry.",
180,Animal Theater: Nami and a trio of tanuki pan for gold in a stream.,"Luffy thinks back to the final words Crocodile spoke before he was thrown in the quicksand, and tries to escape, but the sands start to drag him down again. Luckily, he is pulled up by Ms. All-Sunday's Hana Hana powers.

After Luffy thanks her for saving him, she asks him why those with D. in their names fight on. As he is clueless, she drops the subject, but the sudden appearance of Pell catches her attention. Ignoring his threats, she suggests that he aids Luffy and tells him that Vivi is going towards Alubarna, before riding off on a F-Wani. Then, Luffy grabs Pell and proclaims that he is hungry.

Meanwhile, in Nanohana, it is finally revealed that Igaram survived back in Whisky Peak, and that he has to hurry in order to stop the civil war. As the rebels ride towards Alubarna, the sandstorm that Crocodile created has reached Yuba. Before it hits the city, Toto yells at it, saying that it can never break Yuba down.

Meanwhile, Usopp is shocked to learn that Hasami cannot cross the Sandora river, as his breed of crabs cannot travel in water. Luckily, Chopper remembers that Hasami is fond of female dancers, which Nami is dressed as. So, to motivate Hasami (much to the joy of Sanji and Matsuge), Nami reveals her dancer's outfit. This makes sure that Hasami enters a whole new level of speed which seems to be enough to traverse the river, but sadly, it is not enough.

Leaving Hasami behind, the crew is forced to traverse by foot, which will take at least one day. To make matters worse, they encounter a Sandora catfish, which attempts to eat the lot of them. Luckily, they are saved by the Kung Fu Dugongs. Apparently, they did so because since they are Luffy's subordinates (as he defeated them some chapters ago), and presumed that the Straw-Hats were so as well. This allows the Straw-Hats to traverse the rest of the river riding on the knocked-out catfish while the Dugong's drag it across.

When they reach the other side of the river, they are saddened by the fact that without Hasami, it will be impossible to get to Alubarna in time, even with Matsuge (who can only carry two persons, preferably female). However, they are saved by the timely appearance of Karoo and the Super Spot-Billed Duck Troops.

At the western gate of Alubarna, the remaining Baroque Works agents are discussing the force they are dealing with, considering that the Straw-Hats managed to defeat six of their agents, not including Miss Wednesday. However, they all agree on the fact that the only thing that really matters is that Vivi must be eliminated.",
181,"Animal Theater: While waiting for the bus, Sanji and a bear play old-maid.
(The ""Hitode"" on the bear's shirt means starfish (人手?), possibly foreshadowing the fashion-designer Pappag.)","The battle between the rebels and royal guards is about to begin with each side getting ready to fight one another as the rebels are just 30 minutes away from Alubarna on horseback. Chaka instructs the royal guards not to let any of the rebels enter the city, ordering them to protect all the gates in every direction.

Outside Alubarna, the Baroque Works' agents are waiting for Vivi, as they are ordered to kill her so that she would not be able to interpose on Crocodile's plan. Suddenly, Mr. 4 spots 6 members of the Super Spot-Billed Duck Troops approaching them, each carrying members of the Straw Hat Pirates. Miss Merry Christmas wonders why there are 6 of them, as they only have information on 4 pirates (Luffy, Zoro, Nami, Usopp). Miss Doublefinger points out that they have another member named Mr. Prince, and with Vivi, the number is accurate. Mr. 1 reminds them that the number does not matter, as they are only after Vivi. The agents are trying to pinpoint which of the ducks are carrying Vivi, however they cannot figure this out, due to each person wearing the same cloaks. At the same time, Mr. 2 notices that the rebels have almost reached the city, they have to do something quick so that Vivi does not meet up with Koza.

Mr. 4 fires an exploding baseball at the Straw Hats but his bomb are ineffective against the ducks' speed, who start to split into small groups of 2. Mr. 4 and Miss Merry Christmas chase after the pair who went south. Usopp fires his Flame Star at Mr. 1, who blocks it with his hand while two more ducks head west. Mr. 2 is ran over by two ducks who head southwest. Mr. 1 and Miss Doublefinger chase the pair that went west, and Mr. 2 chased the pair that went southwest. Unfortunately, the agents are deceived, the six ducks who were rode by Zoro and Nami (who are facing Mr. 1 and Miss Doublefinger), Chopper and Sanji (who are facing Mr. 4 and Miss Merry Christmas), Usopp and Matsuge (who are facing Mr. 2) were decoys.

Vivi, who stayed behind and had been hiding alongside Karoo, was waiting for the path to be clear, thanking the others for acting as decoys. With nobody left in their way, Vivi and Karoo can now catch up with the rebels.",
182,"Hatchan's Sea-Floor Stroll, Vol. 1: ""Jailbreak"".
From a Marine ship bound for some unknown place, a six-armed figure leaps overboard, into the endless sea.","With Crocodile's orders to not let Vivi and Koza see each other ringing in the minds of the Baroque Works agents, Koza leads the rebels to Alubarna to battle. The impact of more than two million rebels charging causes the cannonballs in Alubarna's fortifications to shake, and right outside Alubarna stand Vivi and Karoo, with Karoo standing steadfastly by his master despite the possibility of them being trampled. Vivi sees Koza's rebels approaching in the distance, and Koza unsheathes his sword as he orders his troops to head through the South Gate so they can bring down the other gates from the inside. As they draw closer to her, Vivi shouts at the rebels to stop, saying this fight is a setup. This piques Koza's attention, but a blast of cannon fire erupts between him and Vivi. He asks his men if they saw a silhouette in front of them, but they do not care, thinking that the forces in Alubarna have already started shooting at them. Vivi is bewildered by the cannon shot, and in Alubarna, Chaka shouts at the soldier who fired before being given the order. The soldier apologizes and claims it was an accident, but in reality is an undercover Baroque Works agent who intentionally did it.

The rebels continue charging undeterred through the sand cloud created by the blast, and Vivi continues shouting in desperation. Koza seems to hear her, but decides that it is just his imagination as he charges right beside Vivi without seeing her. Vivi is shocked to see Koza going past her, and turns around and continues calling out to him, only to be struck by the thousands of oncoming soldiers riding on their camels, and Karoo desperately tries to save her. The rebels draw closer to Alubarna, and Chaka gives the order to fire the cannons as the royal infantry comes out to meet the rebels in battle. Meanwhile, Vivi nurses her wounds, having been saved from being trampled by Karoo, who took the brunt of the damage. Vivi is depressed by their failure, but knows there is still a chance to stop the battle so long as she can get to the site of the current clash, reminding herself of learning from the Straw Hat Pirates to never give up. Suddenly, Usopp comes to Vivi on horseback, telling her to get on. However, right at this moment, the real Usopp is with Matsuge in Alubarna, sheepishly telling Sanji after their ducks had come to him for help that Mr. 2 Bon Kurei defeated them in two seconds. With Mr. 2 nowhere in sight, Sanji realizes that Vivi must be in trouble, and outside Alubarna, the fake Usopp tells Vivi to leave Karoo behind so they can get going. Vivi is bewildered that Usopp did not refer to Karoo by his name, remembering the camaraderie the two had shown before. She then tells Usopp to prove himself, and he shows the cloth on his left arm. However, Vivi immediately knows that he is an impostor, and Karoo picks her up and runs away as fast as possible. Turning back into his real self, Mr. 2 wonders how they knew he was a fake, having heard from Crocodile about the Straw Hats having a cloth on their arms. He then prepares to pursue Vivi and Karoo, saying they will not get away.",
183,"Hatchan's Sea-Floor Stroll, Vol. 2: ""Time To Go Home"".
Free from his captors and (mostly) recovered from his wounds, Hatchan resolves to leave his pirate days behind and roam the seafloors that are his true home.","The chapter begins with a flashback of the Straw Hats deciding on their code mark. Since Zoro came up with the idea of putting an X below some bandages, Sanji became suspicious if Zoro was already switched with the transvestite guy. Zoro yells at Sanji that he will cut him to pieces, which assures everyone that it is the real Zoro.

Back in the current time, a half-dead Karoo runs away from Bon Kurei with Vivi on his back. Karoo runs so quickly that he miraculously runs up a vertical cliff to their shock, but just when they reach the top, Karoo loses footing. As Bon Kurei laughs at Karoo, waiting for them to fall, Karoo flaps his wings and flies to the top of the cliff, much to Bon Kurei's shock. When Vivi compliments Karoo and says Bon Kurei will not be able to chase them anymore, she looks down to see Mr. 2 dashing up the cliff yelling there is nothing an okama cannot do, much to their horror.

Vivi asks Karoo if he can get past the battlefield in front of them, and Karoo starts running into the battlefield. As they run from Mr. 2, a passing bullet hits Karoo and Karoo falls to the ground painfully. Vivi cries, asking Karoo if he is ok, and Karoo tells Vivi to go quickly. As Mr. 2 approaches the two, the Super Spot Billed Duck Troops come to the rescue, head-butting Bon Kurei.

Sanji appears, telling the ducks they can go now, and Vivi tells them that she is ok. Vivi tells them to take care of Karoo instead, and Sanji tells her to go, which she nods to. As Vivi runs away, Mr. 2 is enraged and attacks Sanji, telling him to die. Sanji guards by kicking at Mr. 2's leg, telling him to give his sniper's goggles back. Sanji tells Mr. 2 that he is not as weak as the other guys, and Mr. 2 asks Sanji if he is the ""Mr. Prince"" everyone was talking about. Sanji's glasses fall off and he states that he's not; he's the first-rating cook of the sea, Sanji. Bon Kurei says that he's a first rating okama of the sea himself, and tells Sanji that cooks shouldn't be fighting with dark organizations. Sanji says that he's a cook and a pirate, so that goes for Mr. 2 as well. Mr. 2 agrees, and Sanji tells him to leave the country alone.

Meanwhile in the southeast gate of Alubarna, Usopp finds a wounded Chopper and asks if he is okay. Chopper says he is, and tells Usopp to watch out since the enemy is still here. A pillar falls by itself and Usopp is confused, as there was nobody near it. Chopper tells Usopp that they are underground, explaining that Miss Merry Christmas is a Devil Fruit user of the ""Mogu Mogu no Mi"", and Mr. 4, her partner, is a ""fourth batter"" with a dog. Usopp is even more confused at this. Then there is a bark and a baseball comes flying at them. Chopper tells Usopp to get out of its way, and someone hits the ball with a bat. The ball ticks as it gets closer, and right when it's in front of Usopp's nose, it explodes.",
184,"Hatchan's Sea-Floor Stroll, Vol. 3: ""Hatchan Saves a Panda Shark"".
Hatchan encounters a Panda Shark, and helps remove the fish-hook lodged in its snout.","At the southeast gate of Alubarna, Usopp and Chopper recover from the explosion caused by Mr. 4's dog, although Usopp still struggles to comprehend any of it. They then see the dog, Lassoo, and Usopp is appalled at its appearance as it has several gun features on its body. Lassoo sneezes out another exploding baseball, and the two pirates dodge it, but Mr. 4 hits it right toward Usopp with his bat. Usopp ducks under the ball, but it explodes right over him. Chopper holds the dazed Usopp as he notes that the balls are time bombs, and are too much for him to catch due to being heavy as cannonballs, which makes Mr. 4's power to hit them inhuman. Mr. 4 sets down his bat against the wall, but its weight causes it to fall through the wall, making Usopp bewildered at Mr. 4's strength.

Miss Merry Christmas then arrives and berates Mr. 4 for not killing Usopp and Chopper yet, and the two pirates are frightened to see her again. Usopp leaves the fighting to Chopper while he tries to succumb to his injuries, causing Chopper to get angry, and Usopp wonders how he can deal with a bizarre creature like Lassoo. Miss Merry Christmas then reveals that Lassoo is a gun that ""ate"" the Inu Inu no Mi, Model: Dachshund thanks to special technology allowing inanimate objects to gain Devil Fruit powers. Usopp expresses his disbelief, but Miss Merry Christmas says that it does not matter since him and Chopper are about to die. She tells the two that their territory is named Molehill 4th St. as she partially transforms into a mole, although Usopp thinks that she more resembles a penguin. Miss Merry Christmas burrows into the ground, and Usopp takes the opportunity to escape, but Chopper tells him to look out as Lassoo emerges from the ground and fires a baseball bomb at him.

The ball suddenly curves away from Usopp at the last second, and Mr. 4 hits it high into the air. Usopp mocks Mr. 4's bad hit as the ball lands a ways away from him, but the ball suddenly begins rolling toward his back. Miss Merry Christmas says that Mr. 4 is not an ordinary cleanup hitter as Chopper enters Walk Point and saves Usopp from the blast. Miss Merry Christmas notes that Chopper is a Zoan like her as Lassoo fires more baseball bombs at the two pirates, which they attempt to dodge by remaining in constant motion. Chopper attempts to get rid of Mr. 4 by hurling a baseball back at him, but Miss Merry Christmas grabs him by the ankle as Mr. 4 hits the ball back at Chopper. However, Chopper enters his normal hybrid form, causing the ball to fly over him as he attacks Miss Merry Christmas and Mr. 4. However, the two agents disappear into the mole tunnels as Chopper reflects that using the Rumble Ball would take too much time with them. Mr. 4 and Miss Merry Christmas emerge behind Chopper and start looking for him as Chopper wonders where Usopp is; however, Usopp emerges from the mole tunnel and hits Mr. 4 with a five-ton hammer. Miss Merry Christmas wonders how he is strong enough to wield that, and Usopp tells her that people call him the Lord of Destruction, introducing himself as Captain Usopp.",
185,"Hatchan's Sea-Floor Stroll, Vol. 4: ""Hatchan Gets Meat As Thanks"".
The grateful Panda Shark leads Hatchan back to its den—stuffed with all sorts of items from the human world—and gifts him a shank of meat.","Usopp is hitting Mr. 4 and Miss Merry Christmas with a fake 5 ton hammer which is actually a paper mache hammer weighing approximately 4.4 lbs. Mr.4 easily (but slowly) recovers from being hit by the hammer after Usopp hits him. Usopp then charges Miss Merry Christmas with the hammer and attempts to hit her. Miss Merry Christmas burrows in and out of holes to dodge the hammer very similar to the arcade game ""Whack a Mole"". Usopp then stops to catch his breath, also telling tall tales to Miss Merry Christmas about how great he is, though Chopper full heartedly believes him and is amazed. Miss Merry Christmas grows tired of the game, and claws her way to Usopp, and then violently claws him across the face knocking him backwards. She then yells at Lassoo to take out the reindeer-man. Lassoo fires a gigantic amount of balls, which Mr. 4 hits at Chopper, causing another explosion. Miss Merry Christmas then begins to chase Usopp. Usopp notices there are short walls around which he decides to run over, hoping that Miss Merry Christmas will run directly into the wall. Miss Merry Christmas does run into the wall, but instead of getting injured, she easily takes out the wall. She then grabs Usopp and starts dragging him, bashing him through the walls too. After a while, Chopper finally figures out that their weakness is that all the tunnels Miss Merry Christmas dug are connected. Chopper takes advantage of this by pointing Lassoo's head into a tunnel, causing him to fire repeatedly. Usopp and Chopper then bolt out of the scene, and since all the tunnels are connected, the balls Lassoo fired into them cause a mass explosion all around the tunnels.",
186,"Color Spread: Zoro, Luffy, and Usopp explore a strange land of gears and clockwork (the latter two riding a hippo fitted with tank treads).","Usopp, beaten on the ground, hopes to himself that Mr. 4 and Miss Merry Christmas would not get back up after their attack is successful. Chopper notices that Mr. 4 is still standing, commenting to himself that he only has a minute and a half left after eating a Rumble Ball. Usopp then begins to flee, yelling out that the pair are monsters that can't be beaten. While Chopper yells to Usopp he can't run away from them, Miss Merry Christmas confirms this, grabbing Usopp's legs from underground. Miss Merry Christmas then comments that if a captain is weak then so is his crewmates, prompting Usopp to ask her what about Luffy. Miss Merry Christmas tells them that Luffy has been killed by Mr. 0 and that the rebellion has started, much to the shock of Usopp and Chopper.

Usopp denies this, yelling at Miss Merry Christmas that Luffy is going to be Pirate King and he wouldn't lose to a ""filthy sand gator"". Miss Merry Christmas begins to laugh at the idea of Luffy being Pirate King, which enrages Usopp. Usopp then yells out to Chopper, as Miss Merry Christmas drags Usopp's legs and drives him through a wall with her Mogu Mogu Impact attack, also telling Mr. 4 to get his 4-ton bat ready. The pair attack Usopp with Mogurazuka Yonban Kousaten, severely injuring him and knocking him several meters back. However, much to the shock of Miss Merry Christmas, Usopp is still standing, continuing to explain to Chopper that there are times when a man comes to fight, even if there are seemingly no chances of winning, which is when their friends' dreams are being laughed at.

Miss Merry Christmas proceeds to grab Usopp's legs again, driving him towards Mr. 4. As Chopper reveals a new form, Horn Point, Usopp tells Chopper to get behind him as he fires a Smoke Star at Mr. 4. Slipping out of his shoes to escape from Miss Merry Christmas' grip, Usopp tells Chopper to ensnare Miss Merry Christmas into his horns, which Chopper does, running towards Mr. 4. Thinking Miss Merry Christmas is Usopp, and still blinded by the smoke, Mr. 4 uses his 4-ton bat to knock Miss Merry Christmas back, much to his surprise. During the confusion, Usopp uses Chopper's horns and a rubber band as a slingshot to fire his hammer at Mr. 4, using Hissatsu Uso-Cho Hammer Suisei, knocking out Mr. 4 and Lassoo and winning the battle.

Victorious, Usopp collapses, and Chopper panics and asks if there is a doctor around, only for Usopp to proclaim that it's him.",
187,"Hatchan's Sea-Floor Stroll, Vol. 5: ""Hatchan Meets a Hungry Man"".
Hatchan surfaces near a tiny island and, finding a starving castaway trapped on it, hands off his meat.","Koza continues to press forward into the battle, prompting a member of the rebel army to ask if he is still injured from Nanohana. Koza berates him saying that it doesn't matter anymore, as they are in a battlefield. Koza comments that he needs a horse so he can enter the plaza in the north to demand Cobra's surrender, but he is shot down as it is revealed that the royal army's main regiment is waiting there, along with Chaka and Pell. Vivi is seen running when several royal army members tell her to halt, asking if she is a rebel. Vivi asks them to take her to Chaka, and the royal army members comply, recognizing that she is Princess Vivi.

In the South Block of Alubarna, Sanji is seen exchanging a blow with Mr. 2, knocking each other back into buildings. Mr. 2 wonders how Sanji can stand up to his Okama Kenpo, as Sanji tells him he's gonna have to get through him if he wants to move forward. As Mr. 2 attacks Sanji with Okama Kempo techniques, Sanji comments that he has to beat him with one strike and uses a number of his kicks, only for them to be blocked by Mr. 2. Sanji uses his Mouton Shot at the same time Mr. 2 uses his Hakucho Arabesque, sending each other crashing into buildings. Mr. 2 then warns Sanji about the dangers of his Mane Mane no Mi, using the Mane Mane Montage. However, Sanji doesn't buy it, pointing out that he is still using his own face, just with Usopp's nose.

Mr. 2 then decides to transform into Usopp completely, however Sanji still kicks him in the face. Sanji, while Mr. 2 tearfully asks why he would willingly attack his friend's face, points out that he is still him, and he (Sanji) wouldn't fall for such a petty trick, proclaiming that people are made of heart. Mr. 2 says he understands, transforming into Nami, while realizing that even that would not matter, but not before he notices Sanji showing infatuation towards Nami. Testing this out, Mr. 2 transforms into Nami and notices Sanji makes a love face when he does, while Mr. 2 calls him a fool and transforms into her to fight.

At the palace of Alubarna, Vivi asks Chaka to destroy the palace, much to his shock. Vivi explains that Arabasta is a country for the people, and the destruction of the palace would distract the two opposing parties long enough for Vivi to explain everything to them.",
188,"Hatchan's Sea-Floor Stroll, Vol. 6: ""Hatchan gets a ring as thanks"".
Now recovered enough to fish for himself, the castaway gives Hatchan a ring as a parting gift.","Members of the royal army are surprised that Princess Vivi requested to destroy the palace, that has a 4,000 year old history. Chaka, hesitating at first, ordered everyone to follow the princess's every demand, bowing down to Vivi.

Back at the South Block, Mr. 2, possessing Nami's face, presses down on a beaten and grounded Sanji, telling him he's not as strong as he says he is. Sanji comments to himself that even though he looks different, he's still an okama on the inside, and tells Mr. 2 not to get cocky, but becomes infatuated again when he looks at Nami's face. Mr. 2 proceeds to take off his clothes, saying this country is too hot, prompting Sanji to ask if he (""she"") needs help, but he is knocked back by Mr. 2's Okama Kenpo. Every time Sanji prepares to attack, Mr. 2 changes his face back to Nami's to prevent him. After attacking Sanji with his Mascara Boomerang, Mr. 2 prepares to finish Sanji off, only for Sanji to notice he has his original face and kicks him away. Sanji points out the weakness of Mr. 2's Mane Mane no Mi powers, explaining that he cannot use Okama Kempo while impersonating Nami, and he changes back to normal by touching his face with his left hand.

Mr. 2, dismissing this, attacks Sanji with his Prima attack, which Sanji barely dodges, but not before noticing the attack left a clean hole in a building's wall. Sanji, deducing a weakness of the attack, dodges and proceeds to counterattack, prompting Mr. 2 to change into Nami again. Sanji tells Mr. 2 that there is something on his left cheek, prompting Mr. 2 to touch his face with his left hand, changing him back to normal. Sanji then uses Veau Shot on him.",
189,"Hatchan's Sea-Floor Stroll, Vol. 7: ""The Goldfish Princess Who Lost Her Ring"".
Hatchan finds himself in the Goldfish Empire, whose teary princess just happens to recognize the ring in his hand.","Attacking Mr. 2 with a fierce kick, Sanji begins to barrage him with kicks, while Mr. 2 lands some attacks of his own. The two manages to attack with simultaneous finishing blows, with Sanji falling to his knees and Mr. 2 being knocked into a building, losing the fight and declaring Sanji as the winner. While Sanji comments that if Mr. 2 changes into Nami, he cannot kill him, Mr. 2 dismisses this, saying he cannot move, and that Baroque Works will probably terminate him anyway for losing. Sanji extends his hand, saying it was a good fight, with Mr. 2 grabbing it, crying to himself that this is the friendship of fighting. Sanji walks away after taking back Usopp's goggles, while an injured Mr. 2 notes that Sanji finished him off anyway.

Back at the palace, Chaka orders the soldiers to load a lot of gunpowder so the palace can be destroyed. He hesitates, but is consoled by Vivi, telling him that it is because of him that a difference can be made. She then apologizes for leaving the country so suddenly, also pointing out that there can be no peace in this country as long as ""that man"" is still alive. She then grows worried about the other Straw Hat Pirates, but remembers Zoro's words to go on and continue living no matter what may happen to them. Chaka then compliments Vivi for developing an independent personality, and shares her promise to Luffy to give the Straw Hats a huge feast when this battle is over. Crocodile then appears at the palace, pointing out that Vivi managed to cause a lot of trouble.

At the Northern area of Alubarna, Zoro shows concern for Nami, as she ran away even though Zoro told her to hide. Zoro, running off to look for her, heads off in another direction as a panicking Nami is trying to run from a pursuing Mr. 1 and Miss Doublefinger. While Nami violently asks where the stupid swordsman went, Mr. 1 and Miss Doublefinger continue with their calm pursuit, exclaiming that as pro assassins, it is common practice to target the weakest first.",
190,"Hatchan's Sea-Floor Stroll, Vol. 8: ""Hatchan Gets A Golden Trident In Thanks"".
Having single-handedly saved the Goldfish Princess' wedding by finding her ring, Hatchan leaves the Goldfish Empire with a new gift: a beautiful trident.","Nami grows tired of running and says to herself that she must fight Mr. 1 and Miss Doublefinger, but continues running, disagreeing with herself. Growing tired of playing cat-and-mouse, Mr. 1 lunges towards Nami, who is saved at the last minute by Zoro. Zoro immediately notices that Mr. 1's attack split a building behind them, and after a further attack, Zoro notes that Mr. 1's body is not normal. Mr. 1, explaining that he ate the Supa Supa no Mi and became a human blade, identifies Zoro as the one who defeated 100 bounty hunters at Whisky Peak. Miss Doublefinger also points out that Zoro was invited to be a part of Baroque Works a couple years back by Mr. 7, but Zoro also points out that he refused, because he only wanted to join if he could be the boss. Mr. 7, wanting to recruit Zoro by force, attacked him, which prompted Zoro to kill him. Zoro also points out that even if he was invited again, he would decline even if he could be the boss, now knowing how they operate.

As Zoro begins his battle with Mr. 1, Miss Doublefinger decides to go after Nami, who has already fled from the scene. Nami, in a secluded location, has a flashback when she asks Usopp to make her a modified weapon so she could be useful in a fight for Vivi's sake. Commenting that Alubarna isn't far away, Usopp says he will create a weapon for Nami, which prompts her to hug him out of joy, however he still required proper funds and materials. Nami promises to herself that she will stop running and start fighting, now that she has a weapon.

As she says this, she is suddenly stabbed in her shoulder through the wall she is hiding behind, the attacker revealed to be Miss Doublefinger, who has eaten the Toge Toge no Mi and became a spike human. Nami prepares to fight her, equipping her Clima-Tact, and claiming that it can manipulate the weather, much to the shock of Miss Doublefinger. Nami prepares to use an attack, only for doves to fly out of her staff instead. Angry, Nami curses Usopp under her breath. Saying that she has to believe in her friends, Nami reads the instructions and prepares for another attack, only for flowers to come out of her staff. As Nami slams her Clima-Tact to the ground, Miss Doublefinger shows sarcastic sympathy for her.",
191,"Hatchan's Sea-Floor Stroll, Vol. 9: ""The Sea King Pursuing the Sea-Boar"".
Venturing to a darker part of the seafloor, Hatchan finds a Sea Boar desperately fleeing the jaws of a Sea King.","Miss Doublefinger uses her Double Stinger attack on Nami, who is desperately trying to escape from her. Miss Doublefinger tells Nami that it's pointless, and that she should allow her to grant her a slow and painless death, unless Nami wants to continue with her ""magic show"". Resolving to keep trying her attacks to find one that actually works, Nami puts her bo-staff into a Y-shape and tries to use ""Thunder Tempo"", but a boxing glove appears out of it, which Miss Doublefinger easily smacks aside and cuts Nami on her cheek. Nami, thinking in her head that if she dies she will curse Usopp for creating a useless weapon, tries going through the instructions again, only to notice something. Miss Doublefinger is then seen standing upside down under a platform, using her spikes, and chases Nami into a building with her Stinger Hedgehog attack. Nami then intelligently uses her cloth to direct the pursuing Miss Doublefinger elsewhere while she escapes, prompting the Baroque Works agent to praise her, realizing she's not a complete novice at fighting.

Hiding behind a pile of crates, Nami goes over the instructions again, to find that the list of ""attacks"" she were using were only for parties and entertainment, and for the attacks effective in battle, she should flip to the other side. When Miss Doublefinger begins to look for Nami, Nami confronts her, proclaiming she should not be treated like a little girl. The basic directions of the combat-type of the Clima-Tact are shown, with each piece of the bo-staff able to shoot out special bubbles, the Heat Ball (for heating), Cool Ball (for cooling), and the Thunder Ball (for a small electrical shock). As Nami runs to escape Miss Doublefinger's Sewing Stinger, she tries to find something to effectively use. Miss Doublefinger catches up to Nami, piercing her in the leg. Before she can finish off Nami, Nami desperately throws her staff at Miss Doublefinger, using Cyclone Tempo, which, to the shock of both, creates a strong gust of wind that knocks Miss Doublefinger back into a pile of crates, while it flings itself back into Nami's hand. Nami figures out the basis of the attack, using Heat and Cool balls to create a strong air current, praising Usopp for creating an amazing weapon that he apparently doesn't seem to understand, calling the attack a party trick. Reading on, Nami finds the ultimate attack of the Clima-Tact, the Tornado Tempo, which any human could not get back up from, however Usopp explains that it is a hit-or-miss last resort technique. Back up, Miss Doublefinger stabs Nami through the head and chest, telling her not to look away while fighting.

To Miss Doublefinger's surprise, Nami ""disappeared"" and re-appeared right next to her, creating the Mirage Tempo with Cool Balls. Claiming she now fully understands the Clima-Tact, Nami shouts at Miss Doublefinger to surrender while she still can.",
192,"Hatchan's Sea-Floor Stroll, Vol. 10: ""Hatchan Saves the Sea Boar"".
Hatchan—possibly reminded of Momoo—interrupts the circle of life and slays the Sea King with his new trident.","Back at the south gate of Alubarna, Sanji meets up with Usopp and Chopper, returning Usopp's goggles back to him. Usopp thanks Sanji, but later gets back with him when he realizes they're broken, telling him they were the latest and expensive model from North Blue. Sanji notices the commotion the rebel army is causing, telling Usopp and Chopper to hurry to the palace so they could somehow assist Vivi. Back at the palace, members of the royal army realize that Crocodile is at the palace, making their way there to defend Vivi. However, Miss All-Sunday uses her powers to use Dieciseis Fleur, sprouting a number of hands outside the palace gate to prevent the royal army members from entering. Having defeated more members of the royal army, along with Vivi's father, the king, Crocodile sarcastically thanks Vivi for sacrificing her life, along with her pirate friends. Vivi asks Crocodile where Luffy is, and Crocodile replies to her that he is dead, however Vivi does not believe him. Crocodile comments that he has no intention of sparing Vivi or her father, saying that when a palace falls, the royal family should fall along with it. Crocodile asks Cobra where Pluton is, much to the shock of the royal king, wondering how Crocodile knows that name.

Meanwhile, Nami is still fighting with Miss Doublefinger, as the Baroque Works agent corners her against a wall. Telling Nami that she is playing around with a toy, Miss Doublefinger says that true weapons are made solely for the purpose of terminating Life as Nami escapes her attack. Nami tries to think of a way to create an opening so her ultimate attack would not miss, as Miss Doublefinger comments that a wool sweater could produce more electricity than her Thunder Ball. Nami, wishing to create more moisture in the air, tries to use a ""Rain Tempo"" attack, but she only manages to create small fountains. Wishing to end the fight, Miss Doublefinger attacks Nami with Sea Urchin Stinger, while Nami dodges, shooting out many Cool Balls. Nami then shoots out many Heat Balls, having some kind of plan in mind.

Miss Doublefinger then attacks Nami with Toge Toge Doping. Barely dodging the attack, Nami notices her plan worked, creating a (small) cloud in the air. Wanting to make it grow bigger, Nami shoots out even more Heat Balls and Cool Balls, and then one Thunder Ball at the cloud, creating the Thunderbolt Tempo, electrocuting Miss Doublefinger and severely injuring her. Enraged, Miss Doublefinger attacks Nami, however it is another mirage, and Nami tells Miss Doublefinger to watch out for tornadoes.",
193,"Hatchan's Sea-Floor Stroll, Vol. 11: ""From Inside the Sea Boar's Mouth...""
Hatchan watches, puzzled, as the Sea Boar struggles with something inside its own mouth.","Remembering Usopp's words, Nami begins to unleash her ultimate attack, but Miss Doublefinger points out Nami's leg injury, also attacking her with Sea Urchin Sting, but Nami barely blocks the attack, further injuring her leg. Nami comments that the amount of pain she is suffering is nothing compared to the amount of pain Vivi is going through. Nami finally unleashes her Tornado Tempo, but two plastic doves attached to wire come out of the Clima-Tact, much to Nami's shock and disappointment, thinking it was another toy. However, the doves and the wires attach to Miss Doublefinger and become tangled, spinning her at a rapid rate and forcing her many meters back with great force, knocking her through a building. The force also knocks Nami to the ground. With Miss Doublefinger defeated, Nami emerges as the victor.

Back at the palace of Alubarna, Crocodile explains that the ancient weapon of Pluton is strong enough to destroy an entire island without a trace, and its location is somewhere in the kingdom. With this weapon, Crocodile can establish the world's leading military power. While Vivi wonders if such a weapon is really in this country, Crocodile reveals his plan to bring all pirates under his rule and even surpass the government itself. Cobra questions why he knows that name, and he also questions if such a weapon is even located in this country. While Crocodile expected as much, he also mentions how the bulk of the royal army are in the city square, where there will be a massive explosion in 30 minutes: he has hidden a bomb with a blast diameter of 5 km. Calculating that the rebel army will make their way through by then, Crocodile sarcastically tells Vivi that her wish of stopping the conflict will come true, as both the rebel and royal army will be blown up. An enraged Vivi asks Crocodile just what her people have done to him, while Crocodile asks Cobra where the poneglyph is located. Cobra, having lost hope, agreed to guide Crocodile to it, but Chaka angrily tells Vivi he can no longer hold back his fury.

Meanwhile, in northern Alubarna, Zoro is in a heated battle with Mr. 1. Equipping his third sword, Zoro attacks with Santoryu: Ushi Bari, but Mr. 1 uses Spider to harden his body, emerging from the attack unscathed. Zoro deduces that Mr. 1's body is as hard as steel, and if Zoro cannot learn to cut through steel, then he cannot deal any damage. Zoro, removing his cloth, tells Mr. 1 he is unlucky, as he has been waiting for a chance to ""ascend to the next level"", and also mentions when he (Zoro) is done with him, he will be a man who can even cut through steel.",
194,"Color Cover: ""No Brakes.""
The Straw Hat Pirates all surf a monstrous wave: Luffy on a shortboard (with ankle leash), Sanji and Chopper on a traditional longboard, and Zoro, Nami, and Usopp atop the Going Merry.","On the streets of Alubarna, Mr. 1 tells Roronoa Zoro that since he acquired the Supa Supa no Mi, not a single swordsman has been able to harm even a single strand of his hair, and that Zoro cannot win. Zoro responds by saying that he was just giving him some things to take into consideration, and that while he does not know who he fought before, he will change that fact. Mr. 1 charges, saying that Zoro only has a big mouth. Zoro, calling him bald, blocks his leg slash with two of his swords. Both of them wonder how long their opponent can last, and Mr. 1 spins around, turns his hands into blades, and strikes at Zoro. Zoro successfully deflects a series of blows, and dodges a leg slash aimed at his head. Placing his third sword in his mouth, Zoro attacks Mr. 1 with Oni Giri, followed with Tora Gari, knocking Mr. 1 to the ground. However, the assassin simply stands up, having taken no damage whatsoever, and asks Zoro what he told him earlier. Zoro is surprised to see that there is not a scratch on him, and that he has not met anyone who took his attacks and could still stand. Mr. 1 says that this is because before this moment, Zoro had never met him.

Mr. 1 continues with a bladed kick that Zoro barely dodges. Zoro states that he gets it, and blocks the bladed underside of his leg with his sword. Zoro realizes that with Mr. 1's powers, he is able to make a blade anywhere on his body, essentially creating a body full of blades. Mr. 1 kicks at his head, but Zoro ducks and rolls to the side, dodging. Mr. 1 continues, attacking Zoro with his Sparkling Daisy attack, slicing open the building behind Zoro and sending him flying into the rubble. Lying bleeding under the rubble, Zoro says that he will have to train himself further, as that was too close to death. Wondering what he is lacking, Zoro remembers a conversation he had with his sword mentor, Koushirou. Zoro had asked if there were swordsmen could cut through steel, and after not cutting a piece of paper, Koushirou tells Zoro that a true sword protects what the swordsman wants it to protect and only cuts what he wants it to cut. Back to real time, Mr. 1 tells Zoro that Zoro has not cut him yet, and that he is waiting to be slashed. Zoro, telling Mr. 1 not to underestimate him, lifts a huge section of the building and throws it in the air at Mr. 1, saying that when he learns how to cut steel, it will be Mr. 1's end. Mr. 1 simply states that anything that comes towards him, he will simply destroy it.",
195,"Hatchan's Sea-Floor Stroll, Vol. 12: ""Camie the Mermaid and Pappag the Starfish"".
Hatchan is shocked to see a young mermaid and a starfish—evidently the Sea Boar's would-be meal—bursting free.","Starting off from where Zoro had thrown a building at Mr. 1, the swordsman is frustrated over his inability to understand his old master's words concerning a swordsman's ability to cut steel or not. Stubbornly, Zoro continues to believe that his method of pushing with all his strength is the key to cutting steel.

As Mr. 1 destroys the thrown building with Atomic Spar, Zoro leaps forward through the debris and meets Mr. 1 head on. Beginning with a series of quick strikes, the swordsman spins around and strikes the assassin's jaw. Returning with a kick, Mr. 1's attack is parried by Zoro who again moves to land a blow on his opponent's jaw and sending him backwards. A third blow to the head, Zoro lands his Three Sword Style: Gazami Dori technique which throws the assassin into the air.

Completely unharmed, each fighter comments on the other's tenacity. Mr. 1 then gives Zoro a warning, and that is to not think of him as a swordsman but as a proper assassin. Creating circular blades that run down his forearms and begin to spin at high speeds, the two clash again with sparks being created from the spinning blades striking Zoro's swords. Landing a devastating blow across Zoro's chest, the assassin does not stop as he proceeds to land a direct strike into Zoro's gut which launches the swordsman into a nearby pillar. Not giving up, Zoro attempts to get up again only for Mr. 1 to question his determination. Choosing to end it, the assassin delivers a direct Spar Break to the critically injured swordsman, also cutting apart the support pillar behind the man.

Believing him finished, Mr. 1 begins to walk away as the building above gives way without its support pillar; the debris seemingly falling right on top of Zoro. Against all odds however, the swordsman stands up again despite his grave injuries. Shocked at how he wasn't struck by any of the falling rocks, Zoro mentally responds that he did not dodge them all, but knew that none would hit him. Sensing one of his swords underneath a nearby stone, Zoro retrieves it and begins to notice the 'breathing' of the world around him, cutting a nearby tree branch, however the tree branch remained unscathed.

Finally understanding his old sensei's words; Zoro prepares to meet Mr. 1's final attack with one of his own, an One Sword Style technique. The assassin asks if one sword would be enough before charging ahead with Atomic Spurt, confident in his ability to finally kill Zoro. However using his new technique, One Sword Style Iai: Shishi Sonson, Zoro successfully cuts through Mr. 1's steel body for the first time and defeats the assassin.",
196,"Hatchan's Sea-Floor Stroll, Vol. 13: ""The Would-Be Fish Food's Would-Be Fish Food Saved By Hachi, As A Shadow Draws Near"".
Still puzzled, Hatchan nonetheless accepts the mermaid Camie's (and her starfish friend's) thanks for being rescued. Unnoticed by all three, a figure peeks out from behind a nearby rock.","At the palace of Alubarna, before Chaka could attack Crocodile, a number of mysterious figures appear to interrupt him, revealed to be the Tsumegeri Guards. Having gotten through the palace gates that were blocked by Miss All Sunday, the Tsumegeri Guards prepare to attack, respectfully ignoring Cobra's pleas to not attack Crocodile. Crocodile gives them one chance to retreat, however they ignore him, and Chaka notices strange marks on the Tsumegeri Guards, showing immediate concern. Miss All Sunday offers to fight them, however Crocodile declined. Cobra and Vivi also notice something ""off"" about the Tsumegeri Guards, and they realize they drank the Hero Water, special water that increases their power for a brief period of time, which will later kill them. Desperate to show Crocodile how much Arabasta has suffered, the Tsumegeri Guards attack him, however he evades by turning into sand. Mocking the Tsumegeri Guards, Crocodile sits behind and waits while they suffer from the fatal side effects of drinking the Hero Water.

Chaka, enraged, transforms and goes after Crocodile, who notices that he is a Zoan Devil Fruit eater. Chaka reveals he has eaten the Inu Inu no Mi, Model: Jackal, transforming into a jackal, and attacks Crocodile with Howling Fangs, however the Warlord evades again by turning into sand, commenting that Chaka is also the type to die for others.

Back at the northern area, Mr. 1, defeated by Zoro, expresses surprise that Zoro grew so much in a single fight. Mr. 1 asks if Zoro is going to start cutting through diamond next, and Zoro replies that would be a waste, while Mr. 1 faints. While Zoro wonders how the others are doing, he collapses, having lost too much blood. Sanji reflects back to Usopp complaining over being paired with Matsuge, who is a camel, and tells Usopp he only saves ladies when Usopp demanded Sanji to save them when they are in trouble. Back in real time, Sanji asks why Usopp was crying, and Usopp said that he was told by Miss Merry Christmas that Luffy was dead. Sanji, telling Usopp and Chopper not to believe that, informs them that getting to the palace is their top priority. Nami, managing to untangle the wires around an unconscious Miss Doublefinger from her Clima-Tact, realizes the rebels are reaching farther into the city, and begins to make her way to the palace to rendezvous with the others.

At the palace, Vivi, Cobra, and the royal army are concerned for Chaka, who was effortlessly defeated by Crocodile. While an unknown figure calls out for Vivi, a timer until the bomb explosion is revealed, showing there are 25 minutes left.",
197,"Hatchan's Sea-Floor Stroll, Vol. 14: ""Introducing the Macro Fish-Man Pirates"".
The figure spying on Hatchan reveals itself to be another fish-man, Macro, who heads his own pirate gang.","The mysterious figure calling Vivi's name from the previous chapter is revealed to be Koza, who is shocked to see members of the royal army, including Chaka and Cobra, beaten and immobilized by Crocodile, the ""country's hero"". Crocodile and Miss All Sunday's words and presence make Koza realize the current situation, and asks Vivi who stole Arabasta's rain. Crocodile tells Koza it was him, and also mentions how amusing it was to have Koza, and the royal and rebel armies dancing on the palm of his hand. While Crocodile continues mocking Koza, Cobra tells Koza not to listen to him, and suggests to him to go out and try to prevent anymore needless bloodshed from happening. As Chaka tells Koza that Alubarna will be destroyed in less than half an hour, Koza hurries away from the palace, only to be stopped by Vivi. Vivi shouts at Koza that telling the rebels about the bomb would create too much confusion and the war would not stop and no one will be saved that way, prompting Crocodile to praise Vivi's judgment. While Vivi tells Koza to try and stop the rebellion, Crocodile steps forward, not wanting that to happen, and attacks Koza, however a greatly injured Chaka manages to block the attack. Chaka says that as long as he has breath in him, he will fight, and Crocodile mentions that was what stupidity is. As Chaka offers to hold back Crocodile, Koza has a flashback of training under Chaka as a child.

It is then announced that the rebels are making their way to the northern area and has almost reached the palace. Vivi and Koza yell to the confused royal army members to hold up white flags, signaling their surrender. Koza, wanting to stop the war altogether, also wishes to tell the rebel army that the entire fight was pointless. The rebels appear, only to realize the royal army, including Koza, are waving white flags. Koza attempts to tell the rebels the fight is over, however he is shot from behind by a few royal army members, shown to be Baroque Works members incognito. Thinking the royal army is rebelling, the rebels begin to attack.",
198,"Color Spread: The Straw Hat Pirates stop by a tropical lagoon. Vivi, rising late, finds the others already awake and having fun.","As Koza has been shot by Baroque Works members disguised as royal army members, a member of the royal army confronts them, not knowing they are spies, and demands to know why they shot Koza. Crocodile then creates sand in between the royal army and rebel army, obscuring both sides' eyesight. More royal army members are shot, revealing that Baroque Works members infiltrated both sides to make sure they continue fighting. Ignoring Vivi's and Koza's pleas to stop fighting, the rebel and royal army engage each other yet again. Miss All Sunday praises Vivi's determination, however she comments that Vivi's voice cannot reach them now. Vivi declines Cobra's demand to escape from Crocodile, confronting the Warlord and telling him that she still can save lives if she prevents the explosion 15 minutes from now. Grabbing Vivi's throat, Crocodile mocks her, saying that idealism can only be brought to realize by people with the ability to physically make it happen. Crocodile criticizes Vivi's decision of not telling the rebels about the explosion in 15 minutes, commenting that even though there would be panic, she would at least be able to save a few thousand lives. Crocodile then praises Vivi's hard work the past 2 years by spying on his organization from the inside, however he boldly tells her that she cannot save this country.

As he drops her off the palace wall, a flying figure arrives, much to the shock of Crocodile, who notices Luffy riding on top of the flying figure, having survived the previous confrontation. While Luffy yells out Crocodile's name in anger, Crocodile shows visible annoyance that Luffy has returned, while Vivi is relieved.",
199,"Hatchan's Sea-Floor Stroll, Vol. 15: ""Reunion With Dear Old Friends"".
Despite apprehensions from Camie and Pappag, Hatchan embraces Macro and his gang as long-time comrades.","Luffy and Pell manage to catch Vivi in the air, who was falling to her death. Vivi tearfully tells Luffy that the main regiment soldiers were beaten, the central square will be blown up, and that she cannot save her country, while Luffy comforts her, telling her that her voice reached them just fine. Zoro and Nami, both injured from their fights, are seen running toward the plaza, Zoro carrying Nami despite his more serious injuries. Landing in front of the palace, Pell tells Luffy to be careful, and Luffy replies that he won't lose anymore, after eating a ton of meat and his blood is surging. Usopp, Chopper, Sanji, Zoro and Nami, all noticing that Luffy has returned, all arrive at the front of the palace, while Vivi expresses relief that they are all okay. Nami knocks Usopp to the ground for giving her so much trouble, asking him why would she think she would want a ""toy for parties"". Usopp tells Chopper to bury his body in the wilderness, while Sanji confronts Zoro for letting Nami get injured. Luffy, apologizing to his crew for losing, tells them that it's time to change everything, pulling himself to the palace rooftop to confront Crocodile.

As Crocodile reminds Luffy that he cannot be touched, Luffy manages to land a punch on the Warlord, knocking a surprised Crocodile back while Luffy grabs him and uses Gomu Gomu no Buzzsaw. Cobra is surprised that Luffy could hit Crocodile when so many others couldn't, while Miss All Sunday is shown to be visibly impressed. Crocodile then realizes how Luffy is able to touch him, pointing out that the giant barrel Luffy is carrying on his back is full of water. Luffy recalls that in their first confrontation, he was able to grab Crocodile's arm when it was covered with water, and deduces that due to water being Crocodile's weakness, that is the reason why he stole Arabasta's rain. Squirting more water onto his fists, Luffy prepares to fight, telling Crocodile their fight is only just beginning.",
200,"Hatchan's Sea-Floor Stroll, Vol. 16: ""Surprise Camie!! Mermaid For A Takoyaki Map"".
Old friends before the new: Hatchan immediately trades a horrified Camie to the Macro gang for a treasure map promising legendary takoyaki.","In Alubarna, Usopp is asked to find the shooter that will set off the bomb to blow up the city. Usopp states that since the bomb will produce a five kilometer blast radius, the shooter must be about 2.5 kilometers away. However, Vivi states that the shooters could be very close, as Crocodile would be the kind of person to kill his own comrades. Zoro and Sanji react in surprise, but suddenly notice and knock out a Baroque Works soldier trying to attack Vivi, stunning the group. Looking up, they see a large group of Baroque Works soldiers who say that if they kill Princess Vivi, they will earn a promotion. Sanji asks Zoro how much time he plans on taking, and Zoro states that they have to make every second count. Turning back to the soldiers, they state ""two seconds"" and begin their attack. Chopper, Usopp, Nami, Pell, and Vivi escape, looking to find somewhere safe. With the soldiers taken care of, Zoro and Sanji leave too, as Vivi wonders if they will be able to make it with only ten minutes left.

At the palace, Crocodile asks Luffy if he wants to defeat him, and Luffy answers with a yes. Crocodile says that even though Luffy was in danger, he could still see through his ability, but due to his age, Luffy thinks that with the knowledge, he will be able to defeat Crocodile. Crocodile says that this is wrong, and that he is one of the Seven Warlords of the Sea, prompting Luffy to say he is the eighth god. Nefertari Cobra is surprised to see Luffy, and Miss All Sunday tells him that Luffy is a pirate and that Luffy will be able to live a little longer. Cobra states that Luffy is the one who brought Vivi to Arabasta, and Luffy launches a punch aimed at Crocodile's head. However, Crocodile easily dodges and grabs Luffy's arm, aiming to suck it dry with his powers. Luffy, having forgotten, kicks at Crocodile's head but misses and flies by. He drinks some more water and pours it over his head, saying that Crocodile had said that a Devil Fruit becomes stronger if it is used in different ways. Luffy then punches again, but strums his arm, making it appear as several punches at once, using Gomu Gomu no Shotgun. Crocodile attacks with Desert Spada, destroying part of the palace, but Luffy dodges and punches at Crocodile again.

Crocodile says that Luffy always uses the same technique, but this time, Luffy runs at Crocodile and smacks him in the face, saying that he is totally confident. Crocodile falls, and Luffy tries to soak the Warlord by throwing the whole water barrel at him; however, Crocodile uses Sables to create a sandstorm that nearly blows Luffy away. Luffy barely manages to save the water barrel, and Crocodile laughs at him, saying that Luffy is really getting into the fight. Crocodile continues, saying the fight is no different, because if Luffy loses the water barrel then he is out of tricks. Luffy then states that he is different from last time, and drinks all the water, causing Crocodile to wonder if he is serious. However, he springs a leak, causing Miss All Sunday to laugh and causing Crocodile to wonder if he understands the situation. Crocodile yells at Luffy, asking him if he is joking, but Luffy spits water on him before hitting Crocodile with a Gomu Gomu no Bazooka, saying he is always serious.",
201,"Color Spread: ""(One thing I can tell you is...) YOU GOT TO BE FREE"".
The Straw Hat Pirates prepare for action (save for Nami, who is enjoying a drink from a tray atop a little bulldog's head).","With Luffy turning into Mizu Luffy, he attacks Crocodile with more success this time. Cobra is surprised to see how Luffy could hit and attack Crocodile but Miss All Sunday states that it is not the time for him to appreciate it and that he must hurry and take her to the poneglyph. Cobra asks to what reason does she have to see the poneglyph but Robin answers that it does not matter to him. Crocodile yells out Nico Robin's name to hurry up if she does not want to get dry too, shocking Cobra upon hearing her name.

An enraged Crocodile turns the grass and trees yellow and dries the entire ground, making big cracks. Luffy, nearly falling on one, fires a ""water gun"" attack but Crocodile easily absorbs it with his right hand and states that Water Luffy has not taken away his ability and that his right hand can absorb moisture without limits, thus, turning everything back into sand using Ground Secco while touching the ground.

Meanwhile, Miss All Sunday, taking Cobra as hostage, encounters the Marines with Tashigi leading. Miss All Sunday orders them to get out of her way but the Marines tell her that it is hard to obey that with what happened in Alubarna. Miss All Sunday then retaliates that as long as they are ""government dogs"", she hates them, and that ""if you guys do not get out the way.."" But was interrupted by Tashigi saying they have no meaning to do so. Miss All Sunday states then that she has to kill them but Cobra yells to the Marines that they must stop and not to worry about him, he then reveals to them about the bomb which will go off at 4:30 which is only seven minutes away. Tashigi then assures him that they will save him and stop her but Miss All Sunday attacks the Marines using her powers. A Marine, seeing her Devil Fruit power, realizes that she is Nico Robin, the 8-yr old girl from 20 years ago who sank 6 marine ships and had a bounty of  79,000,000 but suddenly disappeared. An angered Miss All Sunday yells at them if they want to live or die. Tashigi then thinks that because of her ability, even with a difference in number, they still cannot do a thing to her, so she orders a sergeant to get everyone to the palace ground and stop the bomb. With Tashigi alone, she is still overwhelmed by Miss All Sunday, who easily takes Tashigi's Shigure sword and points directly at her throat.

Back at the palace, Luffy is hanging to a rail, while under him is the palace's lawn turned into a desert. Luffy looks for Crocodile, who then suddenly appears before him and grabs his neck. Luffy fires a water gun attack but Crocodile dodges it and completely dehydrates him, stating that Luffy has lost again.",
202,"Hatchan's Sea-Floor Stroll, Vol. 17: ""Search for the Legendary Scrumptious Takoyaki Recipe"".
Hatchan practically flies across the sea, dreaming of untold culinary delights at the end of his new map.","Having defeated Luffy for the second time, Crocodile drops the dehydrated Straw Hat captain, telling him to rest easy as the bomb will explode in 6 minutes. As Crocodile prepares to head to the royal crypt, where the poneglyph is located, the shots of water Luffy fired from earlier fall back down and land on him, re-hydrating him and saving his life. Revitalized, Luffy begins to chase after Crocodile. At the western part of Alubarna, Cobra leads Miss All Sunday down a hidden staircase, which leads to the poneglyph in an underground chamber. Cobra asks Miss All Sunday if she could decipher poneglyphs, and Miss All Sunday replies that she could, which is the reason why Crocodile partnered up with her and avoids killing her. Miss All Sunday asks Cobra if the poneglyph showed the location of Pluton, while Cobra replies that he doesn't know, telling her that it has been the duty of the royal family of Arabasta to protect the poneglyph for generations. They both end up locating the poneglyph deep in the underground chamber.

Back on the surface, Usopp is seen imitating Crocodile, while Zoro hits him, asking him what the hell he is doing. Usopp explains that he is trying to step in Crocodile's shoes to help him figure out where he hid the bomb, while Zoro tells him to shut up and keep searching as they only got 5 minutes left. Nami asks Chopper if he could sniff out the bomb with his nose, while Chopper replies he couldn't, as the entire town smells like gunpowder. Nami suggests that Chopper try to pick out the scent of a bomb aiming to destroy the central square, prompting Chopper to ask her what kind of scent that is. Sanji deduces that due to the bomb's blast diameter of 5 km, the cannon would be very close to the palace square as it would have low accuracy, and begins to kick his way through buildings as he has no time to run around them all. Vivi asks Pell if he could find the bomb on the city rooftops, while Pell says that he couldn't.

Tashigi, grounded and beaten, grabs her sword as she is confronted by Luffy, who asks her which way Crocodile went. Tashigi hesitates, recalling Crocodile confronting her after she was defeated by Miss All Sunday. Crocodile teases her, telling her that the weak cannot upload justice, also telling her to run back to base to discuss justice as much as she wants there. Obviously offended by his words, Tashigi continues to hesitate, but then points the direction he went to, as Luffy hurries towards that direction. Upset, Tashigi bangs her head on the ground, telling herself that the ideals of ""justice"" and ""Marine HQ"" are a joke.

Luffy, running towards the royal crypt, suddenly collapses due to his injuries. Despite having eaten so much meat, Luffy tries to get back up, but realizes he is a bit tired, and suddenly falls unconscious on the ground. Crocodile notices the hidden staircase as Miss All Sunday tries to read the poneglyph. It is revealed that as the Straw Hat Pirates desperately search for the cannon, the bomb will explode in 4 minutes.",
203,"Hatchan's Sea-Floor Stroll, Vol. 18: ""Propose One More Time to Dear, Sweet Octopako"".
Hatchan recalls how a former love rejected him for making inadequate takoyaki—and hopes he can still win her heart.","As Miss All Sunday reads through the poneglyph, she shows frustration that just this is everything this country is hiding. Crocodile then arrives, praising the fact the poneglyph was well hidden. Crocodile tells Miss All Sunday to read the poneglyph aloud, which she does, reading aloud many facts about Arabasta's history. Crocodile interrupts her, telling her he is disinterested in the country's history and he only wants to know where the location of Pluton is. Miss All Sunday tells Crocodile that there is no mention of Pluton on the poneglyph, much to the Warlord's disappointment, however he mentions that he will now dispose of Miss All Sunday, telling her she was more than a capable partner.

Crocodile comments that their 4-year arrangement has ended, as she had led him to the poneglyph as promised, saying she has been an incredibly useful woman whose contributions to Baroque Works are invaluable. As Crocodile tells Miss All Sunday she failed him for not giving him any information on Pluton, he attacks her, which she barely dodges. Miss All Sunday, revealing she was waiting for Crocodile to resort to this, pulls out a container of water from her coat, fully aware of his weakness. Before she could pour the water on Crocodile, he turns into sand and dodges, appearing behind Miss All Sunday and impaling her with his hook. As Miss All Sunday falls to the ground injured, Crocodile tells her he forgives her, stating he never trusted anyone from the beginning.

Crocodile states he is aware that Pluton exists due to Cobra's reaction upon him mentioning the name, realizing he can find it without needing the poneglyphs. There is a rumble in the underground chamber, as Crocodile comments it is too soon for the bomb to explode. Cobra reveals he moved a small pillar to prepare to bring the entire chamber down, wishing to take Crocodile down along with himself. Crocodile, praising his motives, tells him that he can escape due to his Devil Fruit powers, and begins to laugh over the fact that in 3 minutes all his problems will be dealt with and he can take over Arabasta.

Back on the surface, Vivi trips and falls while she desperately runs around to search for the cannon. Ignoring her leg injury, she tries to think of where the bomb would be with 2 minutes left. As Usopp is hit by a stray bullet from a royal army member, he retaliates with his Smoke Star while Vivi manages to figure out where the cannon is located. Usopp, trusting her judgment, fires his Red Snake Star, which appears as a red flare to alert the other Straw Hats to their location. Luffy wakes up, having taken a short nap, and finds the hidden staircase, knowing he is close to Crocodile.",
204,"Hatchan's Sea-Floor Stroll, Vol. 19: ""The Map Marks the Spot of the Great Octopus Mash"".
One bad octopus deserves another: Hatchan finds the ""legendary takoyaki recipe"" leads to a huge, ferocious beast.","Luffy enters the basement and continues to look for Crocodile. He dodges the falling pillars, pointing out that the whole chamber is falling apart. Meanwhile, Vivi assures Usopp that the bomb is in the clock tower. Usopp writes a note for everyone else while Vivi goes ahead of him. Baroque Works find Vivi by Usopp's signal. Zoro, Sanji, Nami, and Chopper head to the signal. Usopp scratches a blackboard with his fingernails, using Usopp Noise, to make a high noise that hurts everyone's ears near him. He then grabs Vivi's hand and runs away, but Baroque Works chase after them.

Luffy finally confronts Crocodile. Crocodile, angry about Luffy still being alive, asks how many times does he have to kill Luffy until he is satisfied. Luffy replies that he had taken something from him, the country. He has flashbacks of Vivi. He goes and kicks Crocodile's face, Crocodile gets up and becomes angry. Luffy screams Crocodile's name and punches him in the face. As Crocodile wonders how Luffy can still touch him even without water, he realizes that Luffy is using the blood on his hands, which is just as effective. Luffy kicks Crocodile in the stomach. Crocodile takes the upper part of his hook to reveal a poisonous hook. Luffy and Crocodile get into fighting positions and start their third and last fight, surrounded by falling rubble.

Meanwhile, the Marines spot Zoro running. As Zoro prepares to fight them, the Marines yell at Zoro that he is going the wrong way, and they tell him to go north to reach the clock tower. More Marines defeat Baroque Works, Vivi tells Usopp to hurry but he is confused. Tashigi is among the Marines and tells Vivi and Usopp that they will protect them and to hurry to stop the explosion from happening.",
205,"Hatchan's Sea-Floor Stroll, Vol. 20: ""Wrath of the Hoodwinked Hachi!!""
Concluding that Macro has tricked him, Hatchan flies into a rage, beating Mash senseless in the process.","As members of the rebel army and royal army continue their fighting, Vivi grows distracted while running towards the clock tower. Usopp, relieved the Marines are helping them, tells Vivi not to look or think about the fighting and just concentrate on stopping the explosion. With a minute and a half left, Usopp and Vivi reach the clock tower, meeting up with Nami and Chopper. Vivi then tells them the bomb is located at the absolute top of the tower. Pell flies around, trying to find the location of the smoke flare Usopp sent earlier, but he is suddenly shot in the air. A mysterious figure points out that they shot down Pell with their ""Ribbit Ribbit Gun"".

In the underground chamber, Luffy continues his battle with Crocodile, dodging the Warlord's poisoned hook attack. Luffy lunges forward, preparing to use Gomu Gomu no Bullet, but he stops himself as Crocodile extends his right arm, knowing that if Crocodile manages to grab him, he will become instantly mummified again. Luffy begins to struggle trying to land attacks while avoiding Crocodile's right hand and his poison hook. Luffy attacks again, but he is struck by Crocodile's poison hook. Knocked back by a kick from Luffy, Crocodile comments that it is now over, as his poison will spread all throughout Luffy's body. Luffy then tells the Warlord that he doesn't understand a single thing.

Back at the clock tower, Vivi tries to search for Pell, planning to use his ability to fly to reach the top of the tower. Nami and Usopp point out that they are forced to use the stairs as they have one minute left, as Sanji suddenly appears on a high floor of the building, waving down at the others. Zoro also appears, at an even higher floor, his explanation being that the Marines told him to go north, which he mistook as ""up"". Vivi begins to lose hope, as she points out that the clock tower can only be reached by a secret staircase, any forcefully entering would probably trigger the explosion prematurely. Nami stops Vivi from going to the stairs, stating she has a plan. The Straw Hats notice two figures standing by the bomb in the clock tower, revealed to be Mr. 7 and Miss Father's Day, the latter responsible for shooting Pell out of the air. There are 30 seconds left until the bomb explodes.",
206,"Hatchan's Sea-Floor Stroll, Vol. 21: ""Where Are They?""
Hatchan rushes back to the spot he met Macro; though the gang is long gone, Pappag is still there to point the way.","Members of Baroque Works disguised as the rebel army confront the Marines, asking them if they would really attack innocent civilians getting caught into the battle. Tashigi cuts him off, cutting him down, then telling the Marines to use their own senses to identify the enemies. Tashigi then notices that there is hardly any time left before 4:30. At the clock tower, Mr. 7 and Miss Father's Day wonder if they will be promoted if they succeed in their mission. With time running out, Mr. 7 prepares to light the fuse to the cannon holding the bomb.

In the underground chamber, Crocodile wonders why Luffy can keep on fighting despite the odds, as Luffy continues to relentlessly attack the Warlord. Luffy uses Gomu Gomu no Gatling, which Crocodile manages to dodge with high speed. Crocodile mentions that Luffy is growing numb from the poison, also mentioning that win or lose, Luffy will be buried under rubble, calling it a miracle that Luffy can still stand after 2 prior fights with him and taking a ridiculous amount of damage.

Back at the clock tower, Mr. 7 prepares to light the fuse to the bomb, with 15 seconds left. Nami begins to go through with her plan, calculating something while Chopper, in his Walk Point, stands on top of Usopp, with Vivi sitting on top of Chopper. Miss Father's Day tells Mr. 7 she wishes to do a countdown, with 13 seconds left. Nami uses Cyclone Tempo, aiming for Usopp's crotch, prompting him to propel himself along with Chopper and Vivi high into the air, to Sanji's location. Chopper, carrying Vivi with him, then jump on Sanji's leg, who launches them even higher to Zoro's location. Zoro prepares to launch Vivi and Chopper using his swords, while he warns Vivi that two weirdos are up there with the bomb. There are 10 seconds left. Before Zoro could launch, Mr. 7 and Miss Father's Day notice the Straw Hats, preparing to fire at them while they are stuck airborne.

Meanwhile at the chamber, Crocodile yells at Luffy that he could have avoided all of this if he had just abandoned a couple friends, and Luffy yells back saying that because Vivi is his friend, he doesn't want her to die, arguing that as long as Vivi doesn't give up on her country, he and his crew won't stop fighting either, even if they die.

With 7 seconds left, Zoro plans to launch Chopper and Vivi towards the bomb, as Mr. 7 and Miss Father's Day aim their guns at them, telling Chopper it is up to him.",
207,"Hatchan's Sea-Floor Stroll, Vol. 22: ""Macro the Mermaid Seller"".
The Macro Pirates ride high on the seas, with Camie trapped in a special compartment on their ship.","Luffy ends up collapsing due to his injuries and the poison circulating through his body, while Crocodile mocks him. Crocodile then tells him that if he (Luffy) cannot defeat him, then everything Luffy has been through up until now will have been for naught. Crocodile then criticizes Luffy, calling him a small-time pirate who had just starting sailing, and mocks him even further.

At the clock tower, Zoro launches Chopper and Vivi upwards, as Mr. 7 and Miss Father's Day fire their weapons at Zoro, further injuring the swordsman. Chopper is shown in his Heavy Point, having thrown Vivi toward the tower with all his might, and transforms back to his Brain Point to dodge Mr. 7 and Miss Father's Day's attack in the air. With 3 seconds left, Vivi, flying towards the Baroque Works agents, uses her Kujakki String Slasher Runback to evade the sniping duo's attack and knock them out of the clock tower.

With one second left, Vivi desperately tries to put out the fuse, while Crocodile shouts out that it's over. While awaiting the fate of Alubarna, a flashback is shown of several children asking a young Vivi to play with them. A royal army member asks Chaka to do something about the kids, while Pell tells Vivi to have fun as she heads out for a secret base. Later, Chaka asks Pell where Vivi has gone, only for Pell to reply that it's a secret. Chaka, however, realizes she headed for the clock tower, commenting that the weather is nice.

Back in real time, Usopp asks if they were successful in stopping the explosion, as the rebels and royals continue fighting. It was revealed that Vivi managed to cut the fuse with her Peacock Slashers just in the nick of time. However, a ticking sound can still be heard, and Crocodile explains to Cobra that a plan is something that covers all possible scenarios, revealing that the bomb is actually a timer to explode on its own (with the difference amounting to several seconds), Crocodile having set this up just in case something went wrong with the manual fuse. Vivi, confirming this, relays this information to the perplexed Straw Hat Pirates.",
208,"Hatchan's Sea-Floor Stroll, Vol. 23: ""Takoyaki Punch!!""
Hatchan catches up to the Macro Pirates, and easily destroys their ship with a flurry of punches.","As Vivi watches the ticking bomb, she remembers Crocodile's words, calling her idealism unbearable and sickening, and that no matter what she does she cannot save this country. The Straw Hats realize that the ticking bomb will still destroy most of Alubarna with 5 km blast diameter, and they begin to panic. Vivi, furious at Crocodile for constantly making people look like fools, starts to cry in anguish, as someone is seen standing behind her.

At the underground chamber, Luffy stands back up, claiming that Crocodile can't beat him. Crocodile remarks that Luffy is on the verge of death, and his words at this point are all bark and no bite. While Luffy yells out that he will become the Pirate King, Crocodile attacks him with his hook, which Luffy dodges and uses his leg to divert the attack to the ground, breaking the hook. Luffy then says he will surpass Crocodile.

The man standing behind Vivi is revealed to be Pell, who calmly remembers Vivi's childhood and the Sand-Sand Clan while Vivi desperately tries to tell him about the ticking bomb. In a flashback, Pell angrily slaps a young Vivi, asking her why she is in a dangerous place, also asking her what would he do if she had been seriously hurt. Vivi is then shown riding on top of Pell in his Falcon form, even though the king has forbidden this. Vivi asks why Pell trains, and Pell responds by needing to get stronger to protect what needs to be protected. Back in real time, Pell mentions to Vivi that protecting the Nefertari household is considered to be his proudest honor.

Pell then transforms into a falcon and uses his talons to grab the bomb, flying high in the air, much to the shock of Vivi and the Straw Hats watching him. As Pell says to himself that he is the guardian of Arabasta that vanquishes all enemies of the royal household, he flies higher and higher into the air, when the bomb finally explodes, letting off a tremendous explosion, however Alubarna remained unharmed.",
209,"Hatchan's Sea-Floor Stroll, Vol. 24: ""Nobody Tricked You"".
While a freed Camie reunites with a relieved Pappag, the beaten Macro Pirates protest that they'd fully honored the deal, much to Hatchan's confusion.","Even from the great height above Alubarna, the bomb's blast radius reaches the fighting armies below and blows most off of their feet; including Tashigi and Usopp. Shocked, Vivi and the Straw Hat Pirates are the only ones to witness Pell's sacrifice to save the country.

However, it is not long before Usopp and Chopper notice the rebels and royal army standing up again only to continue the now pointless war. Tashigi tries to intervene in the fight, only for a nearby marine to pull her aside from the dangerous battle. Calling from above, Vivi yells for the armies to stop fighting over and over again, however her voice fails to reach the soldiers fighting below. Touched by her words, Nami pleads with her crewmates to help stop the fighting and save anyone they can as Vivi continues to shout from above.

Back inside the Tomb of the Kings, Luffy and Crocodile continue their battle. Despite his normally intangible body, Crocodile is still being struck by Luffy who continues to exploit his Devil Fruit's weakness. Landing a volley of devastating blows, Crocodile is left bewildered as to where Luffy continues to draw his strength from as the poison inside his body should already be working. Thinking back to the Straw Hat Pirates' progress over Arabasta and his organization's inability to stop them, the rogue Warlord becomes enraged and reveals a secondary knife from his prosthetic. Asking the rookie before him if he even knew who he was fighting, Luffy responds by saying he does not care, and that he will surpass him.

Kicking Crocodile into the air, the powerful pirate attacks below with Sables: Pesado which creates a large shock wave upon impact. Enduring the attack, Luffy inflates himself and twists around, blowing all the air downwards to launch himself into the air with great momentum and spin. The two then launch their final techniques, only for Luffy's Gomu Gomu no Storm to overpower and breakthrough Crocodile's Desert la Spada. Beating the veteran pirate through bedrock and out into the sky over the plaza, Luffy falls into the tomb; finally defeating Crocodile.",
210,"Hatchan's Sea-Floor Stroll, Vol. 25: ""Within the Finest Ingredient's Hat: The Legendary Sauce"".
Returning to Mash (with a surprised Camie and Pappag in tow), Hatchan finds the Macro Pirates had been honest after all: inside the octopus' hat is a jar of the perfect takoyaki sauce.","Luffy's final attack sends Crocodile smashing through the roof of the mausoleum, through solid bedrock, and into the air, knocking over several buildings in the process. Meanwhile, the war is still going with the Straw Hat Pirates still fighting. Sanji sees that Crocodile is sent flying through the sky and tells the others to look as well. Vivi sees Crocodile still flying from Luffy's attack. At that moment, she thinks back to the time where Luffy remarks that he will defeat Crocodile and that all he needed to do was blast him off. Back at the catacombs, Luffy starts to fall down following his attack finishing attack on Crocodile. Cobra is astonished and looks in awe wondering how it was possible for Luffy to do such a thing through so many layers of rock. Back at the surface, Straw Hats rejoice over Luffy's victory over the Warlord. Meanwhile, Vivi tries to end the war. She yells as loud as she can for everyone to stop the bloodshed since there are no more enemies, but no one listens to her. Suddenly, it begins to rain out of the blue, and the fighting slowly comes to a halt. Tashigi is also surprised by the rain and notices that people are starting to stop fighting. Afterwards, both Luffy and Crocodile crash into the ground at the same time. At the catacombs, Cobra asks Luffy is he is alright. On the surface, Vivi once again urges for the people to stop fighting. This time, with the help of the rain, the people start listening to her and the war finally comes to an end with Vivi saying that the nightmares have ended. The catacombs begin to collapse, unable to withstand Luffy's fury at Crocodile. As a result of the fight and poisoning he got from his fight with Crocodile, Luffy is unable to move and is very weak. Cobra goes over to Luffy and thanks him for saving his country, to which Luffy replies that it was no problem. Afterwards, more of the catacombs begin to crumble.",
211,"Hatchan's Sea-Floor Stroll, Vol. 26: ""With Macro's Treasure Too, No Way I'll Fail"".
With a bigger haul than he would've ever dreamed—the legendary takoyaki sauce, the perfect meat, and a heap of treasure from Macro's ship—Hatchan races off to re-propose to Octopako.","While the rains continues to fall, and despite Vivi's words, the two armies still continue to distrust each other. However the princess receive helps from 2 of her friends she thought dead. Chaka appears in front of the royal army and order them to stop while on the rebel's side Igaram, carrying a wounded Kappa, reveals them that the King, who started the up rise by killing innocent people, was a fake. After the truth is revealed, all the weapons are put down and peace finally comes to Arabasta.

Vivi, relieved that Igaram is alive, runs down from the tower searching after her Straw Hats friends, but they have left, searching after their captain. They found him unconscious carried on the back of a beard man. When they are finally rejoined by Vivi, she reveals them that the beard man is none other than her father, the king of Arabasta, who explained to them what happened in the Royal Tomb. The Straw Hat Pirates then ask Vivi and her father to hurry to the place so that they can conclude formally the battle, when asked to come with her, they decline as being pirates, they can not be given honor.

Once alone, everyone collapses for a well deserved rest.

Meanwhile, Tashigi the Marines finds the unconscious Crocodile and arrest him, and revoke his title of Warlord, for his betrayal against the government, meanwhile, the rest of the unconscious Baroque Works agents are shown, and presumably arrested, with the excption of Mr. 2. While Cobra reassures his people by forgiving the rebels and asking everyone to help him rebuild their country. Arabasta's sorrow has finally ended.",
212,"Hatchan's Sea-Floor Stroll, Vol. 27: ""Meanwhile, Octopako Had Gone Out, Too"".
The preening Octopako has gone out on her own sea-floor stroll—carried by an entourage of blowfish.","Rain has finally once again fallen over Arabasta after three years. Aboard a Baroque Works ship in south Alubarna, Smoker is berating a colleague for suggesting that he used the Dance Powder, stating he knows well the difference between right and wrong. Changing the subject, the colleague is introduced as Marine Captain ""Black Cage"" Hina. She is annoyed with Smoker for using some of her best troops to search a ship, which Smoker reports was for the sake of a fellow marine. Hina calls Smoker out on this further, stating that he's always treated Tashigi a little differently. Smoker ignores this, asking Hina to take the Baroque Works ship back to Marine Headquarters along with Crocodile. Hina asks what gives him the right to order her around, and Smoker responds by having her call a coin toss in the air. Losing, she becomes even more annoyed with Smoker and tells him that he never changes.

Back in town, Tashigi has ordered her subordinates not to lay a hand on the unconscious Straw Hats, much to their frustration. Vivi sees Koza being carried away for medical attention, and comes to his side to inquire about his wounds. She asks him not to die, as his father is still waiting for him back in Yuba. Amused at how much Vivi has always cared for others, he assures her that he also inherited his father's stubborn life force, and he will be just fine. He then promises he will go back to him when his wounds are healed. The country continues to rejoice in the rainfall; even the kung-fu dugongs are celebrating. Toto is shown as well, wondering if his son could see it.

In the Royal Palace, the Straw Hats are all fast asleep and recovering while Vivi watches the rainfall from the window. Igaram eventually joins her, tucking the Straw Hats in as they reflect on the day's events. The next day, Tashigi arrives at Alubarna's eastern port to rendezvous with Smoker and Hina. She is visibly upset at her role (or lack thereof) in Crocodile's defeat, and apologizes to Smoker for not only helping the pirates but also allowing them to escape. Smoker isn't accepting of her apology, asking her if she pursued her own justice like he instructed. She laments that helping from the back was the only thing that she was capable of doing, and that such is not her justice. Smoker tries to further appease her feelings of inadequacy, but she blows it off and tearfully walks away. This pushes Smoker to his boiling point, and he yells at Tashigi to do something about it other than crying. He implores her to try getting stronger then, to which she clinches her sword and tearfully vows that she will.

Smoker instructs the marines to bring Crocodile aboard the ship, as they inform him that a call is coming in from a Marine base. The person on the other line informs Smoker that he and Tashigi will be receiving medals and promotions for their defeat of Crocodile. In a fit of rage, Smoker cuts him off and tells him that it was the Straw Hats that were responsible for the downfall of Baroque Works and Crocodile, not them. Hina tries to reason with Smoker that resistance is pointless, as the World Government has decided to try and cover up the pirates' role in Arabasta's liberation. Smoker angrily replies that the cover-up is precisely why Tashigi is crying right now. He then yells at the marine correspondent on the other line to tell the high-ranking officials responsible for this to ""go eat shit"", and that this is ""real"" justice.",
213,"Color Spread: ""Boo. Paratroops.""
Lunching on a sunny seaside rooftop, the Straw Hat Pirates find themselves invaded by a company of food-stealing seagulls and parachuting pigs.
(The ""Boo"" appears to be a pun on its meaning of surprise in English and its meaning of a pig's ""oink"" (ブー, Bū?) in Japanese.)","Chopper has awoken from his rest and taken medical care of the Straw Hat Pirates, much to the astonishment of one of the Royal Palace's doctors. He praises Chopper further after Nefertari Vivi mentions that he hails from Drum Kingdom (known for their doctors), stating that after 40 years as a doctor, he has seen nothing like it. Chopper handles the praise in vintage fashion by humbly accepting it but yelling at them to stop at the same time, even pulling up a chair for the doctor to sit next to him. Vivi looks on with a smile as she continues to assist.

The people of the city have begun to rebuild after the war. Sanji and Usopp walk the streets, restocking on necessary supplies, as Usopp comments on how strong the people are. As they reach the area of town decimated by the encounter between Commodore Smoker, Portgas D. Ace, and Monkey D. Luffy, Sanji notices something.

In another area, Zoro has already started training again. He believes that he cannot consider himself stronger if he cannot draw upon the power he used to defeat Mr. 1 at will. Nami is browsing Nefertari Cobra's personal book collection, as he is letting her keep all of them. At the entrance to the palace, Chaka is arguing with the Marines over harboring pirates, ironically just as Sanji and Usopp are returning. He asks them if they've gotten everything they need, and then comically returns to arguing with the Marines, asking if they can prove the pirates are actually there. Sanji and Usopp comment that it's going to get really loud when ""he"" wakes up.

Sure enough, Luffy awakens in a roar, wondering where his hat and breakfast are. Vivi commends Luffy for his high spirits, and he tells her that he is like this all the time. However, Nami reminds him of just how serious his condition was, and he thanks them for their care. Just as he does, Zoro returns from his training, inciting Chopper's anger. Zoro tries to brush off the medical risk as his own problem, to which Chopper asserts his position as the ship's doctor, reminding him that he said not to take off his bandages. Zoro retorts that the bandages make it hard to move, and Chopper angrily replies that the bandages are there so he doesn't move. Luffy is incredibly shocked to find out that he'd slept for 3 whole days, equating this to 15 meals (5 a day, as Usopp points out). Vivi assures Luffy that she's had dinner prepared, and as she does, Igaram's wife, Terracotta, enters to confirm that dinner will be ready in half an hour. However, her striking resemblance to Igaram himself confuses both Luffy and Zoro, causing the latter to actually ask her if she's a cross-dresser. After Vivi clarifies that she is the palace's Head Servant, Terracotta continues on to explain that she has heard that Luffy eats a lot before dinner and provides him with fruit in the meantime. Luffy warns her of his appetite, but she assures Luffy that she has worked at the palace for 30 years and will not disappoint.

At the dinner in the Royal Palace, Luffy has consumed his food so fast that the servers are struggling to keep up, and he has actually begun eating everyone else's food. This, in turn, causes them to try to eat their own food faster, and chaos ensues. Usopp gets Luffy to eat an extremely hot pepper and laughs at his anguish, but when Matsuge joins in, he wonders how the camel got there. While the palace guards are visibly annoyed by the unprecedented commotion at the dinner table, they are pleased to see Princess Vivi enjoying herself after all that she has been through. The antics eventually win them over as well, and they too join the laughter and happiness the occasion brings.

The crew enters the bathhouses (separated by gender) afterwards. Luffy and Usopp fall and hit their heads, trying to see who can get to the bath first. As Zoro helps bathe Chopper, Luffy and Usopp pretend to spar with each other, apparently in an attempt to mock Zoro. However, Zoro notices that they are completely naked as they're doing this and asks what they're doing. Sanji asks Igaram where the girl's baths are. Igaram is infuriated, and he refuses to answer the question, but Cobra tells them anyway, prompting more anger from him. Nami and Vivi are bathing together, and as they switch to each other's backs, they catch the guys, except Zoro, peeping over the wall. Vivi is appalled, but Nami isn't surprised in the least, even charging them all 100,000 a piece.

As Nami and Vivi continue their bath, Nami tells her that they are thinking of leaving Arabasta that night. Now that Luffy has fully recovered, they no longer have a reason to stay. Furthermore, the Marines are guarding the coast, and the Going Merry will be in danger. On Cobra's side, he thanks the crew for their help with the country (though the guys initially think it's for the peeping). Cobra then bows before the Straw Hats to thank them again, much to their shock. Igaram tells Cobra that he should not bow as a king, but Cobra tells him that status exists with their clothing, and as naked men in the bath, there is no king. Cobra clarifies that he is thanking the crew as a father, with a citizen's heart.

As the Straw Hats regroup in their room later, they discuss leaving that night. The decision is given to Luffy, but he says that they should have another meal in Arabasta before they go, earning him a beatdown from the crew. In another room, Chaka and Igaram are discussing an extremely important turn of events as bounty posters sit on the table. These posters are revealed to be Luffy and Zoro's: Luffy's bounty has increased to 100 million, while Zoro has gained his first, of 60 million. Igaram wonders if there is any escape for Luffy after having defeated one of the Seven Warlords of the Sea.",
214,"Hatchan's Sea-Floor Stroll, Vol. 28: ""Too Bad! The Shipwreck-Smashed Headband Catfish Village"".
Octopako immediately demonstrates her character by mocking the survivors of a recently-destroyed village.","Igaram walks in the room to find the Straw Hat Pirates had already left. He asks Vivi why, and she simply replies that they are pirates. Jango and Fullbody are seen dancing after capturing an enemy ship. Hina is talking to a marine about getting ready to capture the Straw Hat Pirates. However, the marine reports that their ship is missing.

Luffy, and his crew are now riding in the desert, on the Super Spot-Billed Duck Troops. Nami is concerned, and the crew asks her if it is about Vivi. However, Nami replies that she forgot to ask Vivi for their payment.

Igaram is worried about the Straw Hat Pirates, due to their new bounties. But Vivi reassures Igaram, saying that it's useless as the pirates would only celebrate at becoming even more infamous. Vivi is revealed to have a speech the next day.

Vivi thinks of before the Straw Hat Pirates left. Someone brought in a Den Den Mushi, and the pirates find out that the caller was Mr. 2. Mr. 2 told them that he took their ship away, and everyone was outraged at losing their ship. However, Mr. 2 told them that he's their friend and then hung up. The Straw Hats discussed about what to do, but in the end, they decided to trust Mr. 2.

Vivi is torn between continuing to travel with her friends, or to stay and remains as the princess of Arabasta. Nami gives her 12 hours to decide what Vivi should do.

Now, the Straw Hat Pirates has reached where Mr. 2 is. The crew distrusts him, as he is one of the Baroque Works agents. However, Mr. 2 tells them that the Baroque Works is over, and he saved the crew's ship from the Marines. Luffy, Chopper, and Usopp celebrates that Mr. 2 is still their friends.

A marine reports to Hina that they had found the Straw Hat Pirates and she instructs them to prepare for battle.",
215,"Hatchan's Sea-Floor Stroll, Vol. 29: ""The Starving Catfish Village Meets Hachi"".
Not long after Octopako has left, Hatchan's party finds the catfish village, with Camie and Pappag bursting in tears at their plight.","Igaram awakens in a sweat from a nightmare of Vivi announcing her intentions of becoming a pirate. He frantically rushes to her room and barges inside, where he instead finds her being fitted for a dress by his wife, Terracotta, and another palace servant, quickly earning their ire for his intrusion. Dumbfounded and embarrassed, he is beaten up and kicked out when it's determined that he doesn't actually have anything to say. Upon exiting, he notices Cobra has been there as well. Cobra tells Igaram that his wife is a scary woman, revealing he's been beat up as well. This infuriates Igaram, who asks the king what exactly he tried to do.

Vivi wonders if her dress is too tight, but Terracotta tells her that this is exactly what a princess should look like. She comments on how the town square is already filling up with people, despite telling them that the princess' speech wasn't until 10 a.m. She resolves that it only makes sense, however, as the speech has been delayed for 2 years: Vivi was originally supposed to give her coming-of-age speech when she was 14 years old. Vivi wonders if she can say anything of note, but Terracotta assures her that she only needs to show that she has matured into adulthood. Cobra has arranged for every Arabasta citizen to hear her speech. In another area, Chaka mentions to Igaram that there is no longer anything they can do about the battle at their port.

At port, the Straw Hats have begun battle with the Marines. Luffy yells at them to fire cannonballs, since he can actually bounce those back, as the Going Merry's hull has been pierced by several iron spears. Nami instructs the crew to brace for more, and Chopper, who has been doing the patchwork for the damage, indicates that he cannot keep up. They are outnumbered eight ships to one, and the Marine ship formation they are surrounded by makes chasing or escaping from them near impossible. Jango and Fullbody brag about their unit's formation. Luffy is surprised because he remembers that Jango was a pirate, while Sanji doesn't remember Fullbody at all. Fullbody boasts about his new abilities, and Jango attempts to hypnotize the crew, but they are blindsided by a devastating blow to their ship. Luffy mistakenly believes it was Usopp, and praises him accordingly. As Usopp tries to brag about the exploit, Mr. 2's subordinates inform him there is a problem, in the form of ""Black Cage"" Hina. Luffy is clueless as to who this is, and Bon Kurei attempts to explain. Hina's fleet is seen approaching the crew. She comments that they've weakened the Straw Hats, but warns her subordinates not to get too cocky. She implores them all to stand back once they reach them, as they will only get in the way.

Bon Kurei is frantically explaining to the Straw Hats that they need to escape through the opening that they've created to the south. Luffy tells him he can go, but that the Straw Hats will be staying. Bon Kurei is appalled by this, as Nami explains that they made a promise to be at the Eastern Port. He wonders if they are doing this for the sake of some treasure, to which Luffy happily responds that they will be picking up a friend. Bon Kurei is even further taken aback by this, surprised that the crew would go to such lengths for a friend. Back in town, the square has completely filled up to witness Princess Vivi deliver her speech. In the palace, Cobra enters his daughter's chambers (with her permission this time). He begins talking, but before he can finish his thought, he is pleasantly surprised by how much Vivi resembles her mother. Vivi mentions that she has something important to discuss, and both Cobra and Igaram brace themselves for the worst.

Aboard the Going Merry, Bon Kurei's subordinates are confused by his sudden change in behavior. He asks them and the Straw Hats alike if they can eat a meal the same after knowing that they abandoned a friend who was risking themselves to save another friend. On Hina's ship, one of the Marines notices that the Going Merry and Bon Kurei's ship are now going in opposite directions. He concludes that Bon Kurei's ship must be a decoy for the Straw Hats to escape with the Merry. However, after spotting the Straw Hats aboard Bon Kurei's ship, he tells Hina instead that the Going Merry must actually be the decoy. Hina spots Luffy aboard Bon Kurei's ship with her binoculars to confirm, and she immediately closes in on the vessel.

Nami comments that they now have three minutes and need to move full speed ahead. Having closed the gap to Bon Kurei's ship, Hina confronts the Straw Hats. Upon closer inspection, however, it is revealed that they are actually being impersonated by various members of Bon Kurei's crew, while he himself used his powers to copy Luffy's appearance. One of Hina's men comments on how the Going Merry is now headed back to Alubarna's eastern port, and Bon Kurei chides Hina for falling into his trap. He announces his crew's reputation as masters of disguise and, more importantly, their status as friends of Luffy. With this, he challenges Hina to come at him if she dares, and the battle ensues. As the Straw Hats sail away, Luffy, Chopper, Usopp, and Sanji promise to never forget Bon Kurei's sacrifice.",
216,"Hatchan's Sea-Floor Stroll, Vol. 30: ""Hachi Makes A Break!""
To Camie and Pappag's shock, Hatchan suddenly runs from the village, taking all of Macro's treasure with him.","In a flashback, Vivi and Igaram are discussing an organization that has been plaguing the country. Most notably, they are conversing over the fact that no one knows the organization's leader, not even its members. That being the case, it is no longer possible to obtain information on them from the outside, and doing so would only further place the country at risk. Vivi finds solace in the fact that they have caught the organization's tail, however, and the smile she puts on in light of her optimism frightens Igaram greatly. She asks him if he knows what she's thinking, which Igaram nervously denies and attempts to get away. When she stops him, he tries to remind her how dangerous this is, which ironically only reinforces her will, telling him that she can't stand by and do nothing. In present time, the Royal Palace doors have opened, and the Princess begins walking out to address her audience in the town square.

At the port, the Straw Hats have again engaged in battle with the Marines. The Marines are proving no match, as Luffy yells for them to get out of their way. The princess has made it to the balcony, where she will deliver her speech. The clock tower shows that the time is noon (the speech was scheduled for 10 a.m.). As Vivi begins her speech, her flashback ends with Igaram asking her if she has the resolve to keep herself alive until she sees her task through. The country is absolutely delighted to hear and see her maturity, though a few people wonder why it started late. Cobra is seen smiling, and hopes that ""it"" won't cause too much of a fuss. Toto tries to get Koza to watch with him, but he tells his father that the speech is playing over the speakers and can be heard throughout the entire city. Vivi continues her speech, elaborating on her initial feelings of fear and uneasiness at just how large the world was beyond her country. Drawing a metaphor from the Straw Hats, in the midst of her darkest times, she describes coming across a ship that helped her see the light in front of her. She elaborates on how the ship never lost its way in the darkness and crossed over monstrous waves as if they were dancing. As she continues to describe this mysterious force that helped her through, more and more townspeople become confused as to what she's referring to, revealing that some people believe the Marines were responsible for helping her.

The Straw Hats have made it to the meeting location, and they have heard Vivi's speech as well. Sanji resolves that Vivi's participation in the coming-of-age ceremony means she decided not to come, which Luffy doesn't want to believe. He even tries to suggest getting off the ship and looking for her, but Usopp warns everyone that more Marines are coming. Sanji makes another attempt to convince Luffy they should leave and reminds him that Vivi's situation is a lot different from their own when they all joined the crew. Luffy doesn't say anything back this time but is still clearly disappointed.

Back at the Palace in Alubarna, the crowd has grown angry as it is revealed that the princess is actually Igaram in disguise. They wonder where Vivi is giving her speech from, as Igaram concludes that she must have made it ""there"" by now. As the Straw Hats begin to sail away, a voice shouts out at them. Vivi and Karoo have run all the way to the Eastern Port. The Straw Hats are overjoyed to see her again, and they prepare to turn the ship around. However, Vivi states that she has actually come to say goodbye and begins speaking into the receiver for the whole country to hear. She states that she cannot come with the Straw Hats but thanks them for everything up until now, as the townspeople become baffled by who she's talking to. As she continues her speech, the Marines, in pursuit of the Straw Hats, notice her on the coast. She continues on to say that she'd love to go on another adventure, but she can't because she loves her country too much. Luffy finally accepts that she won't be able to come and smiles in acceptance. Vivi has another flashback of when they branded themselves with cross marks to counter Mr. 2's powers, and she begins to cry. She tearfully asks the crew if they will still call her a friend if they meet again in the future, despite her remaining here for now by choice. The Marines hear this and inquire among themselves about the Princess' relation to the pirates. Before Luffy can happily shout his reply, Nami silences him due to them watching. She explains to Luffy that Vivi will be branded a criminal if their connection to her is made known, so they are forced to say their goodbyes in silence. Hearing nothing, Vivi sadly begins to walk away, but Karoo stops her. When she turns back to the crew, they have all raised their cross marks in the air for her in solidarity. She remembers how they determined that this mark meant that they would always be friends, as Vivi and Karoo happily raised their marks as well. The Straw Hats then decide to set sail once more.",
217,"Hatchan's Sea-Floor Stroll, Vol. 31: ""Save the Catfish Village! Treasure Into Tools"".
Hatchan has resolved to help the catfish village after all—by using all of Macro's treasure to buy tools for the ultimate takoyaki kitchen.
In the original Weekly Shonen Jump release, the chapter included a color cover at the beginning in addition to Hatchan's cover story, with a tagline advertising this as a ""special double cover"". This color cover was not included as part of the chapter in the volume, where it was instead used as the volume illustration—though only the character introduction and table of contents separate it from Chapter 217.
The color cover features Vivi in a pirate outfit with Luffy and a squirrel behind her.","Marine Captain ""Black Cage"" Hina is finishing up the last of Mr. 2's forces while on a communication line with one of her colleagues. She is expressing her frustration at having been fooled into a trap as one of Bon Kurei's men attempts to attack her. She drives her arm directly into the attacker, and as she does, her arm encompasses him in a black iron ring that completely restrains him. ""Iron Fist"" Fullbody and Jango fawned over her display of power, with the former commenting that such is the ability of the Ori Ori no Mi. Hina reveals that the colleague she is speaking with is Smoker, and that the actual source of her disappointment is him. She is upset with Smoker because he seemed to actually be pretty happy when Luffy got away from her.

In Arabasta, the citizens are still confused as to who Vivi was talking to but are nonetheless happy that their princess is okay. They resolve to once again begin rebuilding the city. The Kung Fu Dugongs and the various wildlife of the country are also overjoyed. In Yuba, the citizens are confused as to why Toto is laughing so much, and he says that he will not tell any of them, leading Koza to believe he's gone crazy from the sandstorms. Toto is instead recalling his amusing times with Luffy, and he hopes the pirate will return someday to enjoy some water. The citizens discuss more repair work that needs to be done around the country, including the casino.

Cobra reflects with Igaram on how much his Vivi has grown, as various parts of the country are shown to still be rejoicing. Chaka has come to visit Pell's grave, though he finds it strange that he is unable to shed any tears for his friend. Vivi and Karoo watch on as the Marines attempt to chase after the Straw Hat Pirates, finally wiping her tears. In another area of the city, a couple of Royal Palace soldiers are discussing Matsuge as he sits in front of them. They wonder why the Princess has made him a member of the Super Spot-Billed Duck Troops, even though he's a camel. At a doctor's office out in the desert, a man is leaving and thanking the doctor for his treatment. The doctor tells him to make sure he gets some more rest, and he wonders why he's in such a hurry. At the last second, the doctor yells at him that he forgot something, and he holds up a white hood adorned with stars. Vivi and Karoo decide to make their way back to Alubarna, as the narrator goes on to describe the amazing rate at which the country rebuilt itself.

Out at sea on Smoker's ship, Tashigi has finally awoken and comes to the deck. Smoker pours her some coffee as he is looking at Luffy and Zoro's bounty posters. Smoker recaps Zoro's exploits from Whisky Peak through Mr. 1's defeat, revealing that he was actually an assassin from the West Blue known as Daz Bonez. He comments on how all the powerful people that Crocodile recruited have been taken down and that they will now once again pursue the Straw Hats, to which Tashigi firmly agrees.

Aboard the Going Merry, Zoro explains that the Marines are no longer pursuing them. However, as he speaks, the other straw hats become increasingly depressed, prompting him to inquire as to what their problem is. Chopper, Nami, Luffy, Sanji, and Usopp are all extremely sad that Vivi is no longer with them, annoying Zoro and causing him to suggest that if they really felt that way, they should have kidnapped her. They each subsequently insult Zoro for suggesting this, but Usopp points out that Luffy's insult makes no sense, only annoying Zoro further. The antics are interrupted, however, by a female stowaway, who comments that they've finally made it out to sea. Zoro braces for combat, Nami is distraught, Sanji fawns over her beauty, Usopp freaks out that an enemy is aboard, Chopper has no idea who she is, and Luffy is somewhat surprised that she is alive. The stowaway is revealed to be Nico Robin (who they still recognize as ""Miss All Sunday""), and she once again uses her abilities to disarm them. Nami asks when she got there, and Robin reveals that she's been there the whole time, taking a bath and reading a book. She has borrowed some of Nami's clothes, angering her further.

Robin asks Luffy if he remembers what he said to her, immediately prompting Sanji to get aggressive with his captain, assuming that he said something reckless to the pretty lady. Luffy grows even more confused, to which Robin implores him to take responsibility. Luffy finally asks her what she wants, and Robin asks Luffy to let her join the crew.",
218,"Hatchan's Sea-Floor Stroll, Vol. 32: ""Impromptu Grand Opening! The Legendary Takoyaki Stand"".
With Camie and Pappag as helpers, Hatchan begins serving takoyaki by the dozen to the starving catfish villagers.","In an attempt to convince the Straw Hat Pirates to let her join their crew, Nico Robin recounts the events in the crumbling Tomb of the Kings. She rolled an antidote for Cobra to give to Luffy, who had collapsed from Crocodile's poison after defeating him. She expressed hope that Luffy would be able to recover. Cobra then asked her why she had lied to Crocodile about what the Poneglyph said, as it actually was about the Pluton and not about the Arabasta Kingdom's history like she claimed. Cobra realized that if she had told Crocodile the truth, the Warlord's plan would have certainly succeeded. Robin replied that she did not care about Arabasta or any country, and her goal had been to find the Poneglyph containing the true history. Robin slumped in defeat that this was all for nothing, despite Cobra's attempts to reassure her. Suddenly, a healed Luffy picked them up and carried them out of the crumbling room. Robin protested for Luffy to leave her because she had nothing left to live for, but Luffy refused.

Since Luffy made her carry on with life, Robin claims that she should be a Straw Hat. Luffy agrees, to the shock of his crew. Robin tells the Straw Hats about how she has associated with various villains to protect herself, citing her specialty as assassination. Usopp gets very scared, but Robin distracts Luffy and Chopper by using her devil fruit powers to tickle them. Nami swears to remain on guard against her, until Robin shows her some jewels. With Sanji immediately entranced by Robin and Usopp entranced by Robin's powers, Roronoa Zoro finds himself the only one on guard.

Suddenly, bits of something fall down on the Going Merry, and the crew wonders what it is. It turns out to not be precipitation but rather a full-size galleon falling from the sky. While the Going Merry avoids the falling ship, it is swept by a tidal wave created on impact. Some more pieces of the ship fall down, including a skeleton. While the Straw Hats wonder how this could have happened, Nami finds that the Log Pose is pointing up, worrying her. However, Robin states that the Log Pose must be pointing to a sky island.",
219,"Hatchan's Sea-Floor Stroll, Vol. 33: ""Catfish Village Now Saved, One Last Batch For My Proposal"".
After the village has been fed, Camie and Pappag take a rest, while Hatchan saves one last batch of takoyaki for his beloved Octopako.","The chapter starts from the Straw Hats screaming about the ship that fell from the sky asking what a Sky Island is. Luffy and Usopp gets excited about this ""sky island"" and Luffy orders the crew to go skyward. As Robin makes Luffy shut up and Sanji points out the fact that there is no possible way a ship can go skyward, she explains how she has never seen a sky island nor heard much about it. Nami thinks the log pose is broken, but Robin denies this and says that they should start thinking about how to go to this sky island.

Meanwhile, Zoro looks at the ship that came from above and sees Luffy and Usopp on it. He asks Chopper what they are doing, and Chopper replies that they are having an adventure. Robin explains to Sanji and Nami about how no matter what happens, they are never to deny a Log Pose and that if there is something to be denied in this sea, it would be the common sense in their brains. She says that wherever a Log Pose points, there is definitely an island. Nami shakes her Log Pose, but it still points upward.

Robin retrieves a broken skull from a coffin in the ship that fell next to them, and says that the holes in it are unnatural. Sanji thinks they are made from wounds that someone made to kill the skull's owner, but Robin says that it comes from an old surgery method called trepanation. Chopper agrees to this, but says that it is a very old method. Robin explains how the skull's owner probably died in his early 30's around 200 years ago, and he probably died of a sickness on his voyage. She judges from the fact that the body is covered in rubber oil that the ship is probably an exploration ship from the South Blue. She finds the same ship on one of her history books and says it is a ship called St. Briss from the Briss Kingdom in the South Blue that set sail 208 years ago. Nami is amazed Robin could tell so many things from just the bones, but Robin simply states that dead bodies are full of information though they do not talk. She says that exploration ships tend to have lots of information, but the ship itself is already sinking.

Nami yells at Luffy and Usopp asking what in the world they are doing, while Usopp tries to save a drowning Luffy. When they come back on the ship, Luffy claims he found an amazing thing and shows everyone the map of a sky island. It says ""Skypiea"" on it and everyone gets excited about the fact that a sky island do exist. Nami says that the map could be fake, and that it is only a slight 'possibility"" that it actually exists. Luffy, Usopp and Chopper respond to this by staring gloomily at Nami, and Nami says that it probably exists, but then she yells that she does not know how to go there. Luffy yells back that Nami has to do something as she is the navigator. This starts a quarrel between the two. After beating Luffy up, Nami states that they first need information like Robin said, and when Usopp points out that it already sunk, Nami tells them to salvage it. Zoro yells at them that it's impossible, while Luffy and Usopp agree, holding a fishing rod and net. Chopper asks what salvaging is and Robin explains, adding that it is possible for them to do.

Usopp makes barrel suits for the Monster Trio, and Nami says she is counting on them. The three are lowered into the ocean and Chopper asks for a response from to see if the sound connection was working. Luffy says there are lots of monsters, Zoro asks if this ocean was the giant sea snakes' den, and Sanji states that one of them is looking at them. Nami says OK, to Usopp's shock. Nami says they'll do something about it, and Usopp is glad he did not went.

Then, the Straw Hats above hear strange singing voices and they look closer to see the Masira Pirates singing ""salvage"". Nami says that another strange group appeared out of nowhere, and Masira asks what they are doing in his territory. Masira, the captain of the Masira Pirates, states that anything that sinks in his territory is his, while the Straw Hats discuss amongst themselves about what they should do. Masira yells at them to answer his question, and Nami says she has a question for him, to Masira's surprise. Masira lets them ask anyway, and when Nami asks if they were going to salvage the ship, he mishears this as ""monkey"" and asks if he is that awsomonkey. When they ask what ""awsomonkey"" means, he answers it means ""manley"" and they point out there is no such word, while Masira blushes. Usopp asks again if they were going to salvage the ship, and Masira replies of course they will. When they ask if they can ask, Masira allows them, for salvaging was a rare thing to see. Then, one of Masira's crew members panics and tell him that another crew member who went underwater got hurt. Masira asks him if it was a Sea King's fault, but they replied that someone underwater did this. Masira is enraged and looks at the Straw Hats. Nami and Usopp try to explain, but Masira just warns them about dangerous people underwater, and they are relieved that Masira is an idiot. Masira orders his crew to start salvaging, and the chapter ends with the Monster trio being shown underwater.",
220,"Hatchan's Sea-Floor Stroll, Vol. 34: ""The Sauce's Scent Draws Octopako"".
Hatchan rushes to give Octopako the last batch of takoyaki, but Camie and Pappag are leery—for good reason, as Octopako still cares nothing for Hatchan himself.","The chapter begins from a scene where Masira is blushing and waving at the Straw Hats. The Straw Hat Pirates wave back. Nami whispers to Usopp that they cannot let them know about the air pump, and Usopp replies that he knows, while stepping on an air pump fairly quickly. Masira tells his crew to think the Straw Hats are pumpkins with a serious look, saying that just because people are watching, they shouldn't be all nervous, and his face becomes happy and blushing. His crew also blushes in embarrassment as well. Usopp comments that they have something like pride and Nami states they probably want to show off to them.

Underwater, Luffy, Zoro, and Sanji explore the sunken ship in their barrel suits. Luffy finds a strange boat, Zoro has an octopus on his head and finds a broken sword, and Sanji kicks open a door to find a spear through a picture of a beautiful woman. Luffy finds something that looks like a treasure chest and they open it together to find almost nothing inside. All of the sudden, a huge spear breaks into the sunken ship to their surprise. It is a part of the ""cradle"" from Masira's ship used to salvage. Luffy yells ""what the heck is this?"" which came through the speaker system Chopper set up, and Nami and Usopp quickly put their hands over the speaker so that Masira would not notice. They weren't quick enough and Luffy's yells was heard, so Usopp quickly made up the rest of the sentence and asked Masira what the heck the monkey was, pointing to the ship head.

Masira says that Usopp has good eyes and it wasn't just any decorative ship head. Masira orders the ""Barco Hunter"" to go forward and the monkey comes off of the ship, to Usopp's amazement. The monkey goes deeper and deeper underwater, and Chopper and Usopp are awed by this while Nami asked how it is amazing. The ""Barco Hunter"" merges with the ""cradle"" underwater and Masira orders to start ""blowing"". Nami says that trying to push air into the ship with their breaths and making the ship float is crazy. Masira takes a deep breath into the tube and air comes out of the spear underwater to the monster trio's shock. The ship floats and everyone starts pulling the ship up. Masira orders more air to be added. All the sudden, someone screams, and Masira panics and asks what happened to his subordinates. They say someone is inside the ship, and scream again. Masira is infuriated that his subordinates are hurt.

Masira poses and stands there for a while. Nami says they aren't taking pictures or anything to Masira's shock. Masira's subordinates yell once more, and he quickly jumps underwater to rescue them, while ordering the salvaging to continue. As he swims deeper, a huge sea snake tries to eat him, but Masira punches it with a ""Monkey Lunge"" and it falls, bleeding. The Monster Trio have taken off their barrel suits meanwhile, and are confused about what happened. Zoro still has the octopus on him. Suddenly, Masira bursts in angrily and Luffy says, ""oh, a monkey"". Masira happily asks, ""oh, am I that awesomonkey?"" and Luffy replies, ""sure, you're pretty apelike"". Zoro asks what kind of conversation this is, and Sanji asks who Masira is. Above the ocean, Nami, Usopp and Chopper are shivering, commenting that something huge is below them. Back down below, Luffy and Masira are laughing while a huge mouth approaches them. Masira and Luffy are having a good time. The chapter ends where a enormous sea turtle eats the ship they are in.",
221,"Color Spread: ""Now, please relax.""
Usopp holds an exhibition for his latest invention, the Power Alarm Clock, but only bores Luffy, Zoro, and Sanji (and even his penguin apprentice) into a deep sleep.","The crew of Masira call out for their captain. Meanwhile Nami, Chopper and Usopp try to convinces themselves everything that is happening is just a dream. Robin interrupts the moment to point out Luffy, Sanji and Zoro were eaten by the giant turtle. Nami is accused of sending them to their death, but Nami's ""sorry"" is anything but sincere.

Robin notes that the ropes leading to Sanji, Luffy and Zoro are attached to the mouth of the turtle and that if they do not cut them now, they'll be pulled under when it dives. While Masira's crew pull on the ropes and make attempts to rescue their captain, Nami orders the others to cut the ropes so they can get to safety. Suddenly, all goes dark and Luffy falls unconscious and carrying a bag. Soon, Zoro and Sanji appear also carrying a bag.

As the crew go to leave, Masira appears and angrily claims they cannot just enter his territory, steal his treasure and leave. Nami hears the word treasure and just as Masira is about to start fighting the Straw Hats, his attention is drawn away by his crew. Everyone (including the giant turtle) stops in fear at what they are seeing across the sky. Giant shadowy figures cast themselves over the sky land, appearing as monsters.

The Straw Hats make a sharp getaway as fast as the Going Merry can take them. The crew recollect the events of the day and how strange they've been and suddenly become aware Masira is on the ship, and Luffy, Zoro and Sanji quickly kick him overboard.",
222,"Hatchan's Sea-Floor Stroll, Vol. 35: ""Late to the Party, the Elder Catfish"".
Hatchan's declaration of love is interrupted by one last customer: the catfish village's elderly headman.","The chapter begins with Usopp and Chopper talking about the huge monster shadows they saw. Usopp tells Chopper that if he tried, he could beat them easily, much to Chopper's amazement. Meanwhile, Nami scolds the Monster Trio for not bringing anything informative or valuable. Zoro and Sanji say these were really the only things that were in the ship, while Luffy walks around in a knight's armor he found. Nami is mad (likely cause there wasn't at least any real treasure, like Luffy mistakingly lead her to believe) and kicks the things that they brought (plates, swords, and a raw octopus) and Zoro and Sanji try to stop her. Nami asks what Luffy is wearing and he replies armor. Nami punches Luffy and Zoro comments on Nami's ability to crack armor, while Sanji tries to give Nami a pretty shell he found which Nami refuses, because it's not valuable.

Robin says it must be hard handling Luffy, Zoro and Sanji's foolishness, which Nami agrees to, adding that they have nowhere to go now. Robin gives her an Eternal Pose she stole from Masira's ship just in case, in which Nami cries in joy for and replies that Robin is the only person she can rely on. The Eternal Pose says ""Jaya"". Luffy asks if they are going there next, eating food made from the raw octopus earlier, and Nami yells that he is supposed to decide. Luffy orders to go to Jaya full speed. Then, the Straw Hats notice the fact that if they go to Jaya and stay too long, their log pose pointing toward Skypiea will point a different place in a matter of time. Luffy does not want this so he cancels his Jaya order. While everyone quarrels over this, Robin says they could go to Jaya, ask about Skypiea, then leave before their Log Pose changes, which everyone agrees to.

The Straw Hats head toward Jaya, when suddenly a few birds fall from the sky. Chopper says the birds were shot by someone, but everyone denies this, since Jaya itself was too far to even see though Luffy is only interested in turning the dead birds into food. Meanwhile in Jaya, a person says that he wasn't able to let one of the birds die immediately, and that this was its ""destiny"".

Back on the ship, the Straw Hat Pirates near Jaya and a scared Usopp, Nami, and Chopper ask what in the world was wrong with this island. In Jaya, there is a scene in Mock Town where people are drinking, laughing, and hurting each other. In one of the buildings, ""Executioner Roshio"" and another person are having a card game. Roshio wins the game, taking all the man's money, but the man stabs Roshio's hand, much to his shock. The man says that Roshio cheated although the onlookers said it was a fair game amongst themselves. The man calls his henchmen, Sarquiss, and asks if Roshio cheated. Sarquiss says that he did, while Roshio is enraged, asking if they even know who he was. The man shoots and breaks a glass of alcohol on Roshio's head, and Sarquiss throws a lighted match at him. It is revealed that the man is ""Bellamy the Hyena"" with a bounty higher than Roshio, and he cackles. The chapter ends with a scene showing Luffy and Zoro setting foot on Jaya saying things are going to get interesting, while the others (Chopper, Usopp and Nami) shiver in fear on the Going Merry in the background.",
223,"Hatchan's Sea-Floor Stroll, Vol. 36: ""Octo-punch and A Smiling Elder"".
Hatchan gives the last batch of takoyaki to the village elder, receiving a grateful smile from him—and a furious beating from Octopako.","Having made port in Mock Town in Jaya, Luffy and Zoro disembark. Fearing that they may cause trouble, Nami joins them in order to make sure that they do not do something stupid. Sanji wants to join Nami but is forced to stay on the Going Merry by Usopp and Chopper, who are both afraid of being attacked. Robin on the other hand, apparently also disembarks from the ship on her own.

As Luffy and Zoro venture into town while promising an accompanying Nami not to cause any trouble, they meet an incredibly sick man. The man is so sick that he does not have enough strength to get back on his horse by himself. The three help the man get back on his horse but find out that ironically the man's horse itself is just as sickly and does not have enough strength to carry his master. After helping both the man and his horse up, the man offers some apples as a token of his gratitude. Luffy alone accepts this present without hesitation. At the same moment, an explosion happens. From the uproars from the crowd, the three Straw Hats learns that after some guys ate some apples from the sickly man, they exploded. Fearing that the same thing would happen to Luffy, Nami tried to get the apple out of Luffy while Zoro confronted the sickly man. The man however told them not to worry as the apple that Luffy ate was a dud. If Luffy chose the ""wrong one"", the man stated he would've died upon the first bite. With this, the man praises Luffy's luck.

After encountering the sickly man with the explosive apples, the three continues with their journey. As they travel onwards, they hear that someone is causing an uproar. This apparently unknown fighting champion had claimed another victim and is boasting his victory from atop a roof. Hearing that he is a fighting champion, Luffy and Zoro are tempted into fighting and would have, but Nami stops them from fighting.

The three eventually come into a tropical hotel. Seeing the three, the owner of the hotel tells the three to get out as the whole hotel was currently reserved for Bellamy and his crew. Just then, the first mate of Bellamy's crew, Sarquiss, and a fellow crew member, Lily, come in and tells the owner to throw the three Straw Hats out faster. Seeing this behavior, Luffy ask Nami if he could send Sarquiss flying, a request of which that is denied by the navigator. Finding Luffy and his group slightly interesting, Sarquiss decides to give them money as if they were worthless beggars. Though Luffy is tempted to accept the offer, Nami is insulted by this act and takes her fellow crew mates out of the hotel without accepting the money. Though the three Straw Hats left the hotel with Sarquiss thinking that they were just trash, his fellow crew mates however tell him not to underestimates them and showed him a wanted poster with Luffy's first bounty of 30,000,000. While they do not believe that Luffy could match up to Bellamy and him, Sarquiss decides to share this new development to Bellamy.

The three Straw Hats meanwhile, decides to stop over at a local tavern. There, they learn from the owner about Mock Town's history and Jaya's time for the Log Pose to record. Learning that it takes four days, Nami figures that they should be gone in two days beforehand if they want the log pose to continue pointing to the sky island. Just as Nami decides then to ask some more questions from the owner, Luffy and a man sitting next to him both suddenly make a remark about the cherry pie being served to them. Noticing that both their remarks opposes one another, Luffy and the big guy decides to not mind each other and just drink some soda. At drinking the soda, they both once again makes opposing remarks. Really noticing each other this time around, the both of them are starting to get mad at the other's preference. The two then decides to have some food for take out, with Luffy ordering pieces of meat and the fat guy ordering cherry pies. However upon learning the number of food that the others are ordering, the two starts competing about who can order more. At this moment, Luffy and the man decides to fight each other over a meaningless matter.

Not wanting any trouble in his tavern, the owner gives the man his pies and asks him to leave. As the man is leaving the tavern, Bellamy steps in to the surprise of the other customers.",
224,"Hatchan's Sea-Floor Stroll, Vol. 37: ""Hachi and the Sunset"".
His chances with Octopako ruined for good, a resigned Hatchan watches the sun set, Camie and Pappag trying to console him.","The chapter starts out with some onlookers commenting about a street that Bellamy messed up where Roshio was defeated. One onlooker says that ""Bellamy the Hyena"" is definitely some kind of Devil Fruit user.

Bellamy steps into the bar Luffy is at and asks if he is the 30,000,000 Straw Hat Luffy. Other people in the bar gossip about how they cannot believe such a child has such a large bounty on his head. Luffy comments about how he has met a lot of huge people today, while Bellamy sits beside him and tells the storekeeper to get him an expensive drink and something Luffy likes. Sarquiss and the others barge into the store and kill people so they could sit where they were. The others try not to pay attention. Bellamy tells Luffy to drink up and Luffy says ""oh, he's a good guy!"" and drinks. Nami and Zoro yell at Luffy to watch out, but it is too late and Bellamy smashes Luffy's head into the counter. Bellamy's crew laugh and the onlookers are shocked. Zoro puts a sword up to Bellamy's neck, furious. Nami tells Zoro to stop since they have not gained any information in the town yet. Luffy gets up and tells Bellamy to get ready. The others cheer on since they like to see fights. Bellamy laughs and says this is a test, not a fight.

Nami tells Luffy to wait, and asks the storekeeper about the sky island, to everyone's shock. The Straw Hats are confused. After an awkward moment of silence, the whole bar bursts in laughter. When Nami says that the log pose is actually pointing to the sky, everyone laughs crazily and say that Log Poses tend to go nuts all the time, embarrassing Nami. Bellamy cackles and talks about how people who have dreams are stupid. He says that he was going to test Luffy and put him in his crew of the ""New Age"" but Luffy is too much of an idiot to join. He talks about how people who have dreams are weaklings, and hits Luffy with a bottle. Then, other people start throwing things at Luffy, Zoro, and Nami as well, saying that their existence makes their rum taste bad and to get lost. Sarquiss tells Bellamy that the store wants to see a ""show"", which Bellamy agrees to. Nami tells Luffy and Zoro that they can forget about their promise, so they can beat up Bellamy, but Luffy tells Zoro to never buy this fight.",
225,"Hatchan's Sea-Floor Stroll, Vol. 38: ""Sunset Thoughts: The Takoyaki Stand of Dreams"".
As Hatchan falls asleep with his new friends, he remembers the humble childhood dream he and Kuroobi shared: to run their own takoyaki stand.","The chapter starts from when the onlookers are mocking Luffy and the others. Nami yells at them to fight, and not just stand there, but Sarquiss comments that they are smart enough to know not to fight Bellamy. Bellamy's crew talks about how the marines these days are nice giving so much money for a loser like Luffy. Nami does not understand why Luffy and Zoro will not buy the fight. Both are wounded and bloody top to bottom. Bellamy insults the two pirates even more, and spits his drink all over them, but they still refuse to fight. Bellamy says they are a sore to their eye, and hurt the two again. Nami rushes over to their side, and Sarquiss tells her that being with them will eventually ruin her, so he ask if he could buy her from them. He asks how much she would be, but Nami furiously looks at them and says that she is too good for a loser team like them. Sarquiss comments that that is one expensive woman, and everyone in the bar laughs that the entire crew is nuts. Bellamy tells the ""small fry"" to begone. Nami drags the two out of the store, eyes full of tears, while everyone jeers at them.

All the sudden, Nami hears someone say that sky island exists. It is the man from the store earlier. He asks why Nami is sad since there is nothing to be sad about; that Luffy and Zoro won this fight. Luffy has a small flashback on how he told Shanks and Ace he would surpass them someday. He also tells Nami that she sure has guts to say the things she did in the store. Luffy and Zoro get up. The man says that the ""New Age"" they talk of is nonsense, and shouts that the age in which pirates dream will never end; that peoples' dreams are infinite. In the store, Bellamy's crew think Luffy and Zoro are causing a mad ruckus outside, and they laugh that it is lame. Back outside, while the man goes on with his speech, everyone wonders what he is yelling so loudly for. The man says that some fights are fistless, and laughs. Zoro starts to leave, and Luffy stares at the man. The man also leaves, and wishes good luck on their trip to the Sky Island. Luffy turns away, and Nami says to Luffy that he may know about the Sky Island and wonders who he is. Luffy does not know, but he also adds that it is not ""he"". Nami is confused. Zoro says that it is probably ""them"". Nami does not get this and asks if he has a crew or something, but they do not answer. The man laughs, saying that his rum tastes good today.

Meanwhile, the rest of the crew are fixing the ship. Sanji says they should just get a new ship, which angers Usopp. Usopp says the ship is important, and that is why he is always fixing it, and yells at Sanji to help, but Sanji says that this is more of patching up than fixing. Usopp tells them to shut up and makes a strange face, and Chopper thinks it is funny so he tells Usopp to do it again, and they crack up. When Sanji asks what they want for dinner, Usopp and Chopper both do the shut up face and tells him to shut up so Sanji says, ""oh, you do not want any, huh?"" to their shock. All the sudden, he hears weird singing saying ""Salvage, Salvage” and sees a boat, asking what it was. The chapter ends with a freaked-out Chopper and Usopp saying ""this song is...!!""",
226,"Color Spread: ""Il y a encore plein de choses que je veux.""
Nami and Robin rest in a tavern after a huge shopping spree—along with their less-than-enthusiastic pack-mule Chopper.
(The caption is French for: ""There are still lots of things I want."")","Luffy, Zoro, and Nami return to their ship. Usopp and Chopper are shocked when they see their wounds, and Sanji is only worried about Nami. Chopper yells ""DOCTORRR!!!"" and Usopp slaps him, pointing out that he is the doctor.

After Chopper heals the 2 pirates, Usopp tries to ask what happened, but they say there is nothing to worry about since it is all over anyway. Nami is really mad about the fact that Luffy and Zoro did not fight back. Usopp wonders why the unhurt Nami is so mad. Chopper happily asks if they got any information on sky island, and Nami sways and looks at Chopper with a furious look which scares him. Nami talks about how everyone laughed when she said the word ""sky island"" and asks angrily if she had said anything THAT funny. At this point, Usopp uses his ketchup star to pretend to be dead, and Chopper eats a precious Rumble Ball to get into his guard point.

Meanwhile at the Jaya mouth bay, a pirate captain uses his ""search sonar"" to find a huge school of fish for dinner. The search sonar also picks up the tracks of a ship and one of his servants report this. The captain orders him to tell where they are, and when he does, the captain yells at him to tell him if it is in sight already. The ship is the Straw Hats' ship, and Luffy, Sanji, and Usopp talk about how a weird thing showed up, and that it is not Masira. Usopp says that he really did see the ""salvage guys"" but Luffy does not seem to care. The captain comes near and starts talking to Luffy, and it is revealed that his name is Shoujou. Luffy comments about his unique facial features and asks what species he is. Shoujou replies ""I'm a homo sapiens sapiens you dumbass"". Shoujou's servants warn them to not make their big boss mad, but Shoujou says he does not really mind, and adds that he is on the same level as Crocodile and people are recruiting him into the Seven Warlords of the Sea (which is, of course, a lie). Luffy simply says ""oh, so you wanna be a Warlord huh?"" which makes Shoujou somewhat mad. He states that he is amazing since he has never cut his hair in 25 years. Luffy says that is just stupid, and Shoujou warns them about his strength. Luffy asks him if they could pass through, but he says that the area is his territory and if they want to pass, then they have to pay. The Straw Hats talk about how the 'territory' part is just like Masira, and when Shoujou asks what they know about him, Luffy stated that they kicked him away. This enrages Shoujou who says he will get revenge for his brother, even though Luffy reminds him Masira is not dead. Shoujou uses his ""Havoc Sonar"", which destroys his own ship and crew. Sanji asks what the heck he's doing, and Luffy says that the power is pretty awesome. Nami tells them to move on and the others are relieved that ""Demon Nami"" is gone. Usopp then realizes that they are also getting damaged from the attack and they start panicking.

Back at Mock Town, people talk about a strong, beautiful woman with strange powers who beat up an entire crowd in a bar, who asked about a man named Cricket. They talked about how she was probably after the gold that he found recently. Bellamy, who is sitting nearby asks what they meant by 'gold'. The chapter ends with Bellamy asking them to tell him more about it.",
227,"Hatchan's Sea-Floor Stroll, Vol. 39: ""The Catfish Village's Repayment"".
The catfish villagers reveal themselves excellent shipwrights, and build an entire ship for Hatchan to sell his takoyaki on.","The chapter begins with the Straw Hats fixing their ship. Usopp complains about the ""orangutan"" that destroyed his dear ship even more. Zoro comments on how crappy the ship became, and that they should get a new one, which enrages Usopp. Luffy tells Usopp that complaining will not do anything, and that since the Going Merry is their important crew member, they have to work hard and fix her up. Usopp says that Luffy is the only one who understands and cries at the warm statement, but at the same time, Luffy bangs the hammer too hard ending up breaking her even more. Usopp yells at Luffy and Luffy screams.

The Straw Hats arrive at their goal. Someone asks who they are looking for again. Robin seems to have come on board at some point, and says 'Mont Blanc Cricket'. Nami says ""the man full of dreams, huh?"". Luffy and Usopp are shocked/impressed at the castle they see, amazed at Cricket's house, until they discover that the ""castle"" is only a board in front of a small house. Nami asks Robin what kind of dream this man has, and she says she does not know much about it but the fact that there is a legend that in Jaya, that there is a large amount of gold hidden somewhere. This surprises the crew. Nami orders Chopper to dig with his horns and Luffy enters the house, much to Usopp's shock. Meanwhile, Nami finds a book called ""Noland the Liar"" and laughs, while Usopp comments that it is a very appealing title. Sanji hears this and says that he knows this title, while Chopper still digs where he was told to. Sanji says that everyone in the North Blue knows this story, revealing that he was born there. While Sanji explains about the story, Nami yells at Chopper that he is too loud and asks what in the world he is doing, much to his shock. There are a few pages on what the story is about.

At Mocktown, Bellamy and Sarquiss laugh when they hear that Cricket is Noland's descendant, saying how they remember the times back when they were young, people used to tell them that if they kept on lying, they would be executed like Noland. It is revealed that all of the Bellamy Pirates come from the North Blue. They all laugh at the fact that Noland's descendant is still looking for the gold from 400 years ago.

Back at the other shore, Nami adds a sentence to the story saying ""...and the pathetic liar died without becoming a true warrior of the sea..."" and looking at Usopp, to his shock. Luffy is staring at the water bubbling and suddenly, he falls into the ocean. Then someone comes out of the ocean, and it is revealed to be Mont Blanc Cricket, who is mad about the intruders around his house. Sanji tells Usopp to help Luffy. Cricket assumes their target is the gold and starts fighting Sanji. He takes out a gun and shoots Sanji which scares Nami and Chopper, but the bullet did not hit him. Zoro takes his swords and runs to help Sanji out, but Cricket collapses all of a sudden, to everyone's surprise. Usopp surfaces with Luffy and asks what he was doing, and Luffy replies that he thought there was a chestnut in the water and when he looked closer, the chestnut became a man who pulled him in.

In the house of Cricket, the Straw Hats find out that Cricket has dysbarism, which Chopper explains. Luffy is confused so he just calls it ""mystery symptoms"". Chopper says it usually goes away pretty quickly, but this man has been diving in a crazy way so that his body did not even have the time to properly heal. Nami wonders why he would do this, and Chopper says he does not know, but says that in some cases like this, this sickness can mean death. At the end of the chapter, there is a picture of Cricket, Masira, and Shoujou together.",
228,"Hatchan's Sea-Floor Stroll, Conclusion: ""Grand Opening! The Seagoing Takoyaki Shop, Takoyaki 8"".
With new friends and a new lease on life, Hatchan sails off toward new adventures.","The chapter starts with Masira and Shoujou meeting up with each other. Shoujou is surprised that Masira is alive and Masira asks why, but Shoujou ignores him. They both heard the gunshot so they wonder if something happened to Cricket. They burst inside the house to find the Straw Hats nursing Cricket. The 2 are confused while Chopper, Nami, and Usopp panic and the others continue to do whatever they were doing. Masira and Shoujou shout, asking what they are doing. Luffy tell them to get lost since they are nursing the old guy, and Usopp and Chopper yell that wild animals do not properly listen to you, but the two cry saying that the Straw Hats are good guys, to Usopp and Chopper's shock.

Masira and Shoujou have a nice talk together with Luffy. In this talk, it is revealed that they are called the ""Saruyama Alliance"". Zoro and Usopp wonder why Luffy blended in the group, and conclude that they are all alike. Shoujou is impressed that such a little squirt like Luffy would be able to kick away Masira, and Luffy says it was pretty easy and Shoujou would probably be able to do it as well, so Shoujou kicks away Masira to see how easy it is, and agrees. Chopper comes to report that Cricket woke up, and Luffy goes to ask something. Cricket thanks them and said he thought they were gold-hunter idiots. Nami hears this and her eyes turn into belly signs, but Usopp tells her to stop. Luffy asks Cricket how to go to Sky Island, which he laughs about, making Nami want to punch him, but Usopp stops her, saying he is a patient. Luffy asks if Sky Island does not exist, and Cricket replies that he knows a person who said it exists, but that person was a famous big-time liar whose descendants all are the laughingstock of the world. At this, Luffy stares at Usopp who is shocked and denies him. Cricket says that there is a story called ""Noland the Liar"". Luffy looks at Usopp again, who denies him.

Cricket reveals he is the descendant of this Noland and that this is the place where the story took place. He explained that no one in his family ever hated Noland since he was actually a ""very honest person"". He says that even though in the book, his face looks stupid, Noland actually died crying sadly and desperately tried to make everyone believe him. Cricket furiously asks if they know how it feels like to be laughed by people you do not even know. He just wanted to become free from the mocking of everyone, and became a pirate. But 10 years later, he and his crew came across Jaya and Cricket decided to find the ""gold"" Noland talked about. Because of this choice, Cricket's crew went separate ways with him and he has been looking for the gold underwater since. He says that this is a duel with the person who messed up his life. Usopp cries at the story, and Luffy asks how he got to know the monkey people. Usopp says Cricket probably had another man-to-man drama with them, but Cricket says that they are just fans of the ""Noland the Liar"" book. Nami comments on the simple connection between them. Cricket explains how they formed the Saruyama Alliance 5 or 6 years ago, while the two men have a friendly fight outside. Luffy says that he just wants to know how to go to Sky Island, and Cricket hands Noland's log book for Nami to read. Nami and the others read excitedly and see that Noland wrote as if Sky Island normally exists. Everyone is overjoyed, and Cricket walks quietly out of the house to talk to the Saruyama Alliance. Cricket asks if they like the Straw Hats and they ask why. He says that the Straw Hats extremely wants to go to the Sky Island, and the two men comment that they would die on their own. The chapter ends with the Saruyama Alliance deciding to help the Straw Hats.",
229,"Animal Theater: Luffy, atop a belltower, tries to ""fish"" for the biggest bird around with a whole bread-roll.","The chapter begins with Mont Blanc Cricket telling the Straw Hats that he will tell them everything he knows about Sky Island. He tells them to believe whatever he says, which Luffy quickly replies okay. Cricket talks about how night suddenly approaches in the middle of the day. Luffy and Usopp responds by saying that they remember this happening before, and adds that a few gigantic shadows appeared with the night as well. Cricket puts aside the story of the monsters and continues, explaining that the sudden night is actually the shadow of a very dense cloud. Nami points out that the darkness was far more than any shadow of a cloud, and Luffy says that Cricket is an idiot since days that have lots of clouds are cloudy, which Usopp and Chopper agree to. At this, Cricket yells at them to shut up and listen. He explains what this cloud is called and how it is a cloud that never changes for thousands and millions of years, known as a ""millennium cumulonimbus"". Nami denies this and Luffy calls it a mystery cloud. Cricket says that the only place a Sky Island can be is on one of these clouds. At this, everyone celebrates that Sky Island exists and Luffy orders to go skyward, but Nami yells at them that they do not know how to.

Cricket explains about the Knock Up Stream, saying that it is the only way he knows of to go to the Sky Island, and that the Straw Hats have to be very lucky in order to even get there without dying. Usopp hears this and tries to cancel their trip to Sky Island, but Luffy insists everything will be ok. Usopp points out that their ship will not be able to handle such a disaster, but Cricket says they can count on Masira and Shoujou for the ship reinforcement. Nami tells Luffy that they will not make it since a Knock Up Stream only appears 5 times a month and in order to get to Skypiea, the Knock Up Stream has to be right below it. She reminds him that they only have a day before their Log Pose changes destinations. When Usopp asks Cricket when the next time this happens will be, Cricket answers that it will happen the next day at noon, much to Usopp's horror.

Usopp suddenly accuses Cricket of lying about everything he just said, saying that they only met him just today yet he is being too nice. Luffy tries to stop him but Usopp just tells him to shut up and goes on talking about how everything is going too smoothly and that Cricket is lying since he is Noland's descendant after all. The two men and Sanji come out saying the food is ready. There is an awkward moment of silence. Cricket starts talking again about the next day's Knock Up Stream and night. He says that he is just happy to meet idiots like them, and tells everybody to come in the house and eat. When he calls Usopp a comrade, he starts to feel bad and asks Nami if he is a miserable coward. Everyone rushes to eat, and Nami replies by adding that he is a jerk as well and tells him he should apologize. Usopp hugs Cricket, saying that he is sorry.

The Straw Hats and the Saruyama Alliance have a big party as Robin sits in a corner and reads Noland's log book. Cricket says that ""there lies the gold in the skull's right eye"" was the last sentence by Noland and Cricket cannot tell what he meant by this. As they party some more, Bellamy's ship approaches Cricket's house.",
230,"Animal Theater: Sanji takes a day off with a comfortable bed, fine wine, and three faithful dogs.","The chapter begins with Cricket acting out Noland's words on his logbook and everyone happily listening while eating. Cricket shows the Straw Hat Pirates his gold he found after searching for months. He stated that he has 3 of the same bell-shaped ingots, and tells Masira to show the Straw Hats the South Bird shaped gold. As the Saruyama Alliance explain what the South Bird is, they notices all the sudden that they forgot to tell the Straw Hats to go get a South Bird and panic. The Straw Hats ask why they would need a bird and Cricket explains that in order to get to where the Knock Up Stream will appear, they have to have a South Bird who always points south since the Knock Up Stream is south from where they are, and since it is in the middle of the sea, no Log Pose would work. Cricket tells the Straw Hats to hurry up and find one, much to their surprise.

The Straw Hats split up into teams with bug nets in the dark. They know what the South Bird was right away by hearing the ""strange voice"" Noland talked about in his logbook. The Sanji/Nami/Usopp team searched and encounters with many bugs to Nami and Sanji's horror, although Usopp did not mind them much. The Robin/Zoro team destroys any huge bug that gets in their way, and do not seem to get along well. The Luffy/Chopper team find rare beetles and are having a good time until the South Bird drops a bee's nest next to them, making them have to dash full speed as the hornets from inside chased them. Chopper notices that the South Bird is doing all of this and tells Luffy. Back at Cricket's house, the Saruyama Alliance encounters the Bellamy Pirates who came to steal their gold.",
231,"Animal Theater: Out on the frontier, Chopper (in a ten-gallon version of his trademark hat) rides a fierce bull.","In the forest on Jaya, Chopper and Luffy are running for their lives from some deadly mantises flying after them. The mantises attack, but Chopper and Luffy manage to dodge, though the tree behind them is cut in half. Chopper and Luffy look back and see one of the large mantises sitting on the tree, and run for it, as the mantis chasing after them and slicing up the net. Suddenly, Chopper notices a South Bird sitting and grinning up in a tree and guesses that the bird is commanding the bugs to attack them for some unknown reason. Meanwhile, in another part of the forest, three South Birds start singing, causing Usopp to wonder where the sound came from. Sanji also hears strange sounds, and looking up, sees what appears to be boulders rolling towards them. Usopp looks through his goggles and wonders the ""boulders"" are ladybug droppings, but Nami says that they are actually bugs. They get closer and appear to be huge seven-star ladybugs, so Sanji kicks one to get it away from Nami, while the South Bird laughs up in a tree. In yet another part of the forest, Zoro challenges some beetles who had been attacking him while Robin too notices a strange sound. Sanji, Usopp, and Nami then run into a slug and counter it with salt, while Luffy turns to fight some bees, only to be pulled away by Chopper, who tells him they are poisonous. More and more animals come, such as fireflies, cockroaches, and even boars as the sounds of the South Bird echo through the forest.

Meanwhile, back at the Saruyama Alliance's headquarters, Bellamy admires a golden statue of the South Bird. Mont Blanc Cricket, bleeding on the ground, states that they have no right to take the gold, but Sarquiss questions him and attacks with a Falcon Slash, which Masira takes to protect Cricket. Sarquiss laughs and says that because they are stronger, they have every right to take the gold from the Saruyama Alliance. Shoujou tells Cricket to run, and unleashes a Wail of Destruction, hurting Bellamy's crew. Sarquiss moves to attack him, but Bellamy says to let him take care of it, and Cricket says that the power of the Bane Bane no Mi is going to be used again. Bellamy turns his legs into springs and attacks Shoujou with a Spring Sniper. Cricket tells Shoujou to run, but Bellamy hits Shoujou, knocking him clean through the house of the Saruyama Alliance, leaving him floating in the water. As Cricket thinks about the fun times he had with Shoujou and Masira, Bellamy gets on his ship, telling Cricket to grow up, and that the golden city was all Mont Blanc Noland's imagination. His crew laughs, and Bellamy states that fantasies never comes true as Cricket continues thinking about Masira and Shoujou telling him that the golden city exists. Suddenly, Cricket tells Bellamy to hold it and lights a cigarette, saying that chickens like Bellamy who cannot even fight dreams should not be lecturing someone on how to be a pirate. Bellamy turns around, asking Cricket what he said.

Back in the forest, the Straw Hat Pirates have reunited and compare the results of their journeys. None of them have managed to catch a South Bird, and Luffy states that because of all the bugs, they could not catch one. Usopp then notices a South Bird up in a tree and Chopper translates the bird's sounds for the crew. As it turned out, the bird had actually only come there to taunt them, and asks them if they caught anything. The crew is enraged and moves to strike it down, but Robin merely sprouts a pair of hands on the bird and knocks it to the ground, cutting short its laughter. The Straw Hats then head back to the Saruyama Alliance headquarters.

Arriving there, the Straw Hats discovers Cricket, Masira, and Shoujou beaten up, and the Going Merry ruined. Sanji and Chopper wonder who did this, and help Shoujou out of the water, while Luffy asks Cricket what happened. Cricket says that they have to enhance the ship before dawn, and tells Luffy not to worry about it. Cricket asks if they have a South Bird, and as they reply yes, Nami tells them that the gold was taken. The crew is stunned, but Cricket tells them that that is something to forget about. Usopp then interrupts him, saying that Cricket spent ten years finding the gold and even lost his health to do so. However, Cricket says that it is not a problem, and says that with the entire Saruyama Alliance, they will be able to fix the ship and send them to the sky, no matter what. Usopp is surprised, but Zoro suddenly notices and shows Luffy a mark on the side of a tree, which Nami recognizes as Bellamy's symbol. Zoro asks if Luffy needs help, but he declines, and Nami says that they need to stop fooling around, as there are only three hours before dawn. Luffy then asks Robin if he can reach Mock Town by running along the shore, and she tells him yes. Cricket tries to stop him, but Zoro says that he will need a sword to do so. Luffy departs, saying he will be back before dawn.",
232,"Animal Theater: Nami—with all her worldly belongings in a Straw Hat suitcase, and a fox her only companion—hitchhikes on the barren Route 666.","A local drunkard is taking a leak in the ocean, before noticing a new bunch of bounties coming in. Looking through the wanted posters, he finds two that he immediately recognizes: Luffy and Zoro, who were publicly humiliated only this afternoon before at their mention of Sky Island. However, when he sees how high Luffy's bounty is, he is struck with horror, as it is not 30,000,000 anymore, but 100,000,000!

Meanwhile, with Nami's warning about Sky Island's deadline ringing in his ears, and the memories of Cricket flashing through his mind, Luffy dashes towards Mock Town to get Cricket's gold back.

In Mock Town, the Bellamy Pirates are celebrating their find, as well as mocking the Saruyama Alliance, until the drunkard rushes in. When he spots Bellamy, he warns him that he needs to get out of town at once before he is killed. When Bellamy asks who would dare to threat him, the drunkard tells the entire bar of the bounties. This is enough to strike them with terror, as both of them have bounties higher than Bellamy's 55,000,000 bounty.

However, this only makes Bellamy laugh. Then, he berates the entire bar, as he believes that the posters are forgeries made by them in order to scare them. This causes the bar to calm down, until the enraged call of Luffy shocks them again.

Bellamy walks out to see who is calling, until he sees Luffy on a building. When Luffy tells him that Bellamy is to return the stolen gold, Bellamy uses his Bane Bane powers to get up on the roof as well. He tells him that since he stole the gold, it's rightfully his, but Luffy tells him that he's stealing it back.

Bellamy continues to mock Luffy, as the drunkard is more and more distressed, but Sarquiss tells him to knock it off, starting to doubt that even Luffy's 30,000,000 bounty was real. Bellamy wonders how Luffy is supposed to fight, or if he's just going to stand around like their last encounter. When Luffy tells him that the last time was different, Bellamy starts off the brawl by using his powers to jump off the building and crack the tower in two.

Bellamy lands on another building, and readies his Spring Snipe to do Luffy in. He hits the top of the tower, which sends Luffy crashing down on the ground. As Luffy gets up, Bellamy uses his ultimate move, Spring Hopper, which people comments was exactly the same move he used against Roshio.

As Bellamy continues to bounce around, he continues to mock Luffy, as well as mocking all the dreamers as well. This enrages Luffy, whom asks Bellamy if he asked Luffy if he knew how to throw a punch, while cracking his knuckles. As Bellamy moves in for the kill, Luffy punches his cheek with extreme force, knocking Bellamy down to the floor, ending the fight with only one punch.",
233,"Animal Theater: Zoro tries to basket-fish in a raging river; a nearby bear offers to share its own catch, but is refused.","In Mock Town, Luffy had just defeated Bellamy with a single, powerful punch. Onlookers are stunned to see the mighty Bellamy taken out so easily. As Bellamy lies unconscious with a fist imprinting in his face, Sarquiss tells him to get up and fight. Luffy however, simply stands over Bellamy, who does not move. Sarquiss yells again, telling Bellamy to not be stupid and to give off the usual show. He says that he is the super rookie with a bounty of 55,000,000. Just then, a piece of paper blows into Sarquiss' face, which is then shown to be Luffy's bounty poster detailing his bounty of 100,000,000. The man who had told the Bellamy Pirates that both Zoro and Luffy has higher bounties than Bellamy says he is right, making everyone afraid of Luffy. Luffy then asks for Cricket's gold back. However, most of the pirates, having seen Luffy's real strength, runs away, screaming about Bellamy's defeat.

Back at the Saruyama Alliance headquarters, the rest of the Straw Hat Pirates works with the Saruyama Alliance to fix the Going Merry and prepare it for the journey to Sky Island. Nami asks Zoro why he did not accompany Luffy, but Zoro simply asks why Nami is changing her mind on whether Zoro and Luffy should fight so much. She says that Zoro was defeated before, but Zoro simply replies that the Bellamy Pirates did not want to get in his way, and that a fight that you will feel sorry about afterwards is painful. The crew then starts arguing and get back to work on the ship.

Back in Mock Town, Luffy, having found the stolen gold, walks out of a bar. Sarquiss, thinking that Luffy just got lucky, challenges Luffy, saying that he would not lose to a dream-chasing idiot. He asks Luffy where he is going, but when Luffy turns around, Sarquiss falls to the ground in fear. However, Luffy simply points up and says ""sky"" indicating that he is going to Sky Island.

The day before, at noon, on an unknown island, Buggy and his crew are in a cave looking for treasure left behind by a legendary pirate. Mohji asks Buggy if they are at the right place, and Buggy says that it is correct. He adds that wherever there is treasure, there are bound to be guardians and traps for it. He is saying that they must be prepared to lose their lives, when a light suddenly comes on, revealing several miners who are coming down the tunnel. Buggy, Mohji, and Cabaji start chipping away at the rock, saying that sweating is such a pleasure. However, when the boss of the miners says that the rum will taste good when they are done, Buggy explodes in a fit of rage, asking what kind of sweat he wants them to shed.

Back on board their ship, Mohji tells Buggy that they cannot find the treasure, and Cabaji tells Mohji that Buggy must have mistaken the island for another. Cabaji says that Buggy must be upset, and does not want his face to turn red, making Buggy become enraged again. Mohji says that two of the Straw Hats have bounties of 100,000,000 and 60,000,000, and they are already famous pirates on the Grand Line. Buggy says that there is nothing to worry about, and says that witches fatten the kids before eating them. Mohji then realizes that the higher Luffy's bounty is, the higher Buggy's bounty will be when he defeats him. To celebrate the intelligence of their captain, the crew decides to party until nighttime, but Alvida tells the crew not to be so noisy, and says that if they cannot take care of Luffy if they do not know where he is. Buggy tells her not worry, and when an unknown person says that he can provide information, Buggy turns to him. Buggy then realizes that he does not know who the person is, and asks of his name. The figure, who is revealed to be Portgas D. Ace, says that he was attracted by a strong scent is sorry for interrupting the party. Buggy asks him who he is, and that he does not care about his overly inflated ego, but some of his crew members then inform his that Ace is the infamous ""Fire Fist Ace"", commander of Whitebeard's second division. Ace is happy to hear that they know about Whitebeard, but then suddenly falls asleep, surprising the crew. Mohji encourages Buggy to attack Ace, saying that if he does, they will become famous, but Buggy is against the idea, saying that they cannot fight against Whitebeard's men. Buggy says that Whitebeard is the only who tied in a fight against Gold Roger, and is the strongest man in the world and the one closest to One Piece. Buggy says that Whitebeard hates his friends getting hurt, and when Alvida comments that Buggy knows him well, Buggy states that when he first entered the Grand Line, he met him head-on. Ace then wakes up and says that it is cool that Buggy knows Whitebeard personally. Ace asks if it is a party, and Buggy, seeing the rare occasion, throws a big party. Ace then has Richie jump through a ring of fire.

At the Holy Land of Mary Geoise, it is revealed that Shanks had sent a messenger to Whitebeard, creating tension in the World Government. The Five Elders discusses the issue of Shanks, saying that he is not one to change the world single-handedly, and that they need to find a successor to Crocodile's position in the Seven Warlords of the Sea in order to maintain the balance of power. A Marine reports that they have summoned the Seven Warlords for this matter, but are not sure how many will come, as one of the Five Elders states that Luffy cannot be forgiven either for defeating Crocodile. Marine Headquarters then alert Mary Geoise that two of the Seven Warlords of the Sea, Bartholomew Kuma and Donquixote Doflamingo have arrived.",
234,"Animal Theater: Usopp goes spearfishing, diving deep enough to encounter a whale.","At Mary Geoise, two Marines are fighting. One states he has no control of himself, and that his hands are moving by themselves. Vice Admiral Tsuru tells the Warlord Doflamingo to stop. After being asked to stop with his antics, Doflamingo takes matter further by having the two Marines draw their swords ready to kill each other.

Just then, Sengoku walks into the room and states that he is being formal but refers to Donflamingo as ""sea scum"", which Kuma agrees is right on target for the comment about Donflamingo. Surprised that 2 of the 6 remaining Seven Warlords of the Sea came, he starts the meeting. Doflamingo and Sengoku exchange comments on the success of pirating. Just then, Mihawk arrives, commenting on the behavior of the Marines and other Warlords he has heard from outside the room. Doflamingo states Mihawk was the least expected person to show up and Mihawk replies he is merely a bystander as this meeting is about pirates of interest to him.

Just then they are interrupted by another person, a silhouette of a man is seen greeting himself as a observer also, but stating he wishes to take part in the meeting. He is identified by Vice Admiral Tsuru as Laffitte, a policeman who was renowned for his violent ways and exiled from the West Blue. He states he wishes to put forward his captain's name for nomination of the Seven Warlords of the Sea.

Somewhere in the Grand Line, on board a ship belonging to Whitebeard, a guest arrives. Rockstar greets himself as a rookie, but asks a member of the Whitebeard Pirates if he had ever heard of the pirate Rockstar, to which he receives the reply of ""no"". Whitebeard tears up a letter for him from Shanks, Rockstar's captain. Whitebeard is angry Shanks sent him a letter and tells Rockstar his captain must come in person and bring plenty of good rum.

Elsewhere, Shanks talks on a Den Den Mushi to Rockstar. Shanks laughs about how the old man has not changed a bit. He denies Rockstar the chance to redeem his honor against the Whitebeard crew and is ordered back. Benn Beckman questions his captain over whether they should go to Whitebeard or not. Shanks replies, the crew should prepare for battle.

At the Marines' and Seven Warlords of the Sea's meeting, the name of ""Teach"" is put forward by Laffitte. He is told that because he is an unknown pirate, he is of little value to them. But Laffitte states they are working on that and to remember the name of the Blackbeard Pirates.

At Mock Town, Blackbeard and his crew makes their move. Sarquiss knocks into Teach and rudely tells him off for it, to which Teach replies by slamming his head into the ground. They state they've been waiting for someone worth 100,000,000 to chase for a while.",
235,"Animal Theater: Robin sprouts a spare leg for a wounded hyena, so it can join in a ball-game with its friends.","Nami is frustrated that Luffy hasn't returned, indicating that he's 46 minutes late and they won't make the Knock Up Stream in time if he doesn't hurry. She resolves that he's probably late because he didn't think about how carrying the gold would affect his time, but Sanji and Usopp are in agreement that calculating time is something Luffy would never consider. Chopper suggests that he could have been beaten, to which Nami replies she'd never forgive him for even if he was on time. Just then Luffy returns, proudly holding up a hercules beetle (that he aptly named Hercules), confusing everyone present. He is then awestruck at the newly refitted Going Merry, furthering Nami's annoyance with him. After returning Mont Blanc Cricket's gold to him, he urges the Straw Hats to hurry to the ship. Luffy tries to thank him for the ship, but Cricket tells him to thank Masira and Shoujou instead. Luffy does so and offers them Hercules, much to their appreciation. They however also urge him to hurry to the ship, as time is limited. As Luffy runs to the ship, Cricket reflects on all the times that the ""City of Gold"" has been laughed off as his ancestor's imagination. He then shouts to the Saruyama Alliance not to screw this up, and to give it their all for Straw Hats. Luffy smiles at this, and finally boards the ship to set sail. As they prepare to head off, Cricket tells Luffy that one thing is certain: No one has ever proven that the City of Gold and Sky Island do not exist. He then wishes the Straw Hats a safe adventure, and they finally depart.

Aboard the Blackbeard Pirates raft, they are still in search of Luffy. Blackbeard mentions how Luffy indicated he's going to Sky Island, and that they must catch him before then or it will be tough to track him down.

Masira and Shoujou remind everyone that is 7:00 a.m., and they should be reaching their destination around 11 a.m. Reiterating how the Knock Up Stream's exact location is different every time, they emphasize that they must get there early to search for its exact position. They try to explain further how Luffy's tardiness impacted this, but they notice he is not paying attention, fooling around with the south bird. He keeps turning the bird's head to see if it will stay in a different direction other than south, but to his amusement, it keeps springing its neck to face south. It gets highly annoyed at Luffy's antics and tells him (translated by Chopper) that he will turn a different direction to throw the pirates off. He turns north, but he is clearly straining himself to do so, and eventually has to face south again, causing more laughs from Luffy and Usopp. Luffy's carefree attitude about their schedule annoys them slightly, but they agree that worrying about it will do them no good and they press on.

3 hours later, they notice the Millenium Cumulonimbus cloud approaching them from the southwest. It is an hour early, but the Saruyama Alliance takes the necessary action regardless, and sends their scuba divers in to search for the stream. Shoujou uses his sonar ability to evaluate their surroundings. There is a strong sea current directly ahead (12 o'clock), a Sea King directly to their right (9 o'clock), and slightly to the northwest (10 o'clock) there are giant waves, indicative of a large whirlpool. Masira exclaims that is it, and tells them to steer in the 10 o'clock direction. He states that the whirlpool and huge waves are a sign of the pending explosion that creates the Knock Up Stream. The tumultuous waters instantly concern the Straw Hats, and Robin asks Nami to check the log pose. Like before, it is pointing straight up to the clouds. Shoujou and Masira both comment on how perfect the conditions are for the Knock Up Stream, and Luffy asks if they can get there. They assure him they can, and begin pulling the ship in the right direction themselves. The whirlpool has now become extremely large, as the brothers tell them that they actually have to make it to the center. This generates mixed reactions from the crew. Nami instantly freaks out, as it was never explained to them that they'd have to travel to the center of a gigantic whirlpool. Chopper seems excited at the prospect of their ship flying through the air, Robin simply comments on the size of the whirlpool, and Sanji promises to protect the ladies. Usopp is freaking out as well and wants to turn back, but Zoro tells him it is too late, as Luffy is extremely excited to finally make it to Sky Island.",
236,"Wapol's Omnivorous Hurrah, Vol. 1: ""Even If I Get Killed, A Great Man Such As I Will Not Just die!""
An unfamiliar island bears the footsteps and bite-marks of a very familiar individual.","As the crew gets closer to the center of the whirlpool, a Sea King emerges to attack them. Even he quickly succumbs to the power of the whirlpool however, terrifying Nami, Chopper, and Usopp while Luffy looks on unfazed. Masira and Shoujou wish the crew luck, as Usopp and Nami frantically try to get them to bring them back away from the whirlpool. They notice that the whirlpool is actually sucking them in now, and then turn their complaints to Luffy. They try to convince Luffy that the whirlpool alone is deadly enough and the Sky Island is just a fantasy, but to their horror, this only excites Luffy further. He tells them that if they were to miss an adventure like that, they'd regret it for the rest of their lives. As they sulk in acknowledgement of their failure, Zoro points out what has been happening during their fruitless efforts: the ship is now completely airborne, and about to plummet to the center of the whirlpool. Just as it falls however, the whirlpool seemingly disappears.

While they wonder how a whirlpool that large could just disappear, Nami notices something: the whirlpool has actually gone into the seabed. As they contemplate this new revelation, Usopp, Luffy, and Zoro notice the Blackbeard Pirates approaching them from the rear. Nami remembers him from Mock Town, while Sanji doesn't recognize him. Blackbeard announces that he's here to collect Luffy's 100,000,000 bounty, while the Saruyama Alliance ponders who he is from a distance.

Blackbeard wonders why it is only dark where they are, while a puzzled Luffy is questions this bounty, which confirms Blackbeard's suspicions that he was unaware of it but nonetheless reveals Luffy's bounty increase while also announcing Zoro's bounty. Usopp looks through his binoculars and confirms, informing Zoro that he's become a wanted pirate as well. Sanji asks Usopp to look again in hopes that there is one for him too, but he coldly tells the cook there isn't one, greatly disappointing him. Luffy is overjoyed at the new bounty, while Zoro casually smiles at his, wishing the amount was larger. Nami herself wonders what role Arabasta's events played in this, and tells Luffy and Zoro not to get cocky. Shoujou and Masira yell for them to stay focused, as the Knock Up Stream is approaching. Just then, the water beneath the Going Merry begins to swell and rise. Blackbeard is confused, and the Straw Hats all frantically look for a place to hide or something to grab on to. There is a massive explosion beneath them, and the Knock Up Stream finally emerges. It immediately blasts the Going Merry into the air but utterly destroys the Blackbeard Pirates' raft in the process.

Mont Blanc Cricket watches the Knock Up Stream from a distance, and breathes a sigh of relief. The stream is shown to extend all the way into the sky, above the clouds.  The Straw Hats are still struggling to brace themselves as they ride the stream upward, while Shoujou and Masira cheer them on to Sky Island. The Straw Hats are confused by what is causing them to sail vertically upward, and Nami wonders if it is the wind. Sanji notices that the ship is slowly losing contact the with the stream itself, and points out that they will eventually get blown off if this continues. The crew isn't sure what can be done about this, as they are having enough trouble just holding on to the ship. To make matters worse, the Sea King from earlier emerges from the stream and falls towards them, among other debris that had fallen victim to the stream's power. Sanji further deduces that they will end up like that sooner or later if they don't do something, setting off a flurry of mixed reactions from the crew. In the midst of the chaos, Nami tells the crew to release the sails. They are confused by this, but Nami explains that this is no mere stream that they are sailing on: this is the sea itself, and they are riding a current, it just so happens to be going vertically upwards. She continues to explain that the water vapors from the explosion below are actually creating an updraft of air for them to ride. Since their opponents are the wind and sea, they will conquer them sailing by on in their faces. She concludes by reminding them all who's the crew's Navigator, reaffirming their trust in her ability.

Nami directs the crew to align the ship to be parallel to the stream itself. Sanji tells them to use the wind to help align the ship, but also actually picks Luffy up and throws him in into the deck of the ship for additional momentum. Chopper however points out that the ship has almost lost contact with the stream, and is falling. He implores Nami to come up with another plan, but she says there is no need. The Going Merry completely drifts off the Knock Up Stream, but with the sails released, and new wings as part of its refit, the ship begins to fly along the stream. The crew is amazed at the ability of the ship and Nami's navigation skills, with Sanji fawning excessively. Nami states that as long as they follow this wind and stream, they can make it anywhere. Luffy asks Nami when they'll make it there. She isn't sure, but the crew is finally approaching the Millenium Cumulonimbus cloud, and she believes it should be beyond there. Luffy wonders what will be on top of the cloud when they get there, as the Going Merry finally begins to enter the clouds.",
237,"Wapol's Omnivorous Hurrah, Vol. 2: ""My Glorious Essence Shall Consume A Tree"".
Wapol continues across the island, eating and then morphing into a tree to amuse himself.","The Straw Hat crew find it difficult to breathe, as they reach what seems to be a sea in the sky, made of clouds. Meanwhile, the Blackbeard Pirates discuss about the Straw Hats getting away on the remnant of their raft that was destroyed by the Knock Up Stream. Burgess insists that they chase after the Straw Hats, but their captain assures them that they will meet again, so long as they both stay in the Grand Line.

Once they get used to the atmosphere, the Straw Hats are astonished by the scenery on the cloud sea. Chopper interrupts the crew to tell them that Usopp isn't breathing and then proceeds to perform CPR on him. Meanwhile, Nami comments that the log pose is still pointing up to which Robin replies that maybe they are only the middle part of the millennium cumulonimbus. Usopp decides to go for a swim to which Sanji advises against as they still don't know anything about the sea of the sky, but ignores him and dives anyways. While on his dive, Usopp is surprised by the little resistance of the sea of the sky and comments on how it is very blurry. He then decides to dive even deeper.

Back on the ship, the crew notice that Usopp has not returned yet. Robin expresses concern and questions if there really is a sea floor in the sea of the sky. This leads to them to deducing that Usopp fell off the cloud. Luffy stretches his arm into the clouds to save Usopp, but says that he can only rely on his sense of touch since he cannot see through the clouds to which Robin assures him that she will handle it. She uses her devil fruit ability to make eyes sprout out all over Luffy's hand and the rest of his arm as well. Through the combination of their devil fruit abilities, they manage to grab Usopp and pull him back on to the ship. Following Usopp though, come a giant octopus and a sea monster who try to attack the ship, but Zoro immediately slices one of the arms of the octopus off and then Sanji joins in, defeating them. Robin takes interest in a fish that ended up on the Merry. She states that the fish is actually a sky fish, a strange creature described in Noland's diary and assumes that because there is no sea floor in the sky ocean, the sky fish must have evolved in various forms in order to survive. As a result, some sky fish became flat and some became like balloons in order to make themselves lighter due to the buoyant force in the sky ocean being much weaker than in sea water. Nami also adds that the sky fish's scales look like feathers and that its carnivorous mouth is weird. While they were still talking, Luffy snatches the sky fish and has Sanji saute it. Luffy takes a bite of it exclaims that it was delicious, but Nami yells at him, saying that they were not done with it yet. Nami then takes the food and tries it for herself.

While most of the crew is focused on the sky fish dish, Chopper notices in the distance another ship and, what appears to be a human, attacking and destroying it. Before the panicked Chopper manages to explain the situation to his crew mates, the masked man comes, seemingly running on the clouds, and attempts to attack the Merry. Luffy, Zoro and Sanji attempt to fight the attacker, but are quickly overwhelmed. Nami calls out to the three, asking what is wrong with them while Usopp continuously mumbles that Sky Island is scary. Just when the attacker is about to finish off the crew with his cannon, another mysterious individual appears. He thrusts his lance at the attacker which sends the latter flying into the sky sea. Nami cries asking who it is now. The mysterious savior reveals himself. An old man, wearing armor and riding a huge bird. He introduces himself to the Straw Hats as ""The Knight of the Sky"".",
238,"Wapol's Omnivorous Hurrah, Vol. 3: ""My Glorious Essence Shall Consume A Lamp"".
As night falls, Wapol morphs his head into a lamp, disturbing the local wildlife.","Nami scolds the Monster Trio (Luffy, Sanji, and Zoro) for being useless. Chopper thanks Gan Fall for helping them, but Gan Fall says it is his duty. Luffy says that he is unable to move normally and Robin states it is because of the scarce oxygen present in the place. Gan Fall asks the Straw Hats if they are citizens of Blue Sea, and explains that an average citizen of Blue Sea cannot stand here. He informs the Straw Hats that the White Sea is filled with a lot of danger and he would help them only if they pay him 5,000,000 for each call made by them through the whistle. He also states that the Knock Up Stream wasn't the only way to come up, making Nami cry over the difficulty she has had. He asks the Straw Hats if they lost any crew members and states that they are very brave to come here through such a dangerous method, earning his respect. He departs from the scene after giving the Straw Hats a whistle to call him.

Robin remarks that they have not found any information relating to Sky Island. The crew then comes across a waterfall, they then sail to it until realizing it is blocked by a big cloudbank. Luffy decides to investigate the cloudbank. Luffy finds it is bouncy, saying it is soft like cotton, which makes Nami ponder about the phenomenon. He notices a huge door on the other side and Straw Hats check it out. They come across a door that is named as Heaven's Gate, in which an old lady, whom she calls herself the ""Watcher of the Gate"", appears and asks them to pay a fee to access the island, though she states that it is not compulsory to pay the money. After the Straw Hats refuse to pay the fee, the sea's speedy shrimp carries Going Merry to the island. Meanwhile, the gatekeeper is seen reporting to a ""god"" and his priests about seven pirate interlopers.",
239,"Wapol's Omnivorous Hurrah, Vol. 4: ""My Glorious Essence Shall Consume A Bench"".
Wapol begins directly tormenting the people of his new island, morphing into a bench and then revealing himself at the worst possible time.","The Straw Hat Pirates travel up a line of clouds shaped like a river and reach the entrance to the Sky Island ""Godland Skypiea"". They fly into the Sky Island propelled by the river and look with amazement at the buildings and clouds shaped like a sea. The crew reaches the beach and Luffy, Usopp, and Chopper jumps off the ship and run off as fast as they can to the beach to explore the surrounding area.

Zoro asks about dropping the anchor where he comments that it would be impossible since the sea is bottomless, but Luffy does not care at all so Zoro drops it anyway. Sanji gets caught in the fun and heads to the beach. Then Nami is being attacked by the south bird which they forgot to release and it leaves. Zoro understands that the beach is the island's structural basis. Robin states that she has not thought of a landing being so adventurous, while Nami notices that the name of the island is the same as that form the map Luffy found.

Luffy gets really excited that the island is filled with scent of adventure. Nami thinks that she can relax for a while without having trouble with the Marines while Sanji examines the flowers of the island. Luffy sees a strange pumpkin-like fruit and tries to bite into it, but it is too hard and offers the fruit to Usopp while Zoro, now out of the ship, questions whether it is really clouds they are on since his feet are wet. Sanji offers Nami a flower while she ignores him and checks out sofas made of clouds with Chopper. Then music begins to play and a small fox appears, which Zoro comments on seeing it, and Sanji points out a person on a hill far back. Usopp comments that is may be a raider, but Sanji shouts out that it's an Angel because of the wings and harp. The ""angel"", which is a beautiful woman, turns towards them, salutes them and approaches them.

She asks them if they are from the Blue Seas to which Luffy informs her that they came from flying up from below. Then she informs them that this place is known as Angel Beach of Skypiea Island and asks Luffy if he would like to drink from the fruit, called Conache, which he tried to bite into earlier. She cuts open the fruit which Luffy drinks from and comments how good it tasted. After opening the fruit, she introduces herself as Conis, a box also informs the reader that the fox seen earlier is named Su, and says that she can help them if they have any problems. Nami says to her that there are many things she wants to know about the island and comments on how unbelievable everything is.

Then the Straw Hats notice a man coming from the sea. Conis says that he is her father riding a waver. He crash lands and asks if anyone is hurt which Zoro remarks that he should be asking himself that question. The Waver is explained by Nami from Noland's diary that it is a boat which can sail without wind. After asking his daughter Conis if the Straw Hats are her friends, she informs him that they are from the Blue Seas. He then tells the crew that they are in the White-White Sea and introduces himself as Pagaya. Pagaya tells the Straw Hats that he just finish fishing in the White White Sea shows them the Sky Lobsters, a delicious sea food in white sea. The Straw Hats are invited to his home, while Nami asks the reason why the Waver sails without wind. Conis states that it is because of dials and asks Nami if she knows what a dial is.",
240,"Wapol's Omnivorous Hurrah, Vol. 5: ""Any Time, Any Place, Any Town Is My Treat"".
Wapol throws all caution to the wind, and starts eating a town in broad daylight.","Pagaya allows Luffy to ride on his waver, which Luffy stands on it and finds the accelerator for it. It starts up at a high speed which Luffy cannot control and because of the lack of control, he flips and lands in the sea of clouds. Sanji and Zoro believe that that Luffy's devil fruit weakness will not affect him since the sea of clouds appears different than the normal sea, but is quickly proven wrong once Luffy begins to sink into the sea. Once Zoro saves Luffy, Sanji and Zoro began arguing as Pagaya explains that to ride a waver well that it takes years of practice. However, Nami begins riding the waver and can easily control it despite never had ridden one previously and continues riding while the other does to Pagaya's house.

As the others walk up a long flight of stairs, Pagaya asks Zoro if they went through the milky road in order to arrive here and begins explains that it is in fact an artificial cloud channel. He further explains the two natural cloud types: sea clouds and island clouds (which can be compared to land and sea) as well as the reason for the abnormality which is because of the substance called pyrobloin from the mineral, seastone. Continuing his explanation, the two types of clouds are made of pyrobloin which is ejected from volcanoes and makes contract with water in the air. Also, he says that the milky road is made by the cutting factory and adjustmenting the substance's molecules.

Everyone reaches the top of the flight of stairs as well as Pagaya's house. Inside the house, Robin asks what are the dials, which they also discover that there are multiple dials for everyday tasks and appliances, are able to power the waver which Conis explains how the Wind dial works to power the waver. After hearing this, Luffy wants a waver. Usopp replies that they already have one, but it is 200 years old and probably cannot function anymore. However, Conis informs them, that as long as the dial shell is intact, the waver can still function. In the kitchen, Sanji finishes cooking and brings it out for everyone to eat; however, he notices that he cannot see Nami outside anywhere. Luffy said not to worry about it, although Conis and Pagaya are nervous about her whereabouts. They then explain that there is an area where no one should never go which is near the island called Holy Island which is where the God lives, but it seems that Nami has reached the island.",
241,"Color Spread: ""Yo-ho!""
The Straw Hat Pirates have gone rock-climbing. While Luffy, Nami, and Usopp take note of a large bird (Nami feeding it, Usopp trying to sketch it with a fiercer expression), and Chopper and Robin enjoy their drinks, Zoro and Sanji straggle behind.","Luffy is very much intrigued by the forbidden place, where God resides. While the Straw Hat Pirates eat the dinner their hosts offered, they realize that Luffy will go on that place, one way or another, but first they decide to go find Nami. Pagaya offers to take a look at their waver since he is a dial boat technician.

Meanwhile, Nami has reached a piece of land with huge trees, when she hears a noise. Fearing this place could be dangerous, she is about to turn away, when she senses someone behind her. Suddenly, a man comes running desperately out of the forest, chased by another man and his giant dog. As the dog is about to attack the running man, another person arrives, riding a bird, and intercepts him. After kicking the dog away, the man tries to attack the escapee himself, but is in turn stopped by yet another pursuer. Seeing the ruckus, the man, standing behind Nami, shoots with his bazooka straight towards the four men, causing a huge explosion. Once the smoke clears, the desperate man notices Nami and begs her to take him on her boat and help him escape, offering anything in return. Before he manages to finish his plea though, he gets struck by, what seems to be, a lightning strike. The man with the bazooka wonders if that was caused by Enel and decides to retreat.

The three pursuers, joined by a fourth man, seem to be actually allies, as they are seen discussing casually about the incident. The fourth man informs the rest that seven illegal trespassers from the blue sea, have recently entered their territory. Nami is eavesdropping the discussion and, realizing the trespassers are none others than herself and her crew mates, she fears that the same fate might be awaiting them, too.

Back on Angel Beach, the police force of Skypiea, the White Berets arrive, lead by Captain McKinley, to investigate the illegal trespassing incident. When they arrive at the shore, they notice a ship. Luffy, who was working, along with Pagaya, on the Waver, sees them and wonders who they are.",
242,"Wapol's Omnivorous Hurrah, Vol. 6: ""My Glorious Essence Is Gloriously Arrested"".
The law finally catches up to Wapol, as two Marines arrest him for all his antics.","The White Berets crawl cautiously towards Luffy, much to his surprise and his crew's concern. McKinley reveals a photo of the Straw Hats taken by Amazon, which confirms that they are the illegal trespassers. While Pagaya tries to reason with them and the others wonder what this is all about, McKinley assures them that their crime is not so serious (class 11) and that if they pay a fine of ten times the entry fee, they can go back to be considered regular tourists. That still seems a lot for the Straw Hats to pay, so they try to negotiate.

At that time Nami arrives at the beach. When she gets informed by Usopp about the fine, she gets so mad that she drives her Waver straight on McKinley's face, sending him flying. Pagaya warns Luffy and his crew that they are in danger, to which they agree and decide to make a run for it. A bloodied McKinley stops them, announcing that their crime is now of class 5 and sentences them to drifting cloud, a small cloud that drifts in the sky with no chance of getting off, in other words a death penalty. The White Berets proceed to attack the crew, using cloud arrows and dials, but Luffy, Zoro and Sanji manage to defeat them relatively easy. McKinley, though, warns them that they have now become class 2 criminals and that they will now be judged by the relentless Priests of Upper Yard.",
243,"Wapol's Omnivorous Hurrah, Vol. 7: ""King Dalton of the Sakura Kingdom"".
On some faraway island, the citizens work merrily alongside their new king and new crest, perhaps unconsciously knowing what has become of the old one.","The Straw Hat Pirates talk their situation out, trying to find a solution, while Pagaya and Conis sadly announce that they cannot help them anymore, since they are wanted men. Luffy calms everyone, stating that, either way, they are used to being chased by the authorities. He then argues with Nami about whether they should go to the forbidden land or not.

Zoro interrupts the argument, wondering if there is actually a way to return to the Blue Sea. Conis explains that right now there is no safe route for them to follow, but they can return to the White Sea, head towards the clouds' end. As they decide to set sail, Luffy asks for food supplies and Usopp for some tools to repair the ship. Little did they know, that Luffy had not given up on the idea of going to the forbidden land. Although Nami keeps protesting, they all know that if Luffy sets his mind on something, he will do it no matter what.

As Sanji prepares the lunch boxes and Usopp gathers his tools, they notice the ship being dragged in the sea, against their crew mates will, by a giant shrimp, accompanied by sea monsters, to assure the criminals will not escape. Pagaya explains that the ship is taken to the sacrificial altar, the northeast portion of Upper Yard, where they will either be sacrificed to the God, or be simply trialed. In other words, the ship and people in her are taken hostages, and it is the ones left behind who have to go through a series of trials, in order to save them.

After explaining the way to get there, Pagaya warns Luffy that apart from the quite strong priests, God Enel himself resides on Upper Yard, too.",
244,"Wapol's Omnivorous Hurrah, Vol. 8: ""My Glorious Essence Makes Its Tearful Escape"".
Wapol somehow manages to free himself, and spends the rest of the day chased by the Marines.","Conis takes Luffy, Sanji and Usopp to the city of Angel Island; they notice that the citizens try to avoid them or regard them suspiciously, because they are considered criminals. While walking on the street, they come across a statue that symbols vearth, the idol of the citizens of the sky. As they leave the city to head to the port, McKinley is seen following them in secret.

Upon arriving at the port, Luffy gets excited by all the strange shaped boats, but is disappointed when Conis presents them the ship they will be taking, Karasumaru. After getting directions on how to reach the milky road, Luffy notices Conis is trembling in fear or anxiety. Conis reveals that taking them there could be a trap, instead of letting them rejoin the rest of the crew. She caves in and, despite the other citizens' warnings, admits that she was the one who called for the super-express speedy shrimp; fearing that if she didn't, her own life would be in danger. Seeing her cry and beg for forgiveness, Luffy scolds her, not for betraying them, but for revealing the truth to them and putting her life on the line once again.

As Luffy finishes his sentence, a huge lightning bolt comes from the sky, right on the spot he and Conis were standing. Once the smoke clears up, the citizens mutter about what happen, and one claims that, no one can escape the god Enel's wrath. Fortunately, Conis and Luffy were saved at the last minute by the Knight of the Sky, revealed to be called Gan Fall, the previous God of Skypiea.

As Gan Fall drops Luffy back to his crew mates, he assures them that he will protect Conis from any harm; and asks them what their plans are, now that they have learned about this island and God's power. Luffy replies that he doesn't want anything to do with God or his island, but he still has to go there to rescue his friends. The three Straw Hats get on the boat and start sailing towards Upper Yard.",
245,,,"('Connection aborted.', ConnectionResetError(10054, 'An existing connection was forcibly closed by the remote host', None, 10054, None))"
246,"Color Spread: Usopp, Luffy, Nami and Chopper relax in a swamp. Chopper is rowing Nami on a straw boat, while Luffy meditates on a lilypad (a cat sleeping atop his head); Usopp is about to throw a rock at Luffy, unaware a bird overhead is about to do the same to him.","The four priests of God discuss the Class 2 crime the Straw Hat Pirates committed, and prepare for their punishment.

As Luffy, Sanji and Usopp sail along the milky road, they arrive at a point where their route splits between four doors leading to a respective trial, each one bearing a name: Orb, String, Iron and Swamp. Luffy, casually suggests the trial of Orb, and the other two agree.

As they enter the door, they go through a dark and long corridor. Luffy jokes about them picking the wrong door, and when they finally reach the exit, they start falling. Believing they have fallen off Sky Island, the three panic, but they land on what seems to be a continuation of the milky road, which leads them into a forest filled with various sized cloud orbs.

As the three of them continue sailing, they get attacked by a giant snake, but Luffy sends it flying. Shortly afterwards, a large white orb blocks their path; when Sanji attempts to remove it by kicking it, the orb explodes in their faces.

Suddenly, a voice is heard, explaining that these clouds are called ""surprise orbs"", and no one can predict what will appear from inside them. A man appears, and introduces himself as Satori, one of Enel's priests. Sanji asks him if the rest of the crew are alright; he replies that he doesn't know, but even if they manage to escape custody, they would still end up dead. When Luffy tries to attack him, Satori predicts the attack and avoids it, before striking Luffy in the face with an impact dial attached to his palm. Sanji attacks him as well, but his moves are predicted by the priest again, by a power called Mantra. Usopp tries to fight, but gets beaten up as well.

Satori sends the boat, the Straw Hats' only means of reaching the sacrificial altar, sailing along the milky road. He then goes on to explain the trial of orb, stating that it has a survival rate of 10%.",
247,"Wapol's Omnivorous Hurrah, Vol. 10: ""The Little Match-Glory"".
As winter comes, Wapol tries to make a living selling matchsticks, with about as much luck as his new namesake.","Luffy, Sanji, and Usopp are amazed by the priest's power, who taunts them, telling them they have to hurry and beat him in order to catch up with their boat. Luffy sends the other two to find the Karasumaru, saying that he will take care of their enemy. He attacks Satori, but his moves get predicted again, and he is easily defeated. Satori turns his attention to Usopp and Sanji, attacking them with his orbs and stalling them, until Luffy returns to the fight. Luffy's punches not only miss their target, but hit all the nearby floating orbs, setting off all their hidden surprise traps at once.

During the attack, Usopp finds the time to use his rope weapon to reach the boat; while this reaches the boat, it is not entirely successful, as he forgot to detach the rope from his belt, and is dragged along underneath. Satori lands a very powerful attack with an impact dial on Sanji's chest, stating that the other two are next.

Meanwhile, back on Going Merry, Chopper has been left alone to guard her; when one of Enel's priests, Shura, arrives to collect the sacrifices, Chopper panics, blowing the whistle to summon Gan Fall, the Knight of the Sky, in a desperate call for help.",
248,"Wapol's Omnivorous Hurrah, Vol. 11: ""My Glorious Essence, Under the Bridge"".
After another unsuccessful night, a tearful Wapol retires to his ""home"", eating his way through a pile of abandoned toys.","Conis and Pagaya have sought refuge in Gan Fall's residence. There, the former God is seen watering his pumpkin crops, while discussing with his guests about the recent events. Gan Fall explains, that those people were pirates from the blue sea, groups that are considered sailing criminals, though he prefers to call them ""people that don't follow rules"". He goes on about having met another group of pirates, 20 years ago, whom he befriended. Gan Fall expresses his worry about the ongoing conflict between Skypiea and Shandia and reveals that his negotiations, while he was God, had almost bore fruits, but it was then, when Enel invaded the country and assumed control.

As he apologizes about his failure, he remembers an old legend speaking about a beautiful song heard, when God's island was born; a song that signaled the beginning of the war. Gan Fall believes that, when this song is heard once more, that's when the war will, finally, end. All of a sudden, seeing Pierre uneasy, Gan Fall wears his armor and departs.

Back at the ship, Chopper is seen, bruised, trying to put out a fire on the main mast, and begging the attacker to stop. In a desperate move, Chopper breaks the mast right of and throws it in the sea. However, Shura keeps setting fires on the ship, using his lance and states that if Chopper wants to survive, he has to make sacrifices.

Shura explains, that the forest is divided into four territories, each one controlled by a priest, but the altar doesn't belong to any of the said territories. If the invaders survive the trials of the forest and reach the altar then they are free to go. However, since some of the sacrifices broke the rules and left the altar, Shura claims that someone else must pay for it with his life.

As Shura attacks Chopper with his lance, Gan Fall appears. The two men engage into an aerial battle, riding their birds. Shura looks down on Gan Fall, calling him an old man, but the former God, with a swift move, manages to land a dial attack on his opponent, much to Chopper's amazement.",
249,"Wapol's Omnivorous Hurrah, Vol. 12: ""Baku Baku Factory!! Glorious Fun With the Riverside Junk"".
To amuse himself during the day, Wapol uses his powers to combine the junk he eats (and animals that wander near) into new, bizarre toys.","As the battle between Gan Fall and Shura continues, elsewhere, a little girl is shown walking amongst the clouds, when she finally arrives in a village hidden inside the clouds, the village of Shandia. The girl, named Aisa, meets a Shandia warrior there, who warns her that, if she keeps going to Upper Yard, she will end up dead. Meanwhile, the rest of the warriors discuss about Gan Fall's skirmish in Upper Yard, whom, along with Enel, they consider an enemy and hope they take each other out. The masked attacker is revealed to be Wyper, the descendant of the great Shandia warrior, Kalgara.

Zoro, Nami and Robin wonder in the forest, until Robin finds some kind of ruins that pick her interest. Ahead of them lies a river, which they have to cross, if they wish to enter deeper into the forest. Nami watches over the distance with her binoculars and spots the area called Upper Yard.

Back at the altar, Chopper is amazed by the speed in which the two opponents clash. Suddenly, Gan Fall finds it hard to move his body, which got trapped in Shura's ordeal of strings. Unable to move, the dethroned God suffers a fatal wound by the priest's lance, and with his last words, asks Chopper to defeat Enel and his priests, for the sake of all those who have fallen.

At the same time, Pagaya suggest that, he and Conis create something to help the Straw Hat Pirates.",
250,"Wapol's Omnivorous Hurrah, Vol. 13: ""The Children's Hearts, Caught By My Glorious Toys"".
To his surprise, Wapol's new mutant toys attract the local children in droves.","Gan Fall falls defeated into the water and Chopper, in desperation, dives after him to save him, despite being a Devil Fruit user. Fuza, with a hit, sends Pierre to join them. Sure about his victory, Shura decides to go after the other escapees.

Back in the forest, Satori has taken the upper hand in his battle against Luffy, Sanji and Usopp. Luffy attacks the priest but he dodges and sends a dragon made of orbs against his opponent. Usopp takes this chance to try and retrieve their boat. Luffy notices that the dragon is controlled by a rope and he cuts it loose. Satori pulls Luffy with the remaining rope towards him, but Luffy still holds the dragon on the other hand, which he throws on the scared priest, causing a huge chain of explosions.

Satori manages to survive the explosion, but loses his focus, and that's when Luffy appears and grabs him, rendering him unable to move or escape. Sanji, although hurt by the explosions, is determined to pay the priest back, for kidnapping his favorite ladies, regardless of the consequences being that they will become first class criminals. As Luffy still holds on Satori, Sanji delivers a strong kick on his head and finally defeats him.",
