chapter_number,cover_page,in_depth_summary
1,"Color Spread: Luffy, Nami, and the Red Hair Pirates party in a hoard of treasure, seagulls flying overhead and Shanks' Jolly Roger proudly flying in the background.","A man is handcuffed and in front of him there are two other men with swords, crossing into an ""X"". There was once a man who took everything in the world: wealth, fame and power, known as Pirate King Gold Roger. The pirate's last words drove people throughout the world to the sea. Roger announces that if someone wants his treasure, they can have it, saying that he left everything ""there"". Roger is executed, and the entire crowd, including a man with a pirate symbol on his hand, is cheering. The world has entered the Golden Age of Piracy.

In a small seaport village, a pirate ship landed almost one year ago. The east wind blows. It is a small peaceful village. A boy is standing on the ship's figurehead, and a man asks him what he is doing. The child's full name is revealed to be Monkey D. Luffy. He has a knife in his left hand, and he is wearing a shirt with ""ANCHOR"" written on it. He announces that he is not joking this time as he had enough, and he decides to prove it for everyone. The man is wearing a straw hat and he tells Luffy to go for it to see what he is going to do. Another man claims that the kid is going to do something funny again. The child stabs himself with the knife right under his eye, screaming in pain. All the pirates are surprised because of this. The first man shouts asking Luffy what he is doing.

In the village, the pirates and the boy have gathered in the Partys Bar. A pirate proposes to drink and celebrate to Luffy's craziness and to their greatness. Inside the bar, all the men are drinking and eating. A fat man is drinking straight from a barrel of beer, and a monkey can be seen dancing in the background. One of the pirates laughs and tells everyone to drink. Another man asks to bring him more sake. Two other men are fighting over a piece of meat. The first one calls the other one an idiot and claims that it is his meat. The second one tells the first to shut up claiming that it's his. A third man tells both of them to stop because it is shameful to fight while they are drunk.

Luffy is now patched up, but he is almost crying, claiming that it did not hurt. The man with the straw hat calls him a liar and tells him to not do something so stupid again. Luffy boasts that he is not afraid of pain and asks the man to bring him to the sea next time because he also wants to be a pirate. The man claims that Luffy is not ready to be a pirate, explaining that not being able to swim is a pirate's greatest weakness. The man is revealed to be the pirate leader called ""Red-Haired Shanks"". Luffy boasts that he will be fine as long as he stays on board and that his fighting is good, saying that he has trained and his punch is as strong as pistol fire. Shanks doubts Luffy's latter claim in a bored tone, and Luffy gets angry at Shanks because of his tone.

Many of the pirates are standing in a line, dancing with the fat man from before in the middle. A man on his left is wearing a kerchief with ""Yasopp"" written on it. One of the men observes that Luffy is unhappy. Another tells him to be happy to face anything. Another affirms that the life of a pirate is great. Another tells him that the sea is very wide, so he can go to any island and adventure. Another claims that nothing is greater than freedom. Luffy is fascinated with the pirates' words. Shanks requests that the men do not give the boy dumb ideas. The fat man argues that it is the truth. Another man confirms. Another pirate suggests to the captain that they take the child one time, since it is not a big deal. Another man and Luffy agree. Shanks orders that next time one of his subordinates shall get off the ship and let the boy replace him. Hearing this, the men turn away, while one of them comments that they said enough and that they should drink. Luffy gets angry and asks the group what kind of friends they are.

Shanks claims that the most important thing is that the child is still too young and that he will reconsider taking him in ten years. Luffy boasts that he is a man. Shanks calms him down and gives him a glass of juice, and Luffy happily accepts and drinks it. Shanks starts laughing to the point of tears, proving that Luffy is still a kid. Luffy is angry at the trick.

Luffy becomes depressed that Shanks does not let him join the crew despite the fact that he cut himself today. The bartender can be seen in the background. A smoking man tries to explain to Luffy that he should try to understand the captain's feelings since he is their leader. The man continues and says that the captain knows that the life of a pirate is interesting, but it is also very dangerous. A wanted poster of Mikio Itoo can be seen in the background on a wall. The man claims that his captain does not purposely tease the boy's ambition of becoming a pirate. Luffy thinks Shanks is not taking him serious, which Shanks proves by mocking him again.

The bartender observes that Shanks is very happy. Shanks replies that making fun of the boy is his joy. Luffy suggests again to the smoking man that the captain is not taking him seriously. The bartender's name is revealed to be Makino. She holds a barrel of beer and asks the kid if he wants to eat. Luffy claims that he will pay with his treasure. Shanks doubts the existence of Luffy's treasure and calls him a liar. The boy denies, saying that he will become a pirate and pay her with the treasure he finds. Makino replies that she will be waiting, and the kid starts laughing. Luffy is waiting with a fork and knife in his hands.

Finally, Makino brings Luffy and Shanks their meals. As the boy is struggling to bite in a big piece of meat, he raises the question of how long the crew will be staying. Shanks comments that it has been almost a year since they have made the town their base, so he is thinking of taking a few more trips and then leave and head north. Luffy manages to bite in his piece of meat. Luffy is thinking for a moment, and Makino looks at him, almost feeling sorry for the child. As the bartender is washing some dishes, Luffy boasts that he will learn how to swim by then, and Shanks wishes him good luck.

Suddenly, a man kicks down one of the doors of the bar. The whole place goes silent. The man enters the bar along with a group behind him and excuses himself. He observes the group partying, and mentions that it is his first time seeing pirates, remaining unimpressed. The fat man and the smoking man are unfazed by this sudden appearance. Meanwhile, Luffy is eating a strange fruit and is confused. The strange man walks towards the bartender, as Shanks is sitting nearby and holding a bottle of sake. The men behind him are all wearing similar looking outfits. He claims that they are bandits and that they are not there to cause trouble, since they only want to buy ten barrels of sake. The man is revealed to be the leader of the bandits, called Higuma. However, Makino tells the bandit that the bar is out of alcohol. The man looks back toward the pirates, thinking it is strange, and asks what are the other men drinking. He sarcastically asks if it is water. The bartender confirms that the pirates are drinking sake, but that is all which is left. Shanks is sorry for the man because his group drank all the alcohol, so he offers him the last bottle that he was holding earlier. Higuma looks displeased, so he smashes the bottle, breaking it into pieces and spilling the sake on the red-haired man. Luffy gets down from his seat that was near Shanks. Makino is frightened at the situation, while the bandits are amused. The smoking man is unfazed, and the boy is surprised. The bandit leader is unsatisfied of one bottle and asks the pirate if he is unaware of the bandit's reputation. The red-haired man is upset that the floor is all wet. Higuma brings out his wanted poster of 8,000,000, claiming that he is one of the prime fugitives there, since he killed 56 people and tells Shanks to not mess with him again because mountain bandits and pirates do not have good relationships. The red-haired pirate ignores the bandit, picks up a large piece of the bottle from the ground, tells Makino that he is sorry for the mess and asks her for a mop, saying that he will clean. Higuma takes out his sword and cuts the table along with the plates on it, saying that since the red-haired man enjoys cleaning, he can now enjoy it more. Convinced that Shanks is a coward, Higuma leaves the bar. Outside, two citizens are seen hiding behind a building. Convinced that the town is pathetic, since it does not even have alcohol, the bandit leader decides to go to the next town.

Afterwards, as Makino tries to see if the red-haired man is hurt, Shanks and his crew laugh at his humiliation. The fat man thinks that the captain looked very silly. Angered by their attitude, Luffy asks the group why they are laughing, since the situation was very disgraceful. The kid thinks they should have fought the bandits, despite the fact that they had more people. The boy thinks that someone that laughs after getting picked on is not a man, nor a pirate. Shanks tells Luffy that he understands his feelings, but there is no reason to get worked up over a bottle of alcohol. As Luffy turns to go away, Shanks grabs his arm to stop him and tells him to stay. However, the boy tells him that he doesn't want to see him again, since he is a coward. As the kid moves away, his arm stretches, to everyone's surprise, including the kerchief man. The fat man looks into a box, and everyone is surprised, saying that the Gomu Gomu no Mi that they got from an enemy ship is not there. The fat man is sweating and shows Luffy a drawing of the fruit he was eating earlier, and asks him if he ate that. Luffy affirms, asking if that was not dessert, although it tasted badly. Shanks goes in front of the boy and explains that that was the Gomu Gomu no Mi, one of the devil fruits and one of the rarest treasures in the sea, that anyone who eats it turns into a rubber human and will never be able to swim. Luffy is surprised and Shanks calls him an idiot.

Later, Luffy visits UO to buy some fish. The storekeeper and his wife are happy to see the boy. The store owner says that he looks happy, asks him if the pirates left him behind again and mentions that the kid cannot swim anymore. Luffy claims that he is going to be a pirate that doesn't fall into the sea. The boy stretches his cheeks, making them look like a big smile and he claims that he became happier after eating the Gomu Gomu no Mi. An old man asks what is so good about having a rubber body. He complains that everyone in the town thinks that Luffy's new ability is cool, but he does not understand the usefulness of it. The boy calls him the chief. The old man is standing on a crane, and tries to persuade the kid to not become a pirate since it would ruin the town's reputation. He insists that despite the fact that the captain looks like a reasonable person, Luffy should not hang around him anymore.

Later, the doors at the Partys Bar are fixed. The boy and Makino are staying there alone, while the bartender is cleaning a glass. Makino mentions that the pirates have been out for a while and asks him if he misses them. Luffy replies that he does not because he has not forgiven them for the bandit incident yet. As the boy is playing with a glass that only contains a few cubes of ice, he claims that he overestimated Shanks. Luffy thought that the red-haired man was a tough pirate, so he is disappointed. Makino thinks that people that can stand up after getting picked on are brave. The boy tells her that she does not understand, since there are times when men must fight back, so the bartender confirms that she does not understand, and Luffy affirms again. Suddenly, a man enters the bar and excuses himself. Luffy is surprised, the man is revealed to be Higuma and he enters the bar along with his group of bandits. He observes that the pirates are not there, so the bar is quiet. The entire group sit at the tables, while the boy and the girl keep looking at them. The bandit leader asks her what is she waiting for, saying that there are customers and orders her to bring them sake.

Soon afterward, Makino rushes through the village to find the Mayor because Luffy has gotten himself into a hostage situation with Higuma after the bandit said something that angered him. As Makino and the Mayor return to reason with the bandit, the bandit states that it is already too late because Luffy is going to die. As Higuma raises his sword to kill Luffy, Shanks and his crew reappear. Higuma and his men tell them that it is none of their business.

As Shanks walks forward, one of the bandits points a gun at Shanks, only to be shot by Lucky Roux. Shanks tells Higuma that he will not allow him to hurt a friend of his and get away with it. Higuma, unfazed by his speech, sends the rest of the crew after him. Beckman decides to step in and single-handedly takes out the entire gang of bandits, leaving Higuma alone. Realizing he cannot win, Higuma drops a smoke bomb and takes Luffy away. As the smoke clears, Shanks realizes Luffy is gone and panics.

Out at sea, Higuma and Luffy stand in a boat. Higuma decides it is time to lose Luffy and kicks him into the water. Angry that he could not do anything to Higuma, Luffy struggles in the water as a Sea King appears. The Sea King eats Higuma, who is unable to do anything to defend himself, before turning toward Luffy. Moments before Luffy is eaten, Shanks saves his life and scares away the Sea King with a stare. When the Sea King is gone, Luffy begins crying upon realizing Shanks has lost his left arm in saving his life.

Finally, Luffy realizes he is too young to sail out to sea and become a pirate, as well as what a great man Shanks is. Later at the docks, Luffy says goodbye to Shanks and his crew and admits he is sad that they are leaving, but is not worried about going with them because he has decided he will become a pirate on his own. This leads to Shanks stating that he did not want him on his crew in the first place before claiming that there is no way Luffy can become a pirate. Luffy angrily proclaims he will become a pirate, gather a crew strong enough to beat Shanks', find the world's greatest treasure, and become the Pirate King no matter what. Happy about Luffy's decision, Shanks gives him his straw hat and tells Luffy to give it back when he has become a great pirate. Honored by Shanks's gesture, Luffy cries. As Shanks boards his ship to leave, Beckman comments on how Luffy will become big. Shanks admits that he knows Luffy will because he reminds him of himself when he was young.

Ten years later, the villagers see Luffy off. Makino says she'll miss him. The mayor notes that he'll bring shame to the village should he become a pirate. On the sea, Luffy says that it's a good day to set sail. Suddenly, the local sea monster appears from the water. Luffy defeats it using his perfected attack, the Gomu Gomu no Pistol. Luffy then plans to himself to form a crew of about 10 men, get a pirate flag, and become the Pirate King, thus beginning his journey of acquiring Roger's treasure."
2,"Animal Theater: Luffy stands among a flock of striped ostriches, his own pirate flag towering above.","Luffy sets off in a dinghy to form his own pirate crew; however, no sooner had he left than he ran into his first problem - a whirlpool.

Meanwhile, on a remote island, as Alvida is inspecting her ship, she clobbers one of her crew for leaving dust on the deck and asks Koby ""Who is the most beautiful in all the sea?"" The boy fearfully replies that she is. She comments on how Koby is only allowed to stay because he knows more about navigation than all the others do and how useless he is at everything else. She then orders Koby to clean her shoes.

Sad and upset, Koby pushes a barrel he found into Alvida's hideout. Upon approach, three of Alvida's crew (Heppoko, Peppoko, and Poppoko) stop him and take the barrel, bullying him into being silent about the fact that they are going to drink the wine inside it without Alvida knowing. Suddenly, Luffy bursts out of the barrel and shocks everyone. Before they can get their answer as to why he popped out, Alvida sends her club flying into the hideout. Koby and Luffy flee; meanwhile Alvida accuses her crew of slacking off because she heard someone call ""Aw! What a nice nap!"" They explain it was not them, but an intruder instead. Alvida fears the famous bounty hunter Roronoa Zoro is here to claim her bounty.

Elsewhere, Koby has dragged Luffy to safety away from Alvida. He shows him his boat that he made over the last 2 years in an attempt to escape from her and explains how he got into his situation. Luffy comments on how wimpy Koby is. Luffy tells Koby his dream to become Pirate King. Koby cannot believe Luffy is prepared to die for his dream and Luffy hits Koby because he does not like his wimpy outlook. Koby admires Luffy's outlook on life. Koby then reveals his desires to become a Marine and catch bad guys. He boasts he would rather die trying to escape to join them than spend the rest of his life at Alvida's side.

Just then, Alvida appears and destroys his boat. Alvida accuses Koby of hiring someone to kill her. When she asks him who the most beautiful woman is, Luffy interferes and outwardly states Alvida is an ugly old hag. Koby, inspired by Luffy, tells Alvida straight what he thinks of her. Alvida strikes Koby in anger, but Luffy gets between her and Koby, taking the full force of Alvida's club; to the shock of everyone, he survives. With one punch of his ""Gomu Gomu no Pistol"", Luffy knocks Alvida out and orders her crew to fetch Koby a boat and to stay out of his way.

Sometime later, Luffy and Koby are seen sailing out to sea by themselves. Koby tells Luffy more about Zoro, the bounty hunter Alvida mentioned. Luffy decides that he wants to try to recruit Zoro and they head off."
3,Animal Theater: Luffy rides a fierce polka-dotted shark across the sea.,"Out at sea, Koby and Luffy are discussing Luffy's decision to recruit Zoro. Sometime later, they arrive at the Marine base Zoro is being held at. Luffy is surprised that they actually arrived, and Koby points out that these are the basics of navigation. Koby points out that Luffy can not just float around out at sea and that he must find a navigator soon. Luffy then says they should go eat.

At a restaurant, when Koby and Luffy discuss parting ways, Luffy mentions Zoro's name with shocking results from the other customers. When Koby mentions the name of the Marine in charge of the base, Morgan, the same effect occurs. In the street Koby comments on the reactions for the villagers here in the town, understanding why they reacted out of fear for Zoro due to his reputation, but not Morgan's name.

At the Marine base, after Luffy climbs up the wall to see Zoro, he climbs up another part of the wall to get a better view of someone he saw in the base. Koby also climbs up, but falls down again out of fear after sighting Zoro. Zoro offers the two the head of a bounty carrier if they will free him due to him going without food for 9 days.

As they talk with Zoro, Rika suddenly appears next to them as she climbs using a ladder, hushing them to be quiet. Rika climbs over the wall; Koby beckons her to come back as she walks towards Zoro. She offers him some onigiri since he has not eaten in several days. Zoro refuses and tells her to go away.

Just then, Morgan's son, Helmeppo, appears with a few Marines and starts mocking Zoro. He snatches the rice balls from Rika and eats one of them. However, he soon spits it out due to the fact she made them using sugar instead of salt. He knocks them to the ground and stomps on them, much to Koby's shock at seeing someone affiliated with the Marines do such a cruel thing. She cries, lamenting on how she worked hard to make them. Helmeppo then points out the law made by his father, which states that anyone who assists a prisoner will also be found guilty of the crimes the prisoner has committed. Helmeppo says that since she is a child, she will be let off the hook. He then orders one of the Marines to toss her over the wall. When he refuses, he reminds them who his father is and the Marine throws her over the wall, forcing Luffy to catch her. Helmeppo continues to mock Zoro, but Zoro remains strong about his situation.

After Helmeppo is gone, Luffy talks to Zoro about joining his crew. Zoro states that he will not join a pirate crew and become a criminal as he has his own dream to follow. After they finish talking, Zoro asks Luffy to give him the rice balls to eat despite the state they are now in. He then tells Luffy to tell Rika that he ate them all and that they were tasty.

Later, Luffy explains how Zoro ate the rice balls and enjoyed them to Rika. Koby is surprised at how considerate Zoro was, despite the reputation he holds. She explains that Zoro is not a bad person and that he was arrested for killing Helmeppo's pet wolf, Soro, while defending her from him, as Soro was running wild, terrorizing the town at the time. As Rika finishes explaining the story, Helmeppo appears bragging about going back on his promise to Zoro and says that he plans on having him killed in three days. Luffy hits him out of anger and after Helmeppo runs away, Luffy decides Zoro is joining his crew."
4,,"Helmeppo is angry at Luffy for hitting him. Koby can barely hold Luffy back and the townsfolk are in awe at Luffy's actions. Helmeppo is dragged away by two Marines, claiming Luffy will die for hitting him. Rika is pulled away by Ririka, her mother, but Rika defends Luffy and Zoro as good men. Luffy tells Koby he is going to speak to Zoro again.

Back at the Marine base, one of the Marines reports to Morgan that the amount of offering from the townsfolk is decreasing. Morgan is unable to accept that they are poor, seeing it as a sign that the townsfolk are disrespecting him. Just then, Helmeppo bursts in and tells his father that he wants someone killed.

Luffy arrives to talk to Zoro about him joining his crew. He makes a deal with Zoro without his consent that if he gets him his swords, he must join his crew.

On the roof, a statue of Morgan is being raised. Helmeppo is still demanding that Morgan kill Luffy; however, he is hit for giving Morgan an order. Morgan mentions that he heard a little girl snuck into the base earlier. He orders Lieutenant Junior Grade Rokkaku to go find and kill her for disrespecting him. When the Marine refuses, he is hit. Morgan then claims he will do it himself, and gives the order to raise the statue.

On ground level, while Luffy is trying to find a Marine to get Zoro's swords, he hears someone on the roof. On the roof, Seaman Recruit Ukkari knocks the statue against part of the building on the roof. Luffy launches himself up onto the roof via ""Gomu Gomu no Rocket"". As the Marine is about to be punished for knocking the statue, Luffy flies by, grabbing some of the ropes on the statue because he has taken off into the air too fast. To the horror of everyone there, the statue breaks.

Morgan suddenly bursts out Luffy's death sentence and Helmeppo points out that Luffy was the one he wanted his father to kill in the first place. Then Luffy drags Helmeppo into the base building to find Zoro's swords, while one of the Marines spots Koby untying Zoro. Morgan becomes paranoid because he thinks the townsfolk are turning on him. Koby reveals to Zoro his desire to become a Marine who is just, as well as Luffy's dream of becoming Pirate King. While Zoro shows surprise for Luffy's ambition, Koby is suddenly shot. This causes Zoro to threateningly glance at the roof of the Marine base."
5,"Animal Theater: Luffy and Zoro share drinks with some friendly dolphins; Luffy, having already finished his, tries to siphon some more out of a dolphin's glass.","Luffy is busy dragging Helmeppo through the base, trying to find Zoro's sword. After dragging Helmeppo for a while, Luffy asks Helmeppo where Zoro's sword is and he tells Luffy Zoro's arsenal is in his room. Luffy decides to use Helmeppo as a human shield, leaving some pursuing Marines in a position where they cannot do anything.

Meanwhile, Koby realizes that he has been shot and that he had started bleeding. Zoro tells Koby to run, but Koby will not go until Zoro is untied. He tells Zoro that Helmeppo never planned to keep his word. Zoro cannot believe what he is hearing, and Koby tells Zoro how Luffy punched Helmeppo because of what they overheard him say. Koby asks Zoro to help Luffy. Suddenly, some Marines approach Zoro and Koby and declare them traitors.

Elsewhere, Luffy has found swords in Helmeppo's room, but does not know which one is Zoro's. Luffy suddenly spots what is going on down on the ground outside the window of the Marine base. Zoro and Koby are in trouble and Morgan wants them dead. Zoro, aware that he may die, begins a flashback to his days as a young boy and his reasons for becoming who he is.

A young Zoro was in a training dojo on the ground after a defeat against Kuina. Kuina was mocking him for failing to win against her (for the 2000th time) even after he used two swords. Zoro's friends stuck up for him when he was called weak, as Kuina stated even though he could stand up to the adults, it was no good if he still could not beat her. The others accused her for showing off because she was the dojo master's daughter. As the sensei entered the room, the other trainee swordsmen (save Zoro himself) accused him of giving her special training because she was able to beat Zoro. The sensei just stated that Kuina was older.

Later that night, a frustrated Zoro challenged Kuina to fight him with real katana. Kuina accepted Zoro's challenge. With one strike, Zoro lost and Kuina claimed her 2001st victory against him. After the duel was over, Kuina broke down in tears. She told Zoro her woe about being a girl: as she gets older, she will fall behind him due to the fact girls do not acquire the strength guys do. Kuina said that she wished she had been born a boy, but Zoro got angry at her, saying that she did not have the right to complain after she beat him. Zoro went further by saying that it was an insult to all the hard work he'd been doing. The two then made an agreement; one of them will become the greatest swordsman in the world.

Disaster hit the next day as Zoro was informed of the worst; Kuina had fallen down the stairs and died. Upset, Zoro called to her body lying lifeless, its face covered with a cloth, accusing her of running away. Zoro asked the sensei to give Zoro her sword; he will become the world's greatest swordsman on her behalf.

Back in the present, Zoro faces death. As the Marines fire, Luffy jumps in front of them and the bullets hit him instead. The bullets then bounce off Luffy to the disbelief of everyone watching. Luffy brings the three swords he had found in Helmeppo's room, claiming he did not know which one was Zoro's. The swordsman then explains he uses three swords. Zoro accepts Luffy's offer to join his crew because he would rather become a criminal than die."
6,,"Morgan tells his men that Luffy must have eaten a Devil Fruit and that he is not a normal human. Realizing guns will not work; the Marines attack Luffy while he is trying to untie Zoro. Koby awakens after fainting when Luffy was shot at to see the Marines charging at Zoro and Luffy. Luffy manages to untie Zoro and hands him his swords.

After freeing himself, all the charging Marines find their swords are locked by Zoro's three swords. Zoro threatens to kill anyone who moves and the Marines cry with fear. Zoro tells Luffy he has already declared he will join him after this, as the Marines will declare him a criminal either way. He lays down the conditions for him to join Luffy, warning him that his plans have better not interfere with his own dream of becoming the greatest swordsman.

Morgan calls out to his men to fight them and Luffy tells Zoro to duck. Luffy knocks all the Marines who currently have their swords locked against Zoro's swords. The Marines complain that they cannot defeat the pair. Morgan orders his men to hold their guns to their heads for disobeying him. Luffy proclaims that he is the Marines' worst enemy and dares Morgan to attack him. The fight presumes, and Morgan cuts a fence in half with his axe-hand.

Morgan proves to have high endurance as neither man manages to knock the other to the ground. As Morgan is knocked around by Luffy, Helmeppo holds a gun to Koby's head and threatens to kill him. Koby tells Luffy to continue, but Luffy ignores him and lands a punch on Helmeppo. Morgan takes advantage of this to attack Luffy, but is defeated by Zoro."
7,"Color Cover: Luffy paints a Jolly Roger on a bear (and a perching bluebird) while Zoro sleeps nearby.
According to Eiichiro Oda's note in Color Walk 1, Luffy is actually trying to paint a portrait of Zoro; only his ""terrible artistic sense"" causes it to appear as skull and crossbones.","Morgan has been defeated; however, the Marines working for him would rather celebrate than worry about his loss. Due to his fatigue, Zoro finally collapses.

Back at Rika's home, Zoro is eating after going for nine days without food. Zoro asks Luffy what his plans are. Luffy states he wants to go to the Grand Line to find One Piece. Zoro questions why Koby is worried since he is not going with them. He replies that it is because they are friends. Zoro points out to Koby that his past with Alvida makes joining the Marines difficult as he has association with pirates.

Just then, the Marines enter the building demanding to know if Luffy and Zoro are pirates. After the pair confirms that they are, they are told as pirates the Marines are grateful for their help, but they cannot stay in town and must leave; however, the Marines will not be reporting the whole event to Marine Headquarters. Luffy and Zoro thank Rika's mother for the food.

Koby is left standing there alone and the Marines question whether he is with the pirates. Koby claims otherwise. As Luffy is asked if he knows Koby, Luffy goes on about how Koby used to be with Alvida. Angry that Luffy is telling the Marines what he does not want them to know, he hits him. With everyone watching in awe, Luffy begins to punch Koby for hitting him. After the Marines stop Luffy from fighting, Koby is declared not to be with the pirates. Luffy and Zoro are ordered to leave.

Lying on the ground, Koby brings his nerves together and declares he wants to join the Marines, even if it is just to do chores. The Marine in charge of the scene asks Koby if he really wants to join, the Marine acknowledges his past with pirates and agrees that Koby can join.

On the outskirts of the town, Zoro and Luffy are leaving. Koby suddenly catches their attention. Koby salutes the pirates; suddenly he becomes aware that the other Marines are also saluting them. As the two sail away in a small boat, the Marine in charge declares that they violated the Marine code of conduct and now must go one week without food, but not before commenting to Koby on how he has a good friend in Luffy."
8,"Animal Theater: Luffy and Zoro on a ship ""crewed"" by panda-like birds (all of whom have taken to imitating Luffy).","Zoro and Luffy are lost, starving at sea due to the fact that neither of them has any navigation skills. They are talking about how Zoro survives on the sea by hunting others. Zoro points how odd it is for a pirate like Luffy not being able to navigate, though Luffy states that wandering usually works for him. He then points out that Zoro is no different, given that he is a wandering bounty hunter. Zoro reveals that he never intended to become a bounty hunter in the first place when he first went out to sea, but entirely to search for a certain man. However, he then could not find his way back home. Due to this, he had no choice but to take up bounty hunting for a living. Luffy somewhat correctly comes to the conclusion that Zoro has been lost this whole time, which angers the swordsman who tells him to shut up. Some time passes and a bird flies overhead, causing a starving Luffy to go after it, which ends up with him in the bird's beak, being carried off with Zoro left to chase after him.

As Zoro rows as fast as he can, he comes across some castaways and tells them to grab on, as he is not stopping. When they are on board, they reveal that they are pirates working for Captain Buggy and that they were taking the boat. Zoro then reveals to them who he is by beating them. As they row him onwards the question of why they were in the middle of the ocean arises.

It turns out they were tricked by a girl on a boat, who stole their boat and treasure, leaving them to be sunk on her boat with help from a storm. Zoro wonders if a person like her who can predict the weather would join him and Luffy. One of Buggy's crew tells Zoro about their captain and how he has the power of a Devil Fruit.

Meanwhile, a girl in the nearby town is running from some of Buggy's crew after stealing their map to the Grand Line. Elsewhere Buggy's men report seeing a strange bird and Buggy gives the order to shoot it down. As the bird is hit, Luffy falls right in front of the girl. However, to the shock of the Superhuman Domingos, Luffy stands up unscathed.

The girl tries to claim Luffy is her boss in order to get out of trouble with the pirates and runs off, leaving Luffy to deal with them. One of Buggy's crew knocks Luffy's straw hat causing him to get mad. Luffy beats them up. After he is finished, the girl reappears claiming to be a thief who steals from pirates, called Nami."
9,Animal Theater: Zoro cleans his katana while sitting atop a cow (using its horns and nose-ring to hold his other two blades); in the background Luffy swings from a tree.,"Nami invites Luffy to join her, claiming to be a thief who steals from pirates. Nami asks Luffy what is so important about his hat that made him mad when Buggy's crew touched it, wondering if it had jewels or a treasure map inside.

On the roof of a bar, Buggy is dealing with one of his crew members after Nami got away. Buggy mishears him, thinking that he said something about his nose being strange. The man is raised into the air via Buggy's Devil Fruit powers; Buggy orders the rest of the crew to put a cannon to the man and fire. With the man killed by cannon fire, Buggy orders everyone to search the town for the thief and any treasure to be found.

In a house elsewhere, Nami asks Luffy about his crew's numbers. After knowing they were only two, she explains to Luffy who Buggy is and why the town is empty, as the populace is sheltering. She warns Luffy that Buggy is fond of using his cannon and that he once destroyed a whole town because a boy made fun of his nose. Nami gets fed up with Luffy's short attention span and tendency to ignore her.

Nami reveals her quest to gather 100,000,000 and buy a village. She begins to talk about the plan she has for the Grand Line map she stole: she will go there and steal from all the famous pirates in that ocean, who she thinks must possess more treasure. Nami confirms she is a navigator and Luffy is excited about her joining in his adventure; however, when he tells her he is a pirate, she changes her mind. Nami reiterates her suspicion about the straw hat Luffy carries, thinking there must be a treasure map inside. Luffy tells her about the symbolic value of the hat, as it was given to him by his friend, to whom he swore he'd create a pirate crew. Nami explains she hates pirates the most, only liking mikan and money. However, as she now knows that Luffy does not have treasure or much intelligence, she suddenly has an idea. She agrees to join him if he comes with her to see Buggy. However, she takes some rope with her and as they approach his hideout, Nami ties Luffy up with it.

Buggy is telling off his crew who believe they are about to be killed for not being able to find the thief who stole their map. They explain that, in their perception, with the thief, Nami, there was her boss, Luffy, who was the reason they couldn't retrieve the map. Just then Nami and Luffy enter the scene, to Buggy's surprise. Nami hands over Luffy, claiming she had an argument with her boss, and decides to pretend to join Buggy's crew, handing over the map she stole. Luffy is imprisoned in a cage.

Elsewhere, Zoro arrives at the island with the pirates he encountered on the way, who explain that their crew is raiding the village at the moment. Zoro decides to meet Buggy to gather information about Luffy."
10,"Animal Theater: Nami cheerfully marches down a desert path, at her side a burglar-masked pig carrying not only her loot but her personal flag—a crossed-out Jolly Roger.","Buggy celebrates the return of his map of the Grand Line and Nami joining his crew. During the celebrations, Nami begins to plan her next move; she will make all the pirates drunk to make clearing them out easier, as she has a bigger drinking capacity than them. Luffy, seeing the other pirates celebrating, wants to join in the fun too and Nami comes over to tease him about his current situation. However, she ends up feeding Luffy and tells him that his fate as a prisoner would end once her plan works.

Buggy suddenly appears behind her to proclaim that Luffy should die. As a demonstration, he levels a street of buildings with his cannon and a Buggy Ball. Buggy reveals that he plans to use his Devil Fruit powers along with his cannons to conquer the Grand Line. Buggy then orders Nami to fire the cannon at Luffy to prove her loyalty to him. Nami hesitates to fire the cannon, as she had not planned to kill anyone, and even tries to revert Buggy's attention back to the party, without success. Luffy points out Nami is trembling and lacks the oath a pirate has to make. Nami wonders if such a big oath is to kill people like insects, to which Luffy replies it is the capacity to risk one's own life.

When Nami does not lit the fuse on the cannon, one of Buggy's crew steps in to light it anyway, and Nami hits him away with her staff. She claims that no matter what she does, she does not want to become a cruel pirate because pirates killed the most important person in her life.

While Nami is talking to Buggy, Luffy suddenly notices the fuse is lit. He tries to eat the cage in desperation to get out. As the fuse burns, Nami finds herself under attack by the Buggy pirates. Nami tries to swing her staff at the pirates, who easily dodge her attack, while Luffy continues to try and eat his way out of the cage. Nami quits defending herself from Buggy's crew and puts out the fuse with her bare hands. Suddenly Zoro appears and saves Nami, having found Luffy at last.

Buggy approaches Zoro asking him if he came for Buggy's head. Zoro explains he is no longer a pirate hunter, but Buggy reveals interest in defeating Zoro to become more famous. Buggy attacks Zoro, who accepts the challenge and cuts Buggy into pieces, to the shock of Luffy and Nami. Buggy's crew simply laughs."
11,Animal Theater: Luffy races a cheetah.,"Zoro stands seemingly victorious after slicing up Buggy. However, as he goes to free Luffy from his cage, Buggy's crew starts laughing. Nami questions to herself why the crew is doing so when Zoro suddenly finds himself struck in the side by a hand holding a knife. Buggy floats behind Zoro as he finds himself fighting the hand and boasts about his Devil Fruit powers, the Bara Bara no Mi.

Buggy sees he missed Zoro's vital parts, but Zoro is still injured and finds that he needs rescuing even though he had initially come to rescue Luffy. While Nami is simply shocked about the whole thing, Luffy calls Buggy ""Big Nose"" while claiming he is a jerk for striking Zoro in the back. Buggy gets angry and sends his hand out again, this time to kill Luffy; however, Luffy grasps the knife between his teeth. As Luffy claims he will finish Buggy, Buggy and his crew laugh. Luffy tells Zoro to escape, but Nami does not understand. Zoro, however, gets the idea of what Luffy is going to do.

Zoro attempts to escape, but Buggy launches his Bara Bara no Hou. Zoro heads for the cannon and turns it over to face Buggy and his crew. Nami lights the fuse and the cannon fires at the Buggy Pirates, destroying part of the rooftop they're in. Zoro asks who Nami is and, while she says she is just a thief, Luffy tells him she is their navigator. Nami denies Luffy's statement and follows behind them. While Buggy's crew is down for the count, Zoro goes to Luffy and, ignoring the request to find a way to open the cage, he grabs it and makes a break for it before Buggy fully recovers. Buggy's crew begins to find their bearings and find all three of them gone, as well as the key to Luffy's cage. Buggy's crew starts to search the town, but Zoro and Luffy are on a rooftop. Furious, Buggy declares war on them."
12,"Color Spread: A two-layered triptych of Luffy, Zoro, and Nami; the top layer shows each in full, gearing for battle, while the bottom gives a close-up on each of their faces.","Buggy gloats about his reputation as a pirate in front of his crew. He orders them to find Luffy, Nami, and Zoro no matter what. Mohji arrives riding Richie and asks Buggy if he could take Zoro out. Buggy replies that he does not mind.

Elsewhere, Zoro is still carrying Luffy in a cage. Suddenly, he collapses to the ground out of exhaustion. The pair notice there is a dog sitting staring at them. Luffy comments about how the dog is sitting so still that you cannot tell if he is real or not, before provoking the dog into biting him when he pokes him in the head. Nami shows up and explains to them that they will likely be found if they remain in the middle of the road. Nami throws a key to the cage in front of Luffy, but before he can grab it the dog eats the key. Luffy attempts to strangle the dog in anger. The mayor of the town Boodle shows up, demanding that they stop hurting the dog, Chouchou.

Boodle takes them to his house to rest, and explains why the dog is sitting where he is. He feeds him every day, and he is guarding his owner's pet store. Ten years ago, the mayor's friend and Chouchou's owner opened the store. Chouchou's owner went into hospital three months ago and never returned, leaving Chouchou behind to guard the store. Chouchou is covered in wounds from fighting the pirates: he is aware his owner will not be coming back, but he still guards the store because it is his treasure. Boodle talks about leaving the dog and moving away, but he admits he has changed his mind many times.

Just then, they hear the roar of Richie the lion. Boodle and Nami run away, leaving Chouchou, Luffy and Zoro behind. When Mohji and Richie arrive, they find Luffy still in his cage. Luffy mocks Mohji's hairstyle, provoking him. Mohji boasts about being such a good animal trainer that every animal follows his orders, but Chouchou bites him anyway. When Richie pounces on the cage to finish Luffy, he frees Luffy instead.

As the pair prepare to leave, not noticing that Luffy is still alive, Richie smells the food inside the Pet Store, and Mohji tells Richie that he can eat the food."
13,"Animal Theater: As Nami watches (and Zoro sleeps), Luffy goes fishing and catches a huge turtle.","After surviving an attack from Richie, Boodle and Nami struggle to believe Luffy could have lived. The mayor demands to know why Luffy is in Orange Town, and Luffy replies it's to acquire the map of the Grand Line and a navigator.

Meanwhile Richie and Mohji approach the pet store, only to find out Chouchou will not allow them inside. Chouchou fights the lion, but even though he loses, he will not surrender his treasure and the memory of his owner. As Luffy walks over to find Zoro, Mohji is angry over the dog as it bit him. But as Luffy approaches the pet store, he finds it ablaze with Chouchou barking at the loss of his greatest treasure.

Returning from the store, Mohji and his lion come across Luffy standing in the way. They cannot believe he is still alive and fail to understand what Luffy means by saying that he is a rubber man. Mohji sends Richie to attack, however to his shock and horror Luffy stops it with an attack. Mohji is astonished that Luffy has a Devil Fruit like his captain Buggy. Mohji begs for mercy, but Luffy explains he is not the one Mohji must say sorry to. Luffy stretches his arms to grab Mohji and throws him head first to the ground.

Nami and the mayor return at Chouchou's store's ruins. Nami expresses a strong dislike for all pirates for what has happened. When Luffy shows up, she takes her dislike for pirates out on him, but Boodle holds her back, preventing her from striking Luffy (although he states she could not kill him even if she tried). Luffy places a bag of pet food in front of Chouchou. Even though the bag of food is all that is left of the store, Chouchou is grateful to Luffy for what he has done. Nami is left wondering why Luffy did something so unlike a pirate.

Meanwhile, Buggy gives the order to prepare the Buggy Balls, as he is ready to wipe the town out."
14,"Animal Theater: With the full moon behind him and bats flying all around, Luffy strikes a classic vampire pose in a Captain's greatcoat.","Mohji reports back to Buggy; despite being afraid to tell Buggy about his failure, he feels he must warn him. However, he faints while he is warning him. The crew cannot make out what Mohji was trying to say, but Buggy becomes aware that he is facing a tough man and orders his men to hurry up the preparation of the Buggy Balls.

Outside the town, Chouchou arrives at the camp the townsfolk are staying at, injured but safe (to everyone's relief). Since Boodle failed to return with the dog, they are now worried.

Back in the town, Nami has changed her mind about Luffy being a pirate. The mayor gets frustrated at the pirates in the town, because while Chouchou and Luffy fought hard he stood back and did nothing. The mayor tells Luffy and Nami how only 40 years ago, the land was nothing but bare earth, and how the people moved here to forget all about the pirates that had previously done them wrong. The mayor declares the town is his treasure.

At that moment, Buggy launches a Buggy ball that hits the Mayor's house where Zoro was sleeping, making everyone fly from the ball's incredible damage. Luffy and the Mayor go crazy because Zoro is in the house, but Zoro simply gets up out of the rubble, awake and relatively unharmed. The mayor is in shock as his life's work is torn apart, and he cannot sit by while this is happening. Nami tries to calm him down, but the mayor is too upset about what is happening. As the mayor runs off, Luffy ensures Nami he will not let him die. Luffy asks Nami to join him, but Nami declares she will not become a pirate. However, she will help Luffy in exchange for any treasure they find.

As Buggy has a second shot readied, the Mayor shows up and stands in the way. He makes a stand against the pirates as elsewhere Luffy, Zoro, and Nami make their way to Buggy."
15,"Animal Theater: A herd of mammoths take the Straw Hats across a tundra—Luffy riding on the herd leader's trunk, Zoro on its tusk, and Nami on its back.","Boodle challenges Buggy over the matter of the town. While the crew laugh, Cabaji, Buggy's staff offers to deal with the mayor himself and leaps into the air to strike him down. Buggy steps in and tells Cabaji to back off, as the mayor challenged him directly. Boodle's claim that the town is his treasure amuses Buggy, who only views gold and silver as treasure.

Buggy splits his right arm off and sends it flying towards the mayor, grabbing him by the throat and lifting him off the ground. Trying to get Buggy off him, Boodle strikes at his throat where the hand is holding it. He struggles for air while Buggy gloats that, after this town, he plans on heading out into the Grand Line and stealing all the treasures there. Boodles's efforts amuse him, but Luffy appears in time to save the man and pulls the hand off Boodle's neck.

Buggy re-attaches his hand as Nami tells Zoro and Luffy to fight, while she grabs the Grand Line map and any treasures she can find nearby. The mayor is displeased about seeing Luffy and the others, as he wanted to fight Buggy on his own. Luffy however renders the mayor unconscious with a punch (much to Nami's shock), in order to make sure he is safe and does not get in the way.

Luffy then calls out to Buggy, shouting ""Hey, big nose!"" to provoke him. Because of his reputation of overreacting to anything related to his nose, Buggy's crew, Zoro and Nami are all horrified. Buggy then demands that his crew load another Buggy Ball into the cannon, while Zoro and Nami flee for cover. Launching the powerful cannonball towards Luffy, the rubber man blows himself up like a balloon and shoots the cannonball straight back at the Buggy Pirates."
16,"Color Cover: A typical day for the Buggy Pirates—Mohji grooming himself and Richie, Buggy pouring himself a drink with detached hands, and Cabaji brandishing his blades.","Nami demands that Luffy explain more about who he is, because she does not understand how he survived an attack from Richie. She also asks how he inflated himself, to which Luffy responds with the attack's name, much to Nami's dismay.

Buggy and Cabaji rise after having survived the attack from the reflected Buggy Ball, doing so by using other crew members as shields. Cabaji remarks that their current situation is the biggest humiliation their crew has ever received under their flag. Mohji regains consciousness and becomes upset at Cabaji, because Cabaji is holding an unconscious Richie. Cabaji tells Mohji that he used Ritchie as a shield so that his clothes would not get dirty. As Mohji goes over to check on Ritchie, he notices that Luffy is present.

Mohji warns his captain that he should be careful of Luffy, explaining that Luffy has eaten a Devil Fruit just like Buggy, and he is made of rubber. Nami, shocked, turns to Luffy who demonstrates his power by stretching his cheeks out. Buggy realizes that this is how Luffy reflected the Buggy Ball, and loses his temper with Mohji for not telling him about Luffy's powers sooner. Mohji is thrown by Buggy towards Luffy, who in turns slams him into a nearby wall and remarks that the fight has begun.

Cabaji, now on his unicycle, attacks Luffy, but Zoro intercepts the attack. Zoro remarks that if anyone is fighting with swords, he will be their opponent, and Cabaji replies that it would be an honor as a swordsman to kill Zoro. Luffy notices that Zoro is struggling by his wound from his earlier encounter with Buggy, and suggests that he should fight Cabaji while Zoro rests. Cabaji also notices the wound, and begins to attack Zoro using a fire-breathing trick, although Zoro evades the attack. Cabaji uses the opportunity to kick the wound, and Zoro falls to the ground in agony. Cabaji uses another trick to cause a dust storm to blind Zoro and strikes again. Zoro blocks the attack, but once again Cabaji kicks him directly in the wound and Zoro once again collapses in agony.

Cabaji mocks Zoro, saying that it is pathetic to see a grown man on the ground, and that it was a mistake for Zoro to make an enemy out of their crew. Nami decides that Zoro should have never started fighting, and begs Luffy to interfere; however, Luffy does nothing. Cabaji launches into the final attack, but Zoro gets up and knocks him aside. Zoro asks if Cabaji enjoys hitting his wound, before cutting himself again in the same spot. He declares his goal to be the world's greatest swordsman, and asks Cabaji if these additional wounds will satisfy him. Zoro then promises to show Cabaji the true difference in power levels between them, which leaves Luffy impressed."
17,"Color Cover: The Straw Hats meet a crew of pirate penguins; three of these pose with Zoro's katana, while another tries to gift Nami a fish.
(Note: the penguin captain's vest reads manchot - the French for penguin.)","Luffy cheers on Zoro while Nami points out how he looks like he is about to collapse after wounding himself on purpose. Zoro swears that he will not be defeated by another swordsman. Cabaji notes Zoro's determination, but adds that Zoro can use his wounds as a excuse once he has lost the fight; Zoro responds by claiming if he loses in this condition, then his fate is obvious and he will never be the world's greatest swordsman.

Nami whispers her plan to Luffy, while Buggy and Cabaji are distracted and the rest of Buggy's crew is unconscious; they will continue fighting while she steals Buggy's treasure from a warehouse. She expects the Grand Line map is still in Buggy's possession, not with the rest of the treasure, and says that after she gets the treasure, she will escape. She reasons that whether or not Luffy and Zoro win their fight does not depend on her, so she can escape without causing any problems; and if Luffy wins the fight and gets the map, then they can ""cooperate"" again before she leaves.

As the fight between Zoro and Cabaji rages on, Cabaji begins what he calls his best trick. After launching several tops at Zoro, he rides his unicycle up a wall and leaps high into the air to prepare a downward strike. Zoro manages to deflect all of the tops, but Buggy launches his hand with his devil fruit powers to grab Zoro, so that he cannot avoid Cabaji's attack. Luffy intervenes by stepping on Buggy's hand before he can grab Zoro - while Buggy recoils in pain, Luffy tells him that he shouldn't interfere with Zoro's fight. Cabaji continues to go for his attack even without his captain's help. Zoro dodges, but becomes exhausted due to the strain of his wounds, and says that he is tired. Cabaji interrupts to insult him, before being thrown from his unicycle by Zoro. Zoro then finishes his statement, saying that he is tired of fighting an opponent with such pitiful skills. Cabaji tries to retaliate with one final strike against Zoro, but Zoro uses his ""Oni Giri"" attack to finish off Cabaji. As Cabaji falls, he admits that it is shameful to be defeated by a common thief. Zoro collapses from exhaustion as he declares himself to be a pirate, telling Luffy that he is going to sleep. Luffy promises Zoro that he will finish things off.

Buggy is shocked to learn that Luffy and Zoro are pirates. Luffy demands that Buggy should hand over the Grand Line map, but Buggy responds that the Grand Line is not a place where nobodies like Luffy can go as they please, and asks Luffy what he intends to do there. Luffy responds that he is going to be the King of the Pirates, stunning Buggy, before he also declares that he will be the Pirate King. Luffy says that they should stop talking and begin their fight, but as they prepare to fight, Buggy remarks that Luffy's hat reminds him of a red-haired man he once knew."
18,"Animal Theater: Nami teaches a ring-tailed lemur how to draw maps; in the background, Luffy naps.","Buggy confirms the ""Red-Hair"" he mentioned was Shanks. Luffy demands he tell him where Shanks is. Buggy implies he may know where Shanks is, but Luffy calls him an idiot for the way he said it. Buggy loses his temper, asking him if he can reflect knives, only for Luffy to automatically confirm he cannot.

With that, Buggy attacks, and Luffy jumps to avoid him. Seeing Luffy in the air, Buggy points out that Luffy is now helpless as he cannot fly like Buggy. However, when he attacks, Luffy stretches his arm to a lampost and pulls himself out of the way. As Buggy's attack flies past, Luffy throws a long punch at Buggy, who dodges and tells Luffy that his power is also his weakness, and that he has now left himself open. He fails to notice that Luffy's punch has kept going, and that he has got hold of a windows ledge.  He uses the ledge to launch himself into another attack, which Buggy dodges again.

Luffy crashes into the ruins of a house behind him. After stealing the treasure, Nami watches the fight from a distance. Some of Buggy's crew decide to pretend to still be unconscious, rather than risk being killed if they get involved in the fight. Buggy launches another attack, sending out his arm holding three knives. Luffy grabs it, but Buggy separates his hand from the attacking arm to land the strike anyway. Luffy dodges, but is struck in the side of the face by one of the knives. The blow then pierces Luffy's straw hat.

Buggy mocks Luffy, thinking he is upset by his face being cut. Luffy reveals he is instead angry, because that last attack damaged his hat. Seeing Luffy call the hat his treasure, Buggy pulls his hand back towards him, with the hat run through by his knives. As Buggy holds the hat up, Luffy remembers the promise he made on the hat and runs after it. When he hears Luffy saying the hat belonged to Shanks, Buggy throws it to the ground, and explains he was once friends with Shanks. After Buggy spits on the hat, Luffy refuses to hear Buggy compare himself to Shanks, and throws a furious punch. Buggy separates his head while laughing, but Luffy instead hits him in the stomach."
19,"Animal Theater: Sitting atop a crate labeled ""DANGER"", Luffy prepares to brush a hippo's teeth.","Luffy is still mad that Buggy said Shanks was his friend, but Buggy insists he can say what he wants about the pirate. Buggy begins to separate his body, but Luffy hits him to stop him. The Buggy Pirates lying on the ground cannot believe their captain is losing. Nami suddenly realizes she is caught up in watching the fight.

Back at the camp outside the village, the villagers are now worried about their mayor. When Poro decides to head into town to find him, he is supported by the others, and they all go.

Buggy claims Shanks is the one person who has angered him the most over the years. He has a flashback about their time as fellow pirates. Shanks and Buggy are fighting on a pirate ship about whether the North Pole or South Pole is colder. An unnamed senior member of the crew steps in and stops their fight by banging their heads together, telling them if they really want to find to prove which is colder, then they should go and find out themselves.

A lookout tells the crew that there is an approaching vessel, and they prepare themselves for a fight. Buggy is delighted by the thought of getting some treasure from the ship, but Shanks replies there is more to being a pirate than treasure, despite what Buggy thinks. During the fight, Buggy finds a treasure map to an underwater treasure horde. Buggy hides the map, so he can claim the treasure himself.

Later that night, Shanks leaves a wild party on the ship to ask Buggy why he is not joining in, and explains they found a rare treasure on the enemy ship. Buggy shows signs of guilt, leaving Shanks wondering what Buggy is concealing. Since Buggy is convinced his plan will succeed, he discusses his future with Shanks and talks about leaving the ship. Shanks says he might also leave, find a crew and travel around the world as a pirate. Buggy mocks his ideas, telling Shanks he's too naïve and innocent to ever make it as a pirate, and that if it wasn't for his crazy ideas, he would have him on his crew. Shanks declines on the grounds that their views are too different, and they agree if they ever meet on the sea they will fight to the end.

Shanks reveals that the party was because they had found a Devil Fruit; after telling Buggy the powers and value of the fruit, Buggy makes up his mind to eat it the next day. In front of the entire crew, he swallows the Devil Fruit whole. He tells the others the fruit had no effect on him, and they all dismiss the stories they've heard about the Devil Fruits. Unknown to them, Buggy had already switched the fruit with a fake, and plans to sell it. That night, Buggy plans to leave the crew and begin his dream of becoming a pirate. Shanks surprises him by appearing suddenly; in desperation he hides the Devil Fruit in his mouth and the map in his jacket. Buggy manages to get Shanks to leave, but as he lets out a sigh of relief, Shanks once again pops up behind him, startling Buggy and causing him to swallow the Devil Fruit.

Buggy is in complete shock at what he has done, but before he could finish yelling at Shanks, Shanks points out a fluttering piece of paper heading over the side of the ship. Buggy realizes this is his map and leaps after it; as he lands in the water, he discovers the story about the sea turning against Devil Fruit users is true, and he is unable to swim. Up on the ship, the crew gathers wondering why Buggy has not come up yet since he is a good swimmer, and Shanks eventually dives into the water after him.

After hearing Buggy's story, Luffy is relieved to hear Shanks saved Buggy's life. This infuriates Buggy, as his plans were set back ten years due to losing the Devil Fruit. Buggy notices Nami with the stolen treasure, and launches the upper half of his body at her."
20,"Animal Theater: Zoro cuts through a bamboo forest while his panda ""trainer"" follows behind, eating the stalks.","Nami is being chased by Buggy's top half for stealing his treasure. Just as he is about to reach her, Luffy notices that his lower half has not moved at all, and kicks him between the legs. As Buggy hits the ground in pain, Luffy reminds him who he is fighting. Luffy tells Nami to abandon her treasures and run, but Nami refuses, claiming that since she stole it, the treasure is now hers. Buggy gets angry upon hearing this, but Nami reasons that she hasn't done anything bad enough to be told off by a pirate.

Buggy separates himself further, launching parts of himself at Nami. Luffy notices that his feet cannot fly and picks one of them up. As Buggy continues to chase Nami, Luffy tickles his foot and hits it on the ground, causing Buggy pain and discomfort and distracting him from attacking Nami. Nami swings the bag of treasure around to strike Buggy, but Buggy grabs the bag. With both of them refusing to let go, Buggy attempts to strike Nami with his knives. As he is poised to attack, Luffy kicks him in the head, knocking him into the bag and ripping it.

With Buggy momentarily incapacitated, Luffy grabs the map of the Grand Line. Buggy gets up and attempt to reform his body, but he realizes that he has only assembled with his hands, feet and head, since Nami has tied up the rest of his body parts. With Buggy realizing that he is defeated, Luffy lands a blow and sends him into the sky."
21,Animal Theater: Luffy takes an after-dinner nap with a tiger.,"Luffy, having beaten Buggy, begins to leave the city with Zoro and Nami. Nami splits the loot into two bags: one for Luffy and one for herself. When the villagers arrive, they find Boodle unconscious, and Luffy admits that he knocked him out. The villages then ask if they are pirates, and Luffy cheerfully says he is, angering them and causing them to give chase. While the crew is running away, Luffy says that it must be a very good town, because they were prepared to fight pirates to protect a single person, but he also mentions that no matter what the villagers say, they are not going to stop.

On the way, they encounter Chouchou, who protects Luffy and the others. They reason that this is to pay back the debt of Luffy avenging the destruction of his owner's shop, as he refuses to let the villagers pass. Near the boat, they encounter three of Buggy's crew who Nami stole a boat from previously and who Zoro beat up afterwards. Luffy, carrying a worn out Zoro on his shoulders, is stopped by one of the pirates, who taps Zoro on the head, saying that he should not be a coward and should show his face. When Zoro lifts his head and glares at them, the three pirates run away in fear.

Meanwhile, the Mayor wakes up and finds the town's people around him. They tell him that they have chased Luffy and the rest out of town. As they curse the pirates, he gets angry, saying that he is the only one allowed to insult them. He rushes to the harbor to thank the crew.

As the boat leaves, Luffy says he left his bag of treasure back at the harbor to help them rebuild. Out of rage, Nami threatens to drown him in the sea, calling him an idiot."
22,"Color Cover: Luffy makes mochi with a pack of moon rabbits, pounding so hard that the mortar cracks in two.","Nami fixes Luffy's straw hat after Buggy damaged it previously, much to his delight. Despite her warnings, he pokes the hat and puts a hole in it, causing Nami to stab him in the forehead with her sewing needle. Zoro wakes up due to the noise and starts asking for food. Nami spots an island in the distance, and Luffy directs the ship towards the island as fast as possible in the hopes of food.

The crew lands to find the island is deserted and covered in forest. Luffy calls to Zoro, but since he is asleep, he and Nami go exploring without him. They find a dog/chicken hybrid creature, then a snake/rabbit and a pig/lion. Suddenly, a voice booms out a warning for them to leave before the curse of the island effects them, and that they will die. Nami and Luffy call the guardian's bluff, and Luffy is shot by a bullet. After bouncing the bullet back using his Devil Fruit ability, Luffy and Nami follow the direction of the shot and find a strange object resembling a chest with hair on top.

When they examine it, the strange object moves and runs away, but it trips and falls over, revealing a person inside it. Gaimon introduces himself, revealing he has been stuck in a treasure chest for 20 years and has not spoken to another human being in all that time. Luffy attempts to pull Gaimon out, but Gaimon claims his body will fall apart if he leaves the chest, because it has become molded to fit over the years. Gaimon explains he used to be a pirate and is happy to meet others who are pirates. As Luffy and Gaimon talk, the Grand Line is mentioned and they show Gaimon the map they have. Unfortunately, Gaimon lacks any specific knowledge, and cannot tell them where the Grand Line is.

Nami interrupts and explains the Grand Line to them. The world is separated into two parts with one continent - the Red Line - separating the parts. The Grand Line further divides up the world, splitting it into four seas and the Grand Line itself. The only person to conquer the Grand Line was Gold Roger. Gaimon states the Grand Line is known as the ""pirates graveyard"", and that although he has seen pirates that returned from that area of sea, they were changed men who had lost the will to live.

Gaimon goes on to explain the One Piece legend; in over twenty years, not one person has found the treasure left by Gold Roger at the end of the Grand Line. After hearing that it may not even be real, Nami has doubts about Luffy's goal. Gaimon tells the pair he cannot leave until his mind is set at ease about something.

Twenty years ago, Gaimon came to the island to find treasure with a pirate crew, but could not find the treasure anywhere. Gaimon, determined that there is treasure, wanders off to look further. He finds a hill the crew had looked around, but not on the summit. He climbs the hill, and finds treasure chests in a dip on the top. Astonished to actually find the treasure, he fells down the hill into an empty chest his crew found earlier and fell unconscious. After he awoke, he was stuck inside the chest, and found that the crew had sailed away without him. Realizing that he now has a claim to all the treasure, he attempts to go back to retrieve it, but as he is stuck in the chest he cannot climb the hill to reach it. He returns to the shore to call to his crew, but they never returned.

Gaimon explains that over the years, a few pirates have come to the island to find the treasure, and Gaimon has scared them off with his threats of a curse. Nami and Luffy agree to get the treasures for Gaimon, as they rightfully belong to him for guarding them so long. As they approach the hill, Gaimon gets excited that the treasure he has desired for so long is finally within his reach.

Luffy finds five chests on the top of the hill, but refuses to throw them down. Nami is furious, but Gaimon guesses what's wrong. After twenty years of guarding them, the treasure chest are revealed to be empty, looted before Gaimon ever set foot on the island.

Tearfully, Gaimon thanks Luffy and Nami for their kindness, despite learning  the fate of the treasure. Even though Gaimon is upset, Luffy lightens him up by saying that in another twenty years Gaimon might have died without knowing the treasure was gone. He then offers him the chance to join his crew and find One Piece, but Gaimon declines.

As Nami and Luffy leave, he explains that he already has another treasure to protect. Most of the people who come to the island are poachers, trying to kill the strange animals on the island. After guarding the treasure for twenty years, he feels attached to them and despite not having the treasure he can live happily protecting the island. Luffy promises to leave and find One Piece some day."
23,"Animal Theater: Atop a set of lily-pads, Zoro, Luffy, and a giant frog make barrels; on the shore, Nami stands with umbrella raised.","The chapter starts with Nami scolding Luffy for being reckless and ill prepared for the Grand Line. While Luffy and Zoro say the only important things they need are food and alcohol, Nami begins to plan their future. She tells them they need to head south to a nearby island to get a ship and supplies.

On an island, Usopp stands looking out to sea. He dashes into his village and begins shouting ""The pirates are coming!"", but as he runs further, he announces that he was lying. The villagers begin to chase him and throw objects, but he outruns them all. As the villagers lose sight of him and wonder where he went, he laughs and brags to himself that they were tricked once again. As he rests back in the tree he was hiding in, Piiman and Ninjin show up. As they wonder where their fourth member is, Tamanegi rushes up, saying that there are pirates approaching the island.

The others accuse him of lying, but he claims the ship even has the flag of the Buggy Pirates on it. After hearing this, Usopp tries to make up excuses to run away, but the others see through it. When Tamanegi mentions he could only see three pirates, Usopp changes his mind and prepares to repel the attackers.

Luffy, Nami and Zoro reach the island and land, unaware at first that Usopp and the others are watching them, but Zoro spots them. Piiman, Ninjin and Tamanegi run away, leaving Usopp alone. Usopp claims to be the toughest pirate of the village, with a vast army of followers. When Nami accuses him of lying, he accidentally admits to it: in trying to recover, he makes Luffy laugh, and he claims to be ""Usopp the Proud"".

At a restaurant, Luffy and the others dig into a meal. Usopp tells them that if they want a ship, they should try the mansion in town, where a sick young girl lives. Her parents died the year before, leaving all their fortune and servants to her, and making her incredibly wealthy. Nami says that they should move onto the next village and try there. Usopp offers to be their captain, but the Straw Hats refuse and keep eating, much to his despair.

At the mansion, the young girl Kaya asks her butler Klahadore if she can meet Usopp."
24,Animal Theater: Nami beats a giant snake into helping her protect a nest of baby birds.,"Piiman, Ninjin, and Tamanegi sneak across town to the restaurant where Zoro, Nami and Luffy are eating. Afraid their captain is being held hostage, they approach with caution, until they simply barge in and find Usopp gone. Seeing Luffy eating meat scares them, and Zoro jokes about having just eaten their captain. After things settle down, the Usopp Pirates work out that Usopp has gone off to visit the mansion where the sick girl lives. He apparently goes there every day to lie and tell her stories.

At the mansion, Klahadore the butler explains to his mistress Kaya that he will not allow Usopp inside, on account of his lying. He explains that it is his duty to see she is safe and well on behalf of her late father, and mentions there are two bodyguards on the front gate. Despite his efforts, as soon as Klahadore leaves, Usopp appears outside Kaya's window, claiming nothing could keep him away. Usopp goes onto tell her a story about landing on a giant goldfish's excrement and thinking it was an island, making her laugh.

Back at the restaurant the boys finish explaining to Luffy and the others why they like their captain, and Luffy announces they will go to the mansion, both to ask for a ship and to see Kaya.

After they reach the mansion, Luffy climbs over the gate. After Merry tells Klahadore that there are intruders, he enquires about the bodyguards, and Merry says that they're having lunch. As Usopp finishes his story about feeding a giant goldfish to a tribe of dwarves, Luffy and Usopp's pirates appear and greet him. Usopp tells Kaya that they've heard how great he is and want to join him, but Luffy promptly states that that's a lie. As Luffy asks Kaya for a big ship, Klahadore appears and demands to know what they are doing. Klahadore tells Luffy he will not get a ship and that they all need to leave.

Klahadore begins to insult Usopp because his father is a pirate, and that as far as he is concerned all pirates are filthy. When he asks what Usopp wants from Kaya, money or otherwise, Kaya becomes upset. She screams at Klahadore to stop, but the butler continues insulting Usopp, telling him to use one of his usual lies instead of admit to being the son of a pirate. Usopp loses his temper and punches Klahadore for insulting his father, shouting that he is proud to be the son of a pirate."
25,"Color Cover: The Straw Hat Pirates enter a forest with a giant fish that can ""swim"" through the air; Luffy clings to one side, with Zoro walking on the other, all the while Nami sits reading on its back.","Klahadore continues to insult Usopp despite being knocked down, insisting although he is not a pirate his father's blood still makes him resort to violence when he is insulted. The butler asks Usopp if he is only after Kaya's money, but before he lands another punch, Kaya begs Usopp to stop. As Usopp lets the butler go, Klahadore warns him about never returning to the mansion, and Usopp angrily agrees. The Usopp Pirates and Luffy insult Usopp for giving in so easily; as they are told to leave, the four try to go after the butler, but are held back by Zoro and Nami.

In the mansion. Kaya refuses to eat her meal, miserably explaining she does not want it. Her butler insists she eat so as to not disappoint the chefs. Kaya tells him he should not have insulted Usopp, and Klahadore explains that she should have faith in him, since he has worked for her for three years after losing his job on the ship he worked for. He explains he could not bear to carry the burden of failing his former employer, Kaya's father, who saved his life.

Near the village, Nami, Zoro, Ninjin, and Piiman are sitting on a fence, and Nami wonders where Luffy got to. When Zoro explains he went looking for Usopp, the members of Usopp's Pirates explain Usopp will be at the coast. Tamanegi is missing, but Ninjin and Piiman tell them he always goes away and comes back overreacting about something. Immediately afterwards, Tamanegi runs towards them, shouting about a man walking backwards, only for the others to accuse him of lying. Shortly afterwards, the hypnotist Jango shows up, walking backwards. Jango is asked to show the three children his hypnotist tricks, but when he does it results in both him and the Usopp pirates falling asleep.

At the coast, Usopp sits alone on the cliff staring out to sea. Luffy appears in front of him suddenly, hanging upside down out of the tree Usopp is sitting under. Luffy asks him if his father was called Yasopp, astonishing Usopp before he asks how he knew. Luffy explains how he met him when he was young, in Foosha Village. Yasopp was his favorite member of the Red Hair Pirates, and Luffy is sure he is still be with Shanks even now. Usopp cannot believe his father is with Shanks.

In a flashback to Luffy's youth when he met Shanks and his crew, Yasopp demonstrates his sharp-shooting skills to Luffy by shooting an apple off a barrel. Later at the local bar, Yasopp begins to tell Luffy about his son his age. When Luffy has heard enough and is getting bored, a glass is placed on his head by Yasopp, who taps it. Yasopp stands up and calls to the other that the Jolly Roger had called him to piracy, with the rest of the crew responding by throwing their hands in the air in approval.

Back in the present. Usopp explains he is proud of his father and he would gladly return to the mansion, despite his pride, if the butler apologized. Luffy notices that Klahadore is on the beach below them with another man, Jango. Jango confirms to the butler that the plan to murder the mansion owner is ready."
26,"Animal Theater: Woodpeckers begin destroying the Straw Hats' ship, much to Nami and Zoro's horror—and Luffy's complete disregard.","Klahadore asks Jango to not mention the word ""murder"" and to stop calling him Captain Kuro. Usopp and Luffy spy on the pair and Usopp suddenly remembers the name ""Captain Kuro"". Usopp recalls he was a feared pirate who raided many towns and was finally put to death three years ago after he was captured by the Marines.

Jango finds it amusing his captain declared he was bored with a pirate's life, made him captain and secretly settled in the village, but so long as there is a reward he is happy doing whatever Kuro asks of him. According to Kuro, all Jango has to do is hypnotize Kaya to sign a will so he rightfully owns the mansion because ""Klahadore"" is not a member of the family and therefore cannot inherit her fortune otherwise. Once the task is done he must then kill her without making it look like she was murdered. Jango mocks his former captain, stating that if it was him, he would just invade the mansion and takes the riches, however Kuro reminds him that would make him a pirate again. Jango mocks him once again for asking for a peaceful life when he plans to kill everyone to get Kaya's money, but Kuro states he did not expect some things like Kaya's parents death as they died unexpectedly in an accident.

As Usopp slowly comes round to the realization of what he is hearing, he has to contend with Luffy who was not fully listening. While he deals with thoughts related to the problem at hand, Luffy stands up and shouts to the pair below them. While Usopp is horrified at what Luffy did, Usopp grabs him to pull him down before he is seen, but Kuro and Jango look up the cliff and see the pair.

All of a sudden, Jango holds up his ring and begins to hypnotize the pair, while Usopp looks away in time, Luffy is clueless about the ring to do so. While Luffy has fallen asleep, so apparently has Jango, Usopp yells to Luffy but Luffy falls off the cliff seemingly to his death. While Usopp yells about killing Luffy, Jango asks if Usopp should be killed as well but Kuro just states even if he tells the village no one will believe Usopp on what he heard, due to Usopp's reputation as a liar.

As he rushes to the village, he passes Nami, Zoro, and the other Usopp Pirates. As Usopp enters the village and warns them, they think it is a prank again and are angry he has used the joke twice in one day. They tell him they have to punish him this time for lying as his joke has gone too far and that he is untrustworthy, telling him they would believe him if only he had been a trustworthy man like Klahadore.

Back at the coast, Kuro has gone to greet his men after three years away from them and ensure the plan in the morning. At the mansion, Kaya asks for Klahadore, another servant tells her he went to the next town. Back at the coast at the bottom of the cliff, Luffy is sound asleep."
27,"Animal Theater: Zoro holds a training match with a kangaroo and her still-pouched joey, pitting his three shinai against their four.","At the mansion, Kaya and a servant discuss the glasses they brought Klahadore as an anniversary present from the next town.

In the village, Usopp is having trouble convincing the other villagers that the pirates really are coming and ends up fleeing in fear.

At the cliff, Luffy is awake, Nami, Zoro and the other Usopp Pirates are learning of the plan. Zoro questions why he was sleeping where he was, Luffy recalls being on the cliff before then. The Usopp Pirates realize they have to get away before the pirates coming tomorrow while they still have the chance to and run off. Luffy is more concerned with buying food from the butcher's shop before he is killed.

At the mansion Usopp arrives to save Miss Kaya. He tries to explain Klahadore is a pirate. Kaya does not believe Usopp and does not know what to make out of the story. As Kaya's other servant enters the room, Usopp is suddenly pounced upon by the two bodyguards out the front of the mansion, he struggles to break free. He knocks them out with his hand slingshot, Kaya beckons for him to stop. She believes Usopp is not the person she once knew. As the villagers come by the mansion, Usopp grabs Kaya, only to be slapped in the face and forced to let go. Kaya says Usopp is the worst person she knows and Usopp is forced to run when her servant gets a gun out and shots at him despite Kaya's plea. Usopp is hit by a shot in the arm, but manages to escape with his life. When Usopp is gone, Kaya faints onto his chest.

As he leaves the village, Luffy and the others catch up with him. He hides his wound from them and tries to say it was a lie to get back at the butler. The Usopp pirates believe him. The three kids wonder off home.

Later that night Usopp explains to Luffy, Nami and Zoro that because he always lies, the villagers did not believe him. Since the villagers think Usopp is lying, Usopp decides he will make the lie become just that, tomorrow he will wait for the pirates and face them off so the villagers will think it was indeed a lie. The others announce they will help him fight the pirates so he does not have to face them alone."
28,"Color Spread: After a long day's harvest, fieldhands Luffy, Zoro, and Nami ride home on Farmer Shanks' cart; on the way, they find the vegetables they've picked have assumed their own faces.","Usopp, Nami, Zoro, and Luffy all agree to protect the village against Kuro and the Black Cat Pirates. Usopp is scared and his knees shake despite claiming he is not. Usopp begins to make a plan, he asks Zoro, Luffy and Nami what they can do and they reply Slicing, Stretching and stealing respectively, Usopp adds his skill is ""hide"".

Inside the mansion Klahadore and Kaya's other servant discuss Usopp's actions of the day while Kaya sleeps soundly in her bed. Klahadore finds the glasses that were supposed to be a present for him in the morning on their 3rd anniversary, they were specially made for him so he did not have to keep pushing his back up. As the other servant continues to talk, Klahadore suddenly begins to talk strangely. He looks to the crescent moon and states it makes him wild. Before his eyes, Klahadore smashes the glasses and looks devilishly at the other servant stating his present will be the mansion. Klahadore states that he no longer has to pretend as there is only a few hours left. He pulls out his cat claws from a bag he is carrying and turns them on the servant.

On board the ship of the Black Cat Pirates, Jango is awaken from his sleep to be told in a few hours they will have to go to work on the plan. Jango leaves his quarters walking backwards out of his cabin. Back at the coastline, Usopp and the others have now laid oil down the slope towards the village.

As morning breaks everyone readies for action. Both on the coast and the pirate ship. At the mansion, Klahadore enters the room where Kaya is sleeping. Jango and the crew arrive at the coastline leading to the village. At where Usopp and the others are there are no pirates, suddenly Usopp remembers there is more than one port along the coast line and they are at the wrong one. As panic breaks out, Usopp states the layout is the same and the coast is only three minutes away from this one. Nami realizes their boats are parked at that one. As Luffy rushes off, Nami tries to follow but her foot slides as she steps on the oil, as she slides she grabs hold of Zoro and uses him to get off the oil. Leaving him behind she rushes off to save her treasure. Zoro swears he will kill her, while everyone else rushes to the correct coast.

Usopp arrives there quickly and shoots some of the pirates down. Zoro is still trapped on the slope and Luffy is back at the village after going the wrong way."
29,"Luffy, Zoro, and Nami snowboard down a hill.","Usopp realizes he is in trouble, as he is the only one standing to face off against the Black Cat Pirates. Jango mistakes Usopp's lie about having a large number of pirates as the truth, much to the disbelief of the crew.

The Black Cat pirates find a ship with treasure on it next to theirs. Usopp comments on how it's his treasure and tries to bribe them into leaving for it, but Jango and the others just state they'll take it anyway and that they will not leave. As Jango pulls out his ring to hypnotize Usopp, Nami shows up and bashes him on the head for trying to give them her treasure meanwhile Jango has put himself to asleep (again). With no sign of Luffy, Nami tells Usopp to go fight the pirate while she supports him. As the Black Cats begin to advance forward, Usopp and Nami throw some caltrops at the pirates that Usopp brought along.

Back at the other slope, Zoro lays on his back, tired from trying to get past the oil he slipped down. Finally he resorts to using his swords to climb up with. However he faces his next problem - he does not know which direction is north. Meanwhile Luffy is rushing around with no clue as to which direction is north either.

Back at the slope, the caltrops are working and Usopp pulls out his slingshot to fire at the pirates. After taking out a few, Nami comments on how she thinks she will have a rest now, only to find some of the caltrops are behind them, which Usopp blames on her. As she turns around, she sights Usopp getting hit as the crew finally makes it up the slope.

The crew pass by him, Usopp grabs the leg of the man who hit him, claiming he will make sure the next day is as peaceful as the last for the village. As a pirate goes to kill Usopp, Nami finally steps in and knocks him away, but in turn is knocked away also. Jango orders the crew to just ignore the pair as they must get to the village before Kuro's plan goes wrong and Kuro kills them all. Usopp makes another attempt to stop the pirates; suddenly they are knocked away as Zoro and Luffy finally arrive."
30,Giant mecha versions of the Straw Hat Pirates rampage through a modern-day city.,"On the mansion doors steps, Kuro sits and he says the word ""late"". He pictures the other servant laying on the floor, injured and the room cut up from his attack. He comments on if Jango and the others are late he would kill them, setting off to find out where they may have gone.

On the slope, Jango stands behind his fallen crew. While Jango is looking on in awe and commenting to his crew about being defeated by a bunch of kids, Zoro, Luffy, Nami, and Usopp argue. Jango hypnotizes the crew into thinking that they are stronger than before, with one demonstrating this new found strength by shattering the nearby cliff wall. Sending them after Luffy and the others however, it is revealed that Jango also hypnotized Luffy at the same time to Zoro's complete disbelief.

Thrown into a hypnotized induced rage, Luffy successfully knocks back the Black Cat Pirates with his Gomu Gomu no Gatling Gun. Proceeding to storm past the invading pirates, Luffy grabs the figurehead of their ship and tears it off, turning to face the pirates. Realizing Luffy's intent to whack the entire crew with it, Jango quickly hypnotizes Luffy into falling asleep, causing the latter to drop the bow and crush himself and several pirates with it, the figurehead barely missing Jango himself. With Luffy having defeated the crew, Nami, Zoro, and Usopp begin to celebrate only for Jango to remind his crew that they will face Kuro's wrath if they fail.

While Zoro ensures the others know Luffy is not dead, two new voices suddenly call from on board the ship as somebody notices the stern missing; and Jango identifies them as the Nyaban Brothers.

Back at the village, Kuro heads towards the north coast only for Tamanegi to sight him; wondering why the butler would be walking around that early."
31,"The Straw Hat Pirates mold their hearts' desires from a cloudbank—Luffy a ship, Zoro a set of swords and a barrel of ale, and Nami a hoard of treasure.","At the mansion, Kaya has a nightmare where Usopp attempts to kill her for insulting his pirate blood. She goes looking around the mansion for Klahadore, only to find her servant Merry laying on the floor.

Merry manages to regain consciousness; however, he is too weak to get up. He tells Kaya about Klahadore attacking and trying to kill him and how Usopp really was correct; Klahadore really is a pirate. Kaya cries because the only one who knew the truth was chased away from the village while trying to protect it. More startling is the news from Merry that everyone else in the mansion is on vacation, Merry calms Kaya down since nothing has happened yet. Klahadore is after treasure, Merry tells Kaya to just give him what he is after to protect her life so the village can stay safe.

The Usopp Pirates gather outside the village, commenting how they think their captain lied about lying about the pirates coming. Just then, they spot Miss Kaya heading out of town.

Back at the coast, Zoro stands ready to fight whatever is coming up from the Black Cat Pirates next. The Nyaban Brothers, Buchi and Sham, appear. The pair appear afraid to attack Zoro. Sham runs towards Zoro in a cowardly fashion. However, at the last second Sham suddenly becomes confident and reveals he was faking his cowardice. The next thing, Zoro sees Sham standing there with two of his swords attached to his back."
32,"Color Cover: A Wuxia remix of the Straw Hat Pirates—Luffy and Zoro each wielding a cha trident, and Nami sporting a qipao with peacock-feather fan. A coiling golden dragon completes the scene.","Zoro demands Sham hand over his swords, but Sham refuses. Sham tosses Zoro's swords aside so he can fight Zoro, which annoys Zoro deeply. Zoro cuts Sham, believing Sham is finished, Zoro heads for his swords only to find Sham has survived on the account of the fact all Zoro managed to cut was his shirt because Sham is really skinny. Buchi enters the fight as Sham holds Zoro against the ground. Zoro manages to toss Sham aside and barely dodge the attack; the ground breaks where Buchi impacts it.

Zoro realizes that he has to fight with one sword against the pair and there is nothing he can do, and he also notes if Buchi hits him with that technique, he will break every bone in his body. The pair strike at Zoro in a fury of cat scratches, and Zoro can only defend against the pair for now. Usopp fires his slingshot in an attempt to aid Zoro, but Zoro takes the damage, leaving himself to be hit by Buchi. Nami angrily tells Usopp off for his failed attempt, but Usopp tells Zoro took the hit on purpose. Zoro yells on them that if they hit the pair, the Nyaban brothers will go after them instead.

Nami attempts to get Zoro's swords for him, however as she approaches so does Jango and he slashes her side with his ring. Suddenly, Jango gets a bad feeling come over him and the Nyaban brothers both become incredibly frightened. On top of the slope stands Kuro. Kuro demands to know why dawn has passed and his plan is not in motion."
33,Animal Theater: Zoro and Nami soar through the sky in biplanes; along for the ride on Zoro's plane are Luffy and a massive gorilla.,"Kuro demands to know how the Black Cat Pirates were beaten by a bunch of children. Jango states it was Kuro himself that said Usopp would not be a problem, but Kuro just states that the Black Cats are weaker than he thought they were.

Buchi and Sham cannot believe what they are hearing. They try to argue that while Kuro has been leading a peaceful existence in the village, they have been fighting hard against other pirates and plundering other villages and that in three years they have gotten a lot stronger. They attempt to kill Kuro before he kills them, but to their horror Kuro dodges the attack. He appears behind them but when they turn to strike, he once again appears behind them again with his special weapons, the Cat Claws, pointing at the pairs' throats. Jango comments how, with those weapons, Kuro can move silently and that Kuro's habit of lifting up his glasses still makes his hair stand on end. Kuro tells the Nyaban Brothers they have 5 minutes to kill them or he will kill everyone.

With renewed hope, the pair rush at Zoro. Nami kicks Zoro his swords, much to Zoro's annoyance. With all three swords in his hands, Zoro easily defeats the pair with a single move. Zoro points his sword at Kuro and states he is next. However, attention is drawn to Buchi, who still has survived Zoro's attack. Buchi demands that Jango hypnotize him so he can continue fighting.

While Zoro tackles the hypnotized Buchi, Nami makes an attempt to wake Luffy up. Jango spots this and throws his ring at her."
34,"Animal Theater: A jam session between the Straw Hats and the Town Musicians of Bremen, featuring the cat on flute, Luffy on cymbals, the dog on fiddle, Zoro on trumpet, the donkey on keyboard, Nami on xylophone, and the rooster on accordion. Backup vocals are sung by a trio of frogs.","Trying to wake up Luffy, Nami just steps on his face as Jango's weapon comes flying through the air towards her. Luffy wakes up, angry Nami stepped on his face, and the ring goes into the back of his head. Kuro is angry because he thought Luffy was already dead. Luffy stops the ring from cutting deep into his skull by stomping his feet hard against the ground. To the horror of the Black Cat Pirates, Luffy takes the ring out of his head and acts as if it was nothing, just saying that it hurt and he wants to know who threw it. The Black Cat Pirates then realize there is no way they can beat him in the 5 minutes Kuro gave them.

Luffy yells at Nami, thinking it was her who threw the ring. But then he sees her bleeding shoulder. Nami tells him to get the fight over and done with, that it is a battle they cannot afford to loose. Luffy's attention turns to Kuro. Kuro tells his former crew that they now have 3 minutes left to kill Luffy, Zoro, Nami and Usopp. The crew state they know they cannot keep to such a short deadline even with Jango and Buchi at their aid.

As Buchi is ordered to go after Zoro while Jango takes on Luffy, attention is drawn behind Kuro. Kaya has arrived to speak to Klahadore. Usopp is horrified she came here. Kuro is surprised to see her here, Kaya explains Merry told her the truth. As Kuro speaks, Kaya begins to realize this is indeed not the Klahadore she knew. She apologizes to Usopp for not believing him. Usopp is angry she did not run away, but Kaya asks him why he is fighting for the village when the other villagers ran him out of town.

She then offers Kuro all her fortune if he leaves the village. Kuro steps in and explains it is not treasure alone he seeks, but also a peaceful life. For the last past three years he has built up a reputation with the villagers, he has created a peaceful life and the incident involving his former crew and her will are all part of the scheme. Usopp tells Kaya to run now that she has spoken to him, but instead she pulls out a gun on him, Kaya demands him to leave.

Kuro comments that she has become ""stronger"" over the last three years. He then recollects the events of the last three years with her, the things they did together but then as a change of tone he calls the events ""stupid things"" and tells her straight he has done everything for her today, the day she dies. Kaya drops the gun as Kuro goes on about enduring the boring days in the past three years. Usopp is angry that Kuro is betraying Kaya's feelings. Usopp attempts to attack Kuro, but Kuro dodges the attack. As Kuro goes to strike Usopp as revenge for hitting him earlier, Luffy intervenes. Luffy punches him and swears Kuro will have a bad day since he hates being punched."
35,"Buggy's Crew Adventure Chronicles, Vol. 1: ""Buggy's Crew, After the Battle.""
Buggy, still missing his entire body save for head, hands, and feet, finds himself in an unknown sea, rowing for his life as a school of man-eating fish pursue his raft.","The Black Cat Pirates are amazed Luffy hit Kuro from down at the bottom of the slope. Although Kuro just lays there, his former crew are aware this silence means Kuro is angry now.

Before anything else can happen, the rest of the Usopp Pirates come running towards Kuro and hit him with various objects (a shovel, a baseball bat, and a frying pan). Ninjin, Tamanegi, and Piiman are all angry that their captain, Usopp, came to fight without them. Usopp begs them to run away, but they only do so when Kuro suddenly appears behind them. Kuro walks past the boys and straight up to Usopp and kicks him hard. Then ignoring Usopp, Kuro asks Luffy if he got his powers from a Devil Fruit. Luffy explains he ate the Gomu Gomu no Mi which made him like rubber. Jango is amazed the rumors are true and that they do indeed exist.

Kuro calls to Jango, telling him to just deal with Kaya and the Usopp pirates while he deals with Luffy. Zoro makes an attempt to block Jango's path to Kaya, but Buchi attacks. Buchi leaps into the air, but Zoro knows Buchi's trademark attack is about to hit him and while it does not hit him, the attack is more powerful than ever. Kuro comments on how Buchi does not know his own strength. Buchi manages to pin Zoro against the walls of the slope, however Zoro refuses to lose to someone he already defeated once before and pushes Buchi away from him.

Jango walks past Zoro, who is still being blocked by Buchi and Usopp can only stare on as his body refuses to move. Usopp gives his Usopp Pirates the most important task of all: protect Kaya and get her to a safe place. They escort Kaya into the forest, with Jango close behind them determined not to let them get away. As Jango goes to throw his ring again, Usopp hits him with his slingshot. Jango turns his attention to Usopp, but he is reminded he has a task to do by Kuro."
36,"Buggy's Crew Adventure Chronicles, Vol. 2: ""Mohji and Cabaji"".
Their captain gone and his two strongest lieutenants badly beaten, the Buggy Pirates are unceremoniously chased out of Orange Town by Chouchou and a mob of angry citizens.","Piiman asks the other Usopp Pirates to look back to see if Jango is following them as they escort Kaya through the forest. Just as they think they are safe, Jango's ring comes flying out through the trees in their direction, barely missing them but cutting up every tree they fly through. Jango tells them he is prepared to destroy the whole forest in order to find them.

The echoes of Jango chasing after the others can be heard back at the coastline. Kuro tells Usopp he has no feelings for Miss Kaya and if she does just happen to survive, he might thank her for being part of his scheme. As Usopp makes a break for it in order to aid Miss Kaya and the others, Buchi makes an attempt to once again get in the way, but Zoro once again blocks, this time he wastes no time with him. As Usopp makes another break for it, he falls to the ground too weak to continue on while Kuro laughs at his efforts. Usopp knows he cannot win, but is prepared to fight anyway.

Buchi tosses Zoro aside again. The other Black Cat Pirates mock Usopp and get a boulder thrown at them from Luffy. Zoro loses his temper at Buchi and finally makes the finishing strike against him. With Buchi out of the way, Zoro takes Usopp and heads out after Kaya and the others. Kuro attempts to prevent Zoro and Usopp from leaving, but Luffy sees to it that they are allowed to leave. Unfortunately, Kuro dodges the attack. Kuro then strikes back at Luffy, whom in turn strikes at him. Kuro now concentrates on Luffy only. Kuro asks Luffy why he fights for the village as an outside. Luffy tells him there is someone in the village he won't let die.

In the forest, Zoro's bad sense of direction is hindering his attempt to locate Kaya, even with Usopp's help. Elsewhere in the forest, Kaya is beginning to feel the height of her illness as the running around is bringing on her fever. The Usopp Pirates urge her on, but she asks them to leave which they refuse to. Jango finally catches up with them."
37,"Buggy's Crew Adventure Chronicles, Vol. 3: ""Buggy's Adventure""
Having made landfall, Buggy immediately starts hunting the first animal he sees: an apparently-defenseless chick.","The battle between Kuro and Luffy begins, and Luffy is unable to gain an upper hand against Kuro as he is too quick and agile. After a few punches, Kuro lands on Luffy's arm and heads straight for him. Luffy gets a kick to the face for his efforts and is knocked away. The Black Cat Pirates cheer Captain Kuro on, but Kuro reminds them that they should not be calling him that anymore.

Kuro flashbacks to 3 years ago. On board his ship, where he has summoned Jango. He announced his desire to give up being a pirate and told Jango he could be captain. His crew informed him a Marine ship had been spotted, which Kuro commented was the third time this week. Jango pointed out, that after they defeat the Marines they would become more famous, which Kuro confirmed that Jango is correct on that much so he would stop being Kuro. When Jango laughed since the Marines would chase him to death, Kuro announced he would kill himself.

On deck a crew member asked if he should fire the cannons, Kuro stated that he should just lower a small boat and then head towards the Marine ship alone. When all was silent, the crew prepared the cannons, believing Kuro is dead. However upon investigating the ship, they found Kuro had killed all the Marines onboard himself. Kuro started his plan by approaching a Marine who happened to be alive and stepped on his jaw to break it. To Kuro's amazement, the Marine talked back even with a broken jaw. Since the Marine spoke back, Kuro announced he could be the one to take the great Captain Kuro back alive.

Dressing up a member of the crew to look like Kuro, Jango hypnotized the unfortunate crew member into believing he was Kuro. Then the Marine was hypnotized into believing he had captured Kuro. The pair sail away and Kuro smiled as he watched, knowing soon the world would believe Kuro was dead and he could begin the rest of his plan.

In the present, Kuro asks Luffy if now he knows what he wants. Kuro once again attacks Luffy, Luffy reacts by shoving a rock in one of Kuro's Cat Claws, then he turns with the rock in his hands and snaps the Claw's blades. Luffy then says to Kuro  he shouldn't have been a pirate to begin with if he didn't want the fame that follows with it. Luffy then goes on about his own plan to become Pirate King."
38,"Color Cover: The Straw Hat Pirates summit a mountain; while Zoro sightsees, Usopp blows a conch, and Luffy yodels, Nami finds a goat eating her maps.","On the coastline, Kuro lays flat on his chest after Luffy has broken one of his Cat Claws. He gets up, the Black Cat Pirates encourage Kuro to kill Luffy and call his real name and not his fake name, which they remember that he told them not to call him Kuro. Kuro tells them to shut up, he already plans to kill the crew, including Jango once his plan is successful.

Back in the forest, Jango is having a hard time trying to hypnotize Kaya. She refuses to open her eyes. The Usopp Pirates (minus Usopp) lay pretending to be asleep having already been hypnotized themselves. When she refuses, he tries to force them open, the Usopp Pirates then attack, throwing pepper in his eyes and kicking him in the groin. When Jango recovers, Kaya and the others have departed. As Jango wanders through the forest, looking for them, they ambush him. Zoro and Usopp hear their voices in the forest and go to check out the noise. The Usopp Pirates continue their attack on Jango, who throws Onion into a tree as he fights back.

Back at the coastline, Kuro explains things would be more realistic if a few of the crew died here and that he planned on not letting any of his crew live in the beginning. In order to wipe out the name of Kuro, not only must his plan succeed, but his crew must die also so there is no one left who knows he is still alive. As Luffy speaks his mind about Kuro's ideas, Kuro return says more about the opinions of his own crew saying that in a true pirate fleet, all the member are pawns for the captain and should always follow orders no matter the sacrifice. Luffy states Kuro cannot beat Usopp even with the number of crew members he has. Kuro, humored by the thought, asks why to which Luffy replies its the way Kuro thinks. After punching Kuro, Luffy then states that he does not know what being a true pirate is.

After Luffy's hit and remark, Kuro tells Luffy he had insulted him and states he will show him about what being a pirate is. Kuro does a strange stance, seeing it makes the other Black Cat Pirates panic. They each beg him not to use that move while a clueless Luffy watches on.

On board the Black Cat Pirates' ship, Nami with the crews treasure, watches, wondering if the fight is over. Suddenly the crew begins to be cut up, which Luffy cannot figure out how Kuro got past him so fast. The crew state that Kuro will not stop this technique until he grows tired and there is no use trying to talk him out of it. Luffy is angered at the sight of Kuro cutting up his own crew, much to the amazement of Nami."
39,"Buggy's Crew Adventure Chronicles, Vol. 4: ""Buggy and the Big Bird""
Finding that the chicks he planned to eat are protected by a huge parent who intends to eat him, Buggy runs away in terror.","Luffy and Nami are still watching as Kuro continues to cut up the other Black Cat Pirates. Suddenly, Luffy is wounded by Kuro but he keeps his ground and grabs Kuro's jacket and throws him to the ground. Kuro mocks Luffy, saying he should have stood still so Kuro could kill him easier, and because Luffy stops him moving, his crew are still alive and suffering. Kuro goes to do his move again, but this time Luffy grabs him and holds him tight. Kuro is unable to move.

In the forest, Kaya agrees to sign the will if Jango stops hurting the Usopp Pirates. Jango throws them against trees and turns to Kaya, who has his hypnotizing ring and threatens to kill herself with it if he does not do what she says. Jango panics, because if he does not get the will signed before her death he is in trouble. While Kaya signs the will, the Usopp pirates pretend to be hurt. They discuss their options and agree that just because their losing does not mean they can run away. With the will signed, Jango now prepares himself to kill Kaya.

Zoro and Usopp spot them. Zoro tosses Usopp aside to stop Jango. As Jango goes in for the kill the Usopp Pirates ram a shovel between the cheeks of his rear. Angrily he kicks them aside and goes to kill Kaya, stating to Zoro he is too late to save her. But Zoro states it wasn't his goal to do so, he cuts some branches blocking a clear shot of Jango from Usopp. With the branches out of the way, Usopp now can fire a clear shot at Jango with his slingshot.

Back at the coastline, Kuro's crew cheer Luffy on. Luffy throws his head back and stretches his neck far enough back to tell the Black Cat pirates to stop cheering for him. Kuro in shock just keeps on about how his plan will not fail.

Jango is hit by Usopp's slingshot and at that same moment, Kuro also falls as Luffy pulls his head back and rams it into Kuro."
40,"Buggy's Crew Adventure Chronicles, Vol. 5: ""Battle of Wits""
A gloating Buggy sets a crude pitfall for Big Bird, who proves intelligent enough to easily uncover the trap.","Kuro falls to the ground with Luffy still holding onto him. The Black Cat Pirates are amazed Luffy was able to do so and cannot understand how. They demand to know who he is. Luffy explains he will never lose to a pirate who leaves the sea behind and that a pirate only leaves his name when he dies. Luffy tells them he will become the greatest pirate in the world. Luffy tosses Kuro at the pirates and tells them to leave and never come back again, and all the crew members run away. Luffy collapses, and Nami catches him. With the crew rushing to get away, Nami talks about pirates.

In the forest, Zoro ties his bandana around his arm and walks through the forest away from the defeated Jango.

Elsewhere in the forest Usopp has a chat with his Usopp Pirates and Kaya. He asks them to keep the event a secret form the rest of the village, even with pleas from all, he explains he is a liar, no one would believe them anyway. Usopp explains there will be no other pirate attacks, that life must continue on as normal with no one worrying over the possibility of what can happen. Everyone promises to keep the event a secret for the rest of their lives.

Back in the village, seven o'clock passes by and everyone notices something is missing as Usopp has not done his usual antics. Piiman, Ninjin and Tamanegi return home and get scolded by their parents for one thing or another related to the events of Kuro's plan. At the coastline, Usopp thanks all the Straw Hat Pirates. Back to the mansion, Kaya tends to Merry's wounds and tells him about her promise.

Elsewhere, near a cliff, Usopp calls together his Usopp Pirates and speaks to them. Usopp declares he will leave the island and become a real pirate, to which the others are shocked. He recalls the day he met them. He asks them to chase their dreams and with a tearful farewell between all four members, the Usopp Pirates are declared defunct."
41,Color Cover: A young Luffy poses for a picture with the Red Hair Pirates.,"After a hard battle, Nami, Luffy and Zoro are seen eating in a local restaurant. Suddenly Kaya enters and asks if she can have a word with them. Elsewhere Usopp sits at home after packing his bag, he states it's time to leave his home, however he packed his bag with so much stuff he cannot get out of the door. He rolls away after breaking the door getting out. After rolling away from his house, he smiles and collects his things up again.

Elsewhere, Merry and Kaya show the Straw Hat Pirates the ship they intend to give them, the Going Merry. Nami comments on it being a caravel. Merry explains that he designed the Merry and explains its rudder system, which Nami interrupts and says to just explain it to her. Kaya mentions she stocked up the Going Merry with the necessary food, which Luffy thanks her for, Zoro however tells him off when he gets his thanks wrong (see chapter notes).

Everyone's attention is drawn towards Usopp who is rolling down the slope. Luffy and Zoro stop him using their feet before he hits the ship. When Usopp says he will head out to sea and meet them someday, Luffy and Zoro tell him to just shut up and get on board the ship with them as captain, which Luffy instantly states is his job.

Ninjin, Tamanegi, and Piiman watch them leave, taking their former captain with them. They are happy that although Usopp always lived alone, he is surrounded by strong people now. Piiman has an idea suddenly.

Elsewhere also watching them leave, Merry and Kaya talk. Merry tells Kaya of Usopp's past. When Usopp was young, his father Yasopp left to become a pirate, leaving behind his wife and child, Usopp. His mother fell sick and the day before her death Usopp ran through the village calling that the Pirates are coming, his father was returning to take them away. She knew he was lying, but stated she was proud she had married him and happy he left to pursue his dream and believed that one day he would become as strong as his father. Usopp cried trying to stop her from talking as though she was about to die.

After his mother's death, Usopp was then alone, but he continued to call ""the pirates are coming"", even though he had no need to. Merry stated Kaya needs to continue on and be strong so she does not suffer as he used to as a repayment to him for saving her.

As the crew of the Straw Hat Pirates celebrates a new member and ship, back in the village the three former Usopp pirates prepare themselves. As they call ""The pirates are coming"", Kaya tells Merry she wants to become a doctor someday."
42,"Buggy's Crew Adventure Chronicles, Vol. 6: ""Journey Through the Sky—Part 2"".
Big Bird successfully captures and eats Buggy, only to spit him out due to his awful taste.","On the Going Merry, Luffy displays his concept for the crew's Jolly Roger, a straw hat skull and crossbones. His art skill is terribly lacking, so Usopp decides to show off his artistic ability. After his personal mark is shot down by Luffy and Zoro, the crew and Nami paint the improved Straw Hat emblem on the sails.

After this, Luffy tries to hit a large rock in the sea with one of the ship's cannons, missing each time. Usopp displays his marksmanship, blasting the rock to pieces before quickly being named as the crew's sniper.

In the kitchen, a serious discussion is underway. There is one more position to be filled, something very important for a long voyage. Luffy agrees, and decides that it is time to search for a musician. While the rest of the crew berates Luffy for his lack of vision, a mysterious attacker calls them out. After quickly defeating the swordsman, Zoro is treated to a surprise; it is his old partner Johnny. Johnny's partner, Yosaku, had become gravely ill. Unsure what to do, Johnny went to a rock in the ocean to think, the same one Luffy and Usopp used for target practice. Johnny thinks Yosaku is going to die, but Nami assures him it is just scurvy, and has Luffy and Usopp feed Yosaku some fresh limes.

After recovering, Johnny and Yosaku formally introduce themselves to the crew.

The Straw Hats and Nami decide that they definitely need a cook, and Johnny knows of one good place to look. A few days sailing from their current position is a very special restaurant near the Grand Line, a floating restaurant."
43,"Buggy's Crew Adventure Chronicles, Vol. 7: ""Crash Landing at the Island of Odd Beasts"".
Buggy's landing on a certain island attracts a crowd of bizarre animals—and an even more bizarre man.","As the crew approaches the Baratie, a floating restaurant shaped like a fish, the Marine ""Iron Fist"" Fullbody appears to entertaining a young lady. Johnny and Yosaku hide as to not be seen while Johnny cries over loosing to the captain of a crew that has only existed for few days old. Fullbody acknowledges he knows who the bounty hunting pair are and insults them, they try to attack him but are pummeled for their efforts off-page. Luffy insults them for ""sucking"" at what they are. Fullbody gives them a warning he is off duty and will not defeat them this time, however if they are a problem again he will simply beat them.

When Jonny fell to the ground, wanted posters flew out of his pocket, Nami picks one up and is suddenly distant. Despite what he said, Fullbody goes back on his word and decides to sink their ship. Luffy blows up like a balloon thanks to his Gomu Gomu no Mi powers and sends the cannonball back. However, he misses and hits the Baratie by mistake.

Inside, Fullbody and his date for the day are enjoying a meal, she notices all eyes are on him but he flatters her by saying all eyes are on her. He then drinks some wine and attempts to identify it asking for confirmation from the waiter, but the wine he ordered ahead of his date was not the wine he was given and the waiter turns out to be the sous chef, Sanji. Having being left red faced, Fullbody gets comments from his date.

Meanwhile, Luffy is pulled up by Zeff the head chef. A deal is struck that Luffy must work for 1 year to repay his debt. Luffy's crew wonders where Luffy has got up to.

Fullbody attempts to get back at Sanji by putting a fly in the soup he was given. Sanji flirts with his date and when the insect is pointed out, Sanji passes it off and just says he is not an insect expert. With his date now laughing in his face, Fullbody smashes the table to the ground. Sanji just passes it off, saying he can take the insect off since its not important as Fullbody has finished his meal anyway. With his date screaming to stop, Fullbody goes to hit Sanji. The other chefs beg Sanji to not react. Fullbody is left bloodstained as Sanji beats his ideals as a chef into him. He passes a comment that he should not berate a chef in the middle of the sea as it is suicide."
44,"Color Cover: The Straw Hat Pirates feast on giant apples, Zoro and Usopp straining to squeeze out the juice.","Luffy is trying to work out a much shorter time for working at the Baratie then the one Zeff proposes. But Zeff states he did the damage and now must repair it. When Luffy rudely states he will not accept, Zeff kicks him with his peg leg and offers a much faster way of repairing his debt; have one of his legs cut off. Luffy refuses once more and berates Zeff causing the chef to kick at him once more.

Meanwhile Patty is preparing himself to greet customers, although he means well in practice he is getting everything round the wrong way. To his horror, when he finally goes to work, Sanji is holding the bloodstained Fullbody by the neck. The two insult each other before breaking into a fight. However when Fullbody threatens to have the place shut down, Sanji simply states he cannot let the Marine live now. The other chefs grab Sanji to prevent the Marine from being killed, at that moment Zeff and Luffy come crashing through the ceiling. The two get up and continue to argue, Zeff's attention is drawn to Sanji as the other chefs plea for his behavior to stop. After stopping Sanji with a kick, Zeff kicks out Fullbody who comments these chefs are no better than pirates.

At that moment Fullbody's attention is drawn by one of his men who reports the prisoner has escaped from his cell and 7 of Fullbody's men could not stop him. Fullbody dismisses it, stating that he was starving when they found him and had gone for the last 3 days without any food given to him. When the Marine asks for forgiveness, the prisoner appears and shots the Marine to the ground with a single shot. He walks in and sits at a table with his feet up on it. Patty walks up to the man and treats him with respect to the horror of the other customers. When Gin threatens to pay for his food with bullets since he has no money, Patty clobbers the man, breaking one of Zeff's chairs. Patty kicks the man about to the cheering of the customers while Fullbody makes an escape.

Outside the restaurant, the man lays hungry, Sanji appears and gives him food. Sanji is happy at the man's reactions, who comments its the best food he has had in his life. Luffy comments on he has found his chef."
45,"Color Cover: The Straw Hat Pirates, all dressed in formal black clothing, lounge on a marble staircase. On the balustrade is perched a black cat; behind it, ""NEIGHBOURS"" is scrawled in red paint.
It was later used as the cover of Volume 6, which opened with this chapter.","Luffy offers his amazement that Gin's meal saved him from death, and asks Sanji to join his crew. After introductions are made, Sanji tells Luffy that Zeff used to be a pirate himself, and the Baratie is the old man's treasure. On top of that, all the other cooks are pirate-types themselves. In a restaurant frequented by pirates, they are perfect for the job, but the waiters could not handle the fighting and quit. Luffy realizes that's why Zeff wanted him to work for a year, and repeats his offer to Sanji. Sanji refuses, and will not say why. Gin, an officer under Don Krieg, asks what Luffy plans to do, and Luffy tells him his goal of finding the One Piece. Gin warns Luffy to not enter the Grand Line, despite not knowing that much about it himself.

In the kitchen, the other cooks warn Patty that his treatment to Gin might attract Don Krieg. What makes Krieg so fearsome is that his 'crew' consists of 5,000 men, divided into fifty fleets. Patty is not scared, however, and says that giving the pirate free food would have an adverse effect on the paying customers. The fighting cooks of the Baratie have chased off attacking pirates before, and if they do not like it they can quit. Fellow cook Carne points out that's what he told the waiters. Before the argument could turn physical, Zeff shows up to quell the violence.

Outside, Luffy and Sanji bid farewell to Gin, who sails off. When Zeff appears to call the boys back to work, Sanji sends the plate he served Gin's meal on overboard, removing any 'proof'.

In the kitchen, Luffy declares that he's now Chore-Boy, and after breaking several dishes, is told by Patty to wait on customers. In the dining hall, Luffy is furious to find his crew and Nami relaxing while he's stuck working. Sanji then appears and proclaims his love to Nami, poetically lamenting the 'obstacles' between them. Zeff shows up out of nowhere and says that Sanji can go be a pirate, he's not needed at the Baratie.

Elsewhere, Gin has made it back to his crew and tells his boss, Don Krieg, that he can take the crew to the Baratie."
46,"Buggy's Crew Adventure Chronicles, Vol. 8: ""Battle In the Forest of Judgment"".
While the other Rare Animals look on, Buggy and Gaimon come to blows, detachable hands against loaded pistol.","After Zeff asks Sanji to leave the restaurant, they start a fight. Sanji claims that he will not go until Zeff dies, which Zeff answers that he will live another hundred years.

After this interruption, Sanji continues to serve the Straw Hat table. However, he shows favor to Nami as a female. Usopp becomes agitated with Sanji's discrimination. Nami quickly realizes her advantage and plays up to Sanji asking for free food. When Zoro tells her that she is tricky, Nami warns them that they should be careful too.

Two days later, Don Krieg galleon appears. The Chefs and clients are frightened due to his reputation. However, it quickly becomes apparent that Krieg's ship is in a pitiful shape. An agonizing and frail Don Krieg enters the restaurant with the support of Gin and begs for food and water.

Patty's reaction is to call the marines so that they could benefit from his weak state. However, like he did for Gin, Sanji returns with some food, despite Carne's warnings about the pirate's treacherous past. When Carne finished speaking, Don Krieg strikes Sanji and in front of a shocked Gin, claims that he wants the restaurant ship for himself."
47,"Buggy's Crew Adventure Chronicles, Vol. 9: ""You're a Freak Too"".
Fascinated by each others' bizarre physiques, Buggy and Gaimon become friends; as night falls, they party with all the animals of the island, feasting on fruit and handmade liquor.","The chefs of the Baratie begin to flee, believing there to be no hope for survival. Gin begs for Krieg to stop what he is doing, because Krieg had promised him earlier that he would not hurt anybody at the restaurant. Krieg elaborates on his statement, saying he needs the new ship because his old one is worn out. He begins to tell them about his crew and how they are all starving or critically wounded. He demands that the chefs make his crew food at once, but the chefs refuse. Krieg gets mad, but suddenly, Sanji stands up and begins to head to the kitchen.

The chefs of the Baratie pull out their guns and point them at Sanji, telling him they will not let him make food for any more pirates. Sanji explains that he must do it because it is his duty as a chef. Patty takes matters into his own hands and knocks Sanji down and tells him he cannot allow him to become involved in the matter. Patty then pulls out his meatball cannon and fires it at Krieg. The chefs believe him to be defeated, but Krieg gets back up and shoots all the chefs with his pricks.

Krieg states that he is the strongest and that those who defy him must die. He begins to brag about his suit of armor, weapons, and battle experience. He demands they follow his orders due to his extensive and violent past. Suddenly, Zeff appears with a bag of food and hands it to Krieg. The chefs begin to complain, but Zeff then explains that the Krieg Pirates are nothing more than defeated warriors of the grand line. The chefs are shocked to hear this, and Krieg realizes who Zeff really is; Red-Leg Zeff."
48,"Buggy's Crew Adventure Chronicles, Vol. 10: ""Farewell To A Worthy Foe.""
On the following day, Gaimon helped Buggy build a new raft. Parting on good terms, Buggy once again casts off into the unknown.","Don Krieg is surprised to learn that Zeff is alive. Zeff replies nonchalantly to Don Krieg that it has nothing to do with him, whether he is dead or alive, and that he is living as a cook now. Krieg is amused and comments that, from his point of view, Zeff is not living as a chef by choice, but because it is the only thing he can do. Zeff is angered but does not say a word.

Krieg then proceeds to tell the story of Red Leg Zeff, a once-infamous pirate who refused to use his hands in battle as he was a master of kicking. His destructive kicks could pulverize bedrock and leave a clear imprint on steel. He was both the chef and captain of his own crew, and he obtained his epithet, Red Leg, from his legs being dyed in the blood of his enemies after a fight. According to rumors, Zeff was supposed to have died in a shipwreck. Krieg deduces that Zeff only managed to survive the shipwreck by sacrificing his leg. Therefore, Krieg concludes that Zeff is unable to fight anymore, forcing him to retire as a pirate and become the chef of the Baratie. Sanji is visibly shocked upon hearing the story, but Zeff acts indifferent, saying that he still has his hands, which allows him to cook.

Zeff questions what Krieg is getting at, and Krieg replies that since Zeff once traveled to the Grand Line and returned safely, he must have a log of this journey and that he wants it for his future journeys. Luffy shows excitement upon hearing about the chef's expedition to the Grand Line. Confidently, Zeff confirms that he does indeed have a log but refuses to hand it over since he sees it as a memento of his former life.

Frustrated, Krieg declares that he will then have to take Zeff's log by force. Krieg acknowledges that he came back from the Grand Line defeated, but claims this is only due to a lack of information. Upon stating this, Krieg again declares that he will steal Zeff's log, along with the Baratie. This angers the Baratie chefs, and they declare that they will not let Krieg take their home from them. The chefs advance towards Krieg but get pushed back by his attacks. Krieg laughs and claims that once he gets Zeff's log, he will reassemble his pirate fleet and then find The One Piece in order to become the greatest pirate of the era. This causes Luffy to stand up and challenge Krieg, worrying the Baratie chefs. Luffy states that he will become the Pirate King. Zoro, sitting next to Usopp at a table, casually asks Luffy if he needs a hand. Luffy says that there is no need, as he can handle it himself. Krieg laughs at Luffy's small crew and tells Luffy to stop messing around. Krieg tells Luffy that even with his fleet of 50 ships carrying a crew of over 5,000 people, they were wiped out in a week, which Krieg still claims is due to a lack of information. This intrigues Zoro but terrifies Usopp.

As Krieg demands food for his crewmates, the Baratie chefs clearly deny him. Weakened by the past experience and struggle, Zeff hands over the food for Krieg's crew. Krieg then leaves the restaurant to feed his starving crew and gives everyone an ultimatum: either hand over Zeff's log and the Baratie ship, or they will all die. Claiming ignorance, Gin apologizes to Sanji, but Zeff dismisses the need for an apology. The Baratie chefs accuse Zeff of siding with Sanji, the man they insist is trying to destroy the restaurant. The head chef silences them, justifying Sanji's actions by asking if any member of the staff has ever experienced starvation. After the situation is controlled, the ultimatum leaves the chefs in a dilemma: either fight or run away. They end up deciding to protect the Baratie, as it is the only place where they all feel accepted. Meanwhile, Gin tries to discourage opposition. Sanji explains to Gin that, even if he feeds anyone who is starving, the enemies of the Baratie are already fed, so he will not hesitate.

Luffy sits next to Usopp and Zoro and asks if his crewmates also approve of Sanji, but Usopp is exclusively terrified about the imminent attack. After Luffy asks Gin about his knowledge of the Grand Line, Gin tells them of the fierceness of the ocean, especially after the crew was almost annihilated by just one man. This revelation causes a commotion in the restaurant. Furthermore, when Gin discloses that the one responsible for his crew's demise is Dracule Mihawk, Zoro appears alarmed."
49,Color Cover: Nami relaxes with a giant seagull in sailor cap (labeled MARINE) and kerchief; behind stands a picket fence and a mailbox holding Luffy's straw hat.,"Zeff knows of a man with ""hawk eyes"" who seems to fill Gin's description. While the eyes alone aren't enough of a giveaway, the fact that he destroyed Krieg's entire fleet is more than enough proof that he is referring to the man he is thinking of. As Usopp and Luffy discuss never hearing of him, Zoro clarifies that is in fact the man he is looking for. Zoro's puzzled look from the previous chapter comes from the fact that he is looking for that same person, and that he was thought to be found nearby, according to some information Johnny gave him. As some of the chefs discuss a previous customer who get really drunk, Zoro decides that Johnny must have gotten his information mixed up. Sanji asks if perhaps the hawk-eyed man bore some kind of grudge against them, but Gin states that he recalls nothing like that, and that he just attacked them. Zeff proposes that maybe they disturbed his afternoon nap, enraging Gin at the possibility of that being the only reason. Zeff implores him not to get so upset, as such a thing is common in the Grand Line. This further excites Luffy, and he consequently decides that they must go to the Grand Line. Zoro agrees that his goals are undoubtedly tied to the Grand Line, prompting Sanji to label them all as idiots who would rush to their deaths. Zoro acknowledges that Sanji may be right, but warns against calling them idiots. He explains that the day he decided to become the World's Greatest Swordsman, he threw away all attachment to his own life, and thus he is the only person who has a right to call him an idiot. Luffy and Zoro chime in agreement. While Sanji expresses his disapproval, their conviction noticeably stirs something in him, prompting a smile from Zeff. Patty rushes in and reminds them all that Don Krieg's fleet is still parked in front of their ship.

Meanwhile, Don Krieg's crew recovers thanks to Zeff's food offering. They are rejoicing at being saved, and finally making it back from the Grand Line, which is also known as the ""Pirates's Graveyard"". However, Krieg tells them the plan is to actually return to the Grand Line. When he sees the lack of motivation in his men to return to where they were almost killed, he fires on a man who criticizes his decision. The crew quickly changes their mind and obey Krieg's orders. He then explains that they will steal the Baratie, not worried about the opposition since they are mere chefs.

When Krieg's men attack the restaurant, their galleon is suddenly cut in half. The men are in disbelief as nasty waves rock the boat. Krieg's subordinates try to tell him that the ship has been cut, but he refuses to believe that someone could cut a ship as big as theirs. Luffy, Zoro, and Usopp worry for the others, remembering that the Going Merry was outside in close proximity as well. When they head to where they left the Going Merry, they find Johnny and Yosaku almost drowning without a ship. The bounty hunters tell them the abominable truth; Nami fled with the Going Merry and all their belongings. At the same time, Zeff looks and notices a man on a small boat drifting towards them."
50,"Buggy's Crew Adventure Chronicles, Vol. 11: ""Crab Attack"".
Buggy finds his raft attacked and scuttled by a giant crab.","As the Krieg Pirates find themselves reeling from the devastating attack to their ship, Johnny again apologizes for allowing Nami to escape them with the Going Merry. In a flashback, Nami was looking through known bounty posters, having stopped at a particular one for  20,000,000. Nami then started to act strange, furthering Johnny and Yosaku's interest. They tell her that the pirate featured in the poster had been quiet for a while, but recently started rampaging again. As they are talking, she moves Johnny and Yosaku's treasure to the Going Merry's deck and asked them to turn around as she changed clothes. While the two fought their temptation to peak, they were suddenly pushed overboard by Nami. Nami told them she had a nice time, but since she was a pirate thief, there were no exceptions. She says goodbye, and tells them that if fate truly links them, then they will meet again.

In the present, Zoro and Usopp are upset (Zoro for being betrayed, Usopp for losing the Going Merry). Luffy spots the ship on the horizon, and tells his crewmates they're going after her. Zoro tries to say that no good will come of chasing after a thief like Nami (To which Usopp retorts she stole their ship), but Luffy tells them that he will accept no one else as their navigator. Zoro wonders why he followed such a troublesome captain, but nevertheless agrees with his captain's orders and prepares to set sail along with Usopp, Johnny, and Yosaku on their ship. Luffy is not able to join as he still has debt to repay to Zeff, and Zoro warns him to be careful. As they begin to part ways, one of Don Krieg's subordinates yells to him that the man who destroyed their fleet has returned to kill them all.

Aboard the Baratie, the chefs discuss the man slowly drifting towards them, before Zeff confirms his identity: the ""Hawk-Eyes"" man is introduced as Dracule Mihawk, the world's greatest swordsman. Zoro is in absolute disbelief, and the Krieg Pirates demand to know why Mihawk has followed them. He tells them it was simply to ""kill time"" inciting the anger of one of the pirates to the point he attempts to shoot him. Mihawk draws his blade and easily redirects the bullets away from himself. While some Krieg Pirates believe he simply missed, Zoro corrects them and tells them that he actually changed the trajectory of the bullets with his blade. Zoro tells Mihawk that he's never seen such a sword handled so gracefully, with the Master Swordsman replying that there is no strength in swordplay without grace. Zoro asks Mihawk if he cut the ship as well. When Mihawk affirms, Zoro is absolutely certain that he is indeed the strongest in the world, a goal he tells Mihawk that he himself is trying to reach. He then challenges Mihawk to a duel as Mihawk said he was looking to kill time, as the Krieg Pirates and the Baratie staff realize Zoro is indeed the ""Pirate Hunter"" they've heard of before. Usopp tries to warn Luffy that the Going Merry is getting farther away from them, but he ignores it as he has now become focussed Mihawk and Zoro. Mihawk disembarks his ship and approaches Zoro, but doesn't seem interested in dueling him and calls him a weakling. He tells Zoro that if he were truly a great swordsman, then the difference in their powers would be obvious without the need to cross blades, and asks if this desire to duel comes from his conviction or ignorance, Zoro replies that he is doing this for his own ambition, and to fulfill a promise to a friend.

The scene then changes to Nami sailing away on the Going Merry, she has already begun to miss the crew. She comments to herself about how she thinks  they are good people, and wonders if they will still call her a friend when they meet again, if they meet again. As the scene gets closer to her face it's revealed that she is crying, saying that she just wants to be free, and addressing someone named Bell-mère."
